/*
SQLyog Ultimate v11.24 (32 bit)
MySQL - 5.5.41 : Database - shopping
*********************************************************************
*/

/*!40101 SET NAMES utf8 */;

/*!40101 SET SQL_MODE=''*/;

/*!40014 SET @OLD_UNIQUE_CHECKS=@@UNIQUE_CHECKS, UNIQUE_CHECKS=0 */;
/*!40014 SET @OLD_FOREIGN_KEY_CHECKS=@@FOREIGN_KEY_CHECKS, FOREIGN_KEY_CHECKS=0 */;
/*!40101 SET @OLD_SQL_MODE=@@SQL_MODE, SQL_MODE='NO_AUTO_VALUE_ON_ZERO' */;
/*!40111 SET @OLD_SQL_NOTES=@@SQL_NOTES, SQL_NOTES=0 */;
CREATE DATABASE /*!32312 IF NOT EXISTS*/`shopping` /*!40100 DEFAULT CHARACTER SET utf8 */;

USE `shopping`;

/*Table structure for table `shopping_accessory` */

DROP TABLE IF EXISTS `shopping_accessory`;

CREATE TABLE `shopping_accessory` (
  `id` bigint(20) NOT NULL AUTO_INCREMENT,
  `addTime` datetime DEFAULT NULL,
  `deleteStatus` bit(1) NOT NULL,
  `ext` varchar(255) DEFAULT NULL,
  `height` int(11) NOT NULL,
  `info` varchar(255) DEFAULT NULL,
  `name` varchar(255) DEFAULT NULL,
  `path` varchar(255) DEFAULT NULL,
  `size` float NOT NULL,
  `width` int(11) NOT NULL,
  `album_id` bigint(20) DEFAULT NULL,
  `user_id` bigint(20) DEFAULT NULL,
  `config_id` bigint(20) DEFAULT NULL,
  PRIMARY KEY (`id`),
  KEY `FK9BF2D721537B6C51` (`user_id`),
  KEY `FK9BF2D7218603E3C3` (`album_id`),
  KEY `FK9BF2D721707C8F90` (`config_id`),
  KEY `FK351798FBB7C6737F` (`config_id`),
  KEY `FK351798FB1E208F02` (`user_id`),
  KEY `FK351798FB10031732` (`album_id`),
  CONSTRAINT `FK351798FB10031732` FOREIGN KEY (`album_id`) REFERENCES `shopping_album` (`id`),
  CONSTRAINT `FK351798FB1E208F02` FOREIGN KEY (`user_id`) REFERENCES `shopping_user` (`id`),
  CONSTRAINT `FK351798FBB7C6737F` FOREIGN KEY (`config_id`) REFERENCES `shopping_sysconfig` (`id`),
  CONSTRAINT `FK9BF2D721537B6C51` FOREIGN KEY (`user_id`) REFERENCES `shopping_user` (`id`),
  CONSTRAINT `FK9BF2D721707C8F90` FOREIGN KEY (`config_id`) REFERENCES `shopping_sysconfig` (`id`),
  CONSTRAINT `FK9BF2D7218603E3C3` FOREIGN KEY (`album_id`) REFERENCES `shopping_album` (`id`)
) ENGINE=InnoDB AUTO_INCREMENT=426498 DEFAULT CHARSET=utf8;

/*Data for the table `shopping_accessory` */

LOCK TABLES `shopping_accessory` WRITE;

insert  into `shopping_accessory`(`id`,`addTime`,`deleteStatus`,`ext`,`height`,`info`,`name`,`path`,`size`,`width`,`album_id`,`user_id`,`config_id`) values (1,NULL,'\0','jpg',300,NULL,'good.jpg','resources/style/common/images',30236,430,NULL,NULL,NULL),(2,NULL,'\0',NULL,0,NULL,'member.jpg','resources/style/common/images',0,0,NULL,NULL,NULL),(3,NULL,'\0',NULL,0,NULL,'store.jpg','resources/style/common/images',0,0,NULL,NULL,NULL),(4,'2016-04-02 18:29:19','\0','jpg',490,NULL,'4a8f8680-66ba-4276-8507-3c838a229558.jpg','upload/advert',173737,1200,NULL,NULL,NULL),(5,'2013-12-23 21:10:04','\0','jpg',133,NULL,'a4c98822-aab4-42ba-af94-ab653ffba7ba.jpg','upload/advert',27954,107,NULL,NULL,NULL),(6,'2013-12-23 21:10:44','\0','jpg',96,NULL,'0e706092-9910-4522-9613-6331e170933e.jpg','upload/advert',42649,960,NULL,NULL,NULL),(7,'2013-12-23 21:11:06','\0','jpg',210,NULL,'d7425957-e056-413c-bec1-afff1c81a79a.jpg','upload/advert',43086,210,NULL,NULL,NULL),(8,'2013-12-23 21:11:20','\0','jpg',96,NULL,'4d5fd7d9-b672-45b2-94cb-1e9f1e5d5d25.jpg','upload/advert',42649,960,NULL,NULL,NULL),(9,'2013-12-23 21:14:09','\0','jpg',249,NULL,'492d7eaa-0a72-4f4f-b3e7-2d46d3378d23.jpg','upload/advert',89553,729,NULL,NULL,NULL),(10,'2016-04-02 18:34:15','\0','jpg',490,NULL,'e76dc3a6-b8fa-4395-8906-e13d8ab43198.jpg','upload/advert',173737,1200,NULL,NULL,NULL),(11,'2016-04-02 18:34:30','\0','jpg',490,NULL,'404791b4-23bb-497e-9582-582d1f98bd0d.jpg','upload/advert',194674,1200,NULL,NULL,NULL),(12,'2016-04-02 18:30:43','\0','jpg',490,NULL,'c3511da7-6cb7-42c9-ae16-213c20b04d0d.jpg','upload/advert',135844,1200,NULL,NULL,NULL),(13,'2016-04-02 18:31:05','\0','jpg',490,NULL,'7233d29a-2ee4-4ecd-ade3-3a64146e344c.jpg','upload/advert',143227,1200,NULL,NULL,NULL),(14,'2016-04-02 18:35:01','\0','jpg',490,NULL,'cc561a28-6272-4775-96aa-4fdf74e843f8.jpg','upload/advert',118595,1200,NULL,NULL,NULL),(15,'2013-12-23 21:17:51','\0','jpg',280,NULL,'f51b6258-fbea-4811-8aaf-581b5f4c7ae7.jpg','upload/advert',129387,740,NULL,NULL,NULL),(16,'2013-12-23 21:18:01','\0','jpg',249,NULL,'a84b012a-ccb0-4dd4-9e1e-e6d9778a9548.jpg','upload/advert',117321,729,NULL,NULL,NULL),(17,'2013-12-23 21:18:14','\0','jpg',280,NULL,'743763fe-6762-471b-b875-b7f63e29485a.jpg','upload/advert',212430,740,NULL,NULL,NULL),(18,'2013-12-23 21:18:26','\0','jpg',249,NULL,'21069651-a11f-482b-b17c-e124beb663ef.jpg','upload/advert',89553,729,NULL,NULL,NULL),(19,'2013-12-23 21:19:01','\0','jpg',133,NULL,'6849abf4-4dc1-4f68-85b8-28cf4023219c.jpg','upload/advert',27898,107,NULL,NULL,NULL),(20,'2013-12-23 21:19:16','\0','jpg',133,NULL,'3f77f2b5-2dee-436a-a87b-24c021594015.jpg','upload/advert',30221,107,NULL,NULL,NULL),(21,'2013-12-23 21:19:33','\0','jpg',133,NULL,'54da8cb3-eb3d-4738-8cc1-1caae3d91d85.jpg','upload/advert',27310,107,NULL,NULL,NULL),(22,'2013-12-23 21:19:51','\0','jpg',133,NULL,'c75ac72a-4a2b-428c-bed4-5907a183197e.jpg','upload/advert',27059,107,NULL,NULL,NULL),(23,'2013-12-23 21:20:49','\0','jpg',133,NULL,'df179898-3ab8-4292-ad1a-e9a73a1342bf.jpg','upload/advert',29776,107,NULL,NULL,NULL),(32768,'2013-12-24 09:41:36','\0','jpg',16,NULL,'150ea9d4-fea4-4115-b640-ca6f37eed8c3.jpg','upload/spec',692,16,NULL,NULL,NULL),(32769,'2013-12-24 09:43:19','\0','jpg',16,NULL,'80ab0b28-1347-496b-a477-2b971b1182a0.jpg','upload/spec',692,16,NULL,NULL,NULL),(32770,'2013-12-24 09:43:19','\0','jpg',16,NULL,'0f6ca520-33d5-4653-b863-5db6d57189e0.jpg','upload/spec',695,16,NULL,NULL,NULL),(32771,'2013-12-24 09:43:19','\0','jpg',16,NULL,'972ffcce-3737-45e2-be64-3ab811c20b6f.jpg','upload/spec',695,16,NULL,NULL,NULL),(32772,'2013-12-24 09:43:19','\0','jpg',16,NULL,'515cd81d-6bd6-414e-ac01-54645a994ca5.jpg','upload/spec',695,16,NULL,NULL,NULL),(32773,'2013-12-24 09:43:19','\0','jpg',16,NULL,'05b5d41c-2808-4cfe-9153-32117d2f4ff7.jpg','upload/spec',695,16,NULL,NULL,NULL),(32774,'2013-12-24 09:43:19','\0','jpg',16,NULL,'f582b11e-0422-4852-85d2-6a5b1247a971.jpg','upload/spec',815,16,NULL,NULL,NULL),(32775,'2013-12-24 09:50:45','\0','jpg',45,NULL,'d3bb39fa-bc75-4ab4-b22e-a9bd1f1b5699.jpg','upload/brand',2544,90,NULL,NULL,NULL),(32776,'2013-12-24 09:51:42','\0','jpg',45,NULL,'1d661523-9320-4e5d-9b92-50eaafa4bd7e.jpg','upload/brand',3358,90,NULL,NULL,NULL),(32777,'2013-12-24 09:51:57','\0','jpg',45,NULL,'efde8ef1-e6e8-437c-b3ad-c49de684d3bc.jpg','upload/brand',1817,90,NULL,NULL,NULL),(32778,'2013-12-24 09:59:10','\0','jpg',45,NULL,'350d05d9-0f6a-4ad7-bdb0-edfd50ba58ca.jpg','upload/brand',4298,90,NULL,NULL,NULL),(32779,'2013-12-24 10:02:21','\0','jpg',45,NULL,'29e5c0ee-9abe-47ae-8a1e-fbafff421471.jpg','upload/brand',2821,90,NULL,NULL,NULL),(32780,'2013-12-24 10:02:45','\0','jpg',45,NULL,'08733b5a-124a-4691-94ca-f4ff51c95375.jpg','upload/brand',1736,90,NULL,NULL,NULL),(32781,'2013-12-24 10:03:16','\0','jpg',45,NULL,'a7da11fb-7d22-42e3-978a-69b833803219.jpg','upload/brand',636,90,NULL,NULL,NULL),(32782,'2013-12-24 10:04:10','\0','jpg',45,NULL,'257b0bbc-d07c-4d49-bcf0-5393a34d1299.jpg','upload/brand',2930,90,NULL,NULL,NULL),(32783,'2013-12-24 10:07:10','\0','jpg',45,NULL,'0ffed031-864a-4e89-b7dc-05853ddfd599.jpg','upload/brand',2812,90,NULL,NULL,NULL),(32784,'2013-12-24 10:07:30','\0','jpg',45,NULL,'adb5dacd-def9-4b4e-a670-63265ee9129e.jpg','upload/brand',2000,90,NULL,NULL,NULL),(32785,'2013-12-24 10:09:05','\0','jpg',45,NULL,'057ae5aa-4b79-4c99-9974-fc80ac1e4889.jpg','upload/brand',929,90,NULL,NULL,NULL),(32786,'2013-12-24 10:09:36','\0','jpg',45,NULL,'60098b9f-b7d4-406d-95ee-8904d6b95ff5.jpg','upload/brand',2649,90,NULL,NULL,NULL),(32787,'2013-12-24 10:10:22','\0','jpg',45,NULL,'b805bc9e-f799-4499-a934-a91ec15efd25.jpg','upload/brand',3158,90,NULL,NULL,NULL),(32788,'2013-12-24 10:15:17','\0','jpg',33,NULL,'2df181a9-df2f-429d-96f2-d3f9e81dfd5d.jpg','upload/brand',15745,93,NULL,NULL,NULL),(229376,'2016-04-04 13:37:33','\0','jpg',508,NULL,'c5ddc21a-cdcf-4947-a16f-9a9096c56337.jpg','upload/activity',80093,1900,NULL,NULL,NULL),(262144,'2014-02-25 14:56:45','\0','jpg',156,NULL,'fe5b32ed-8ff0-43c1-8535-943fec1a3428.jpg','upload/advert',56095,156,NULL,NULL,NULL),(262145,'2014-02-25 14:57:46','\0','jpg',156,NULL,'6c8f5b22-a745-4144-bfe0-13eb3e54a5cb.jpg','upload/advert',56095,156,NULL,NULL,NULL),(294912,'2014-02-25 15:04:41','\0','jpg',156,NULL,'15824fef-0bb2-49ec-9dfe-ecfde59add7f.jpg','upload/advert',39206,156,NULL,NULL,NULL),(294913,'2014-02-25 15:05:10','\0','jpg',156,NULL,'bad6731e-e167-4e6f-a5f4-ea1876b37572.jpg','upload/advert',39206,156,NULL,NULL,NULL),(294914,'2014-02-25 15:05:42','\0','jpg',156,NULL,'be8dc85b-72fc-4257-a09e-fb12f90372cb.jpg','upload/advert',58981,156,NULL,NULL,NULL),(327682,'2014-02-25 16:09:59','\0','jpg',205,NULL,'7d2b1285-ab87-490c-85b1-98d68f4234f9.jpg','upload/advert',71907,205,NULL,NULL,NULL),(360448,'2014-02-25 18:01:00','\0','jpg',205,NULL,'c7c252b8-3cd1-40f3-8b18-a3e047866bbd.jpg','upload/advert',71907,205,NULL,NULL,NULL),(360449,'2014-02-25 18:05:14','\0','jpg',205,NULL,'ce5eec37-56ce-4c98-b2e6-1098642edc08.jpg','upload/advert',71907,205,NULL,NULL,NULL),(360450,'2014-02-25 18:09:54','\0','jpg',205,NULL,'07fcbca9-5b13-4f33-90a0-05b9b9a5e65e.jpg','upload/advert',71907,205,NULL,NULL,NULL),(393216,'2014-02-26 11:51:24','\0','jpg',600,NULL,'6cce21dd-3dc3-42b9-a0e3-73f17de367af.jpg','upload/group',188631,600,NULL,NULL,NULL),(425984,'2014-02-26 17:16:25','\0','jpg',600,NULL,'8cf57386-fe3e-4c53-bc57-d25872cf3a9b.jpg','upload/group',146332,600,NULL,NULL,NULL),(425985,'2014-02-26 17:17:20','\0','jpg',600,NULL,'f2992c37-fd16-4c66-947f-e4c5ce72153e.jpg','upload/group',173672,600,NULL,NULL,NULL),(425986,'2014-02-26 17:18:13','\0','jpg',600,NULL,'176ff210-d85b-4764-98a9-cc20550aa543.jpg','upload/group',191080,600,NULL,NULL,NULL),(425987,'2014-02-26 17:19:14','\0','jpg',600,NULL,'1e52fa44-cb27-415c-b17f-f8dc9ed32ed8.jpg','upload/group',149109,600,NULL,NULL,NULL),(425992,'2015-02-28 09:43:00','\0','jpg',600,NULL,'f552f412-8dda-44da-a745-c4b0bfb470df.jpg','upload/integral_goods',118174,600,NULL,NULL,NULL),(425993,'2014-09-23 16:42:45','\0','jpg',0,NULL,'fe3c2f12-9251-4827-81c5-0df90a380e3f.jpg','upload/coupon',0,0,NULL,NULL,NULL),(425994,'2014-09-23 19:54:23','\0','jpg',0,NULL,'25d56c67-b9a1-4436-a8dd-fa123e58e4ed.jpg','upload/coupon',0,0,NULL,NULL,NULL),(425995,'2014-09-24 10:39:08','\0','jpg',0,NULL,'35f8c1d5-f38b-4b6d-9897-58a5f665543e.jpg','upload/coupon',0,0,NULL,NULL,NULL),(426000,'2014-09-25 13:56:09','\0','jpg',618,NULL,'d10b3307-8687-4898-a152-0677799a8e58.jpg','upload/store/32769/2014/09/25',0,487,2,32769,NULL),(426001,'2014-09-25 13:56:11','\0','jpg',603,NULL,'647e3b79-4817-49b1-b831-48d48791fadd.jpg','upload/store/32769/2014/09/25',0,551,2,32769,NULL),(426002,'2014-09-25 13:56:12','\0','jpg',593,NULL,'66049433-8a3c-4ee6-9a38-7a0f4a5159ce.jpg','upload/store/32769/2014/09/25',0,462,2,32769,NULL),(426003,'2014-09-25 13:56:13','\0','jpg',597,NULL,'fe9f1746-e6ac-4d9e-9dad-ca51da63c0f5.jpg','upload/store/32769/2014/09/25',0,454,2,32769,NULL),(426004,'2014-09-25 14:14:52','\0','jpg',610,NULL,'b66c68a1-ca78-4031-bf08-a18789ebb136.jpg','upload/store/32769/2014/09/25',0,445,2,32769,NULL),(426005,'2014-09-25 15:30:27','\0','jpg',600,NULL,'ee665e1f-d179-47a3-99a5-f439ce7bbf2a.jpg','upload/group',173426,600,NULL,NULL,NULL),(426006,'2014-09-25 19:22:43','\0','jpg',102,NULL,'d41c1e29-a3e3-4a3e-9b94-4f845ee1c4d8.jpg','upload/advert',141386,1002,NULL,NULL,NULL),(426007,'2014-10-09 14:58:18','\0','jpg',264,NULL,'f46d14db-e21c-4297-8262-4a4652ec53dd.jpg','upload/advert',88846,580,NULL,NULL,NULL),(426008,'2014-10-09 14:58:45','\0','jpg',264,NULL,'0550f692-3886-4b4b-a98e-a51281d4acd1.jpg','upload/advert',80097,580,NULL,NULL,NULL),(426009,'2014-10-09 14:59:12','\0','jpg',264,NULL,'cb3cc3d1-ae3d-4772-8cb1-19e792c7bcc7.jpg','upload/advert',158374,580,NULL,NULL,NULL),(426010,'2014-10-09 15:17:15','\0','jpg',130,NULL,'f8203edf-e6f7-4947-8fa2-a30f6775165e.jpg','upload/advert',48590,180,NULL,NULL,NULL),(426014,'2014-10-10 10:07:55','\0','jpg',402,NULL,'71f52513-5452-4457-a4d6-69b332c1a8af.jpg','upload/spare_goods',77204,636,NULL,NULL,NULL),(426016,'2014-10-10 10:07:56','\0','jpg',480,NULL,'d5a668c6-b7d1-43a3-a416-08a1a03f9152.jpg','upload/spare_goods',58315,667,NULL,NULL,NULL),(426017,'2014-10-10 10:08:26','\0','jpg',381,NULL,'e8f02b7d-4cea-4b66-8409-ce067d2a7895.jpg','upload/spare_goods',63998,634,NULL,NULL,NULL),(426018,'2014-10-10 10:43:32','\0','jpg',719,NULL,'59bddbe4-3ac0-47aa-8fd2-ffbbae912cc9.jpg','upload/spare_goods',114288,598,NULL,NULL,NULL),(426019,'2014-10-10 10:57:53','\0','jpg',361,NULL,'7b4760d8-45e4-4802-abdb-48a8a04cab1a.jpg','upload/spare_goods',58293,640,NULL,NULL,NULL),(426020,'2014-10-10 11:01:03','\0','jpg',444,NULL,'c6bc031c-7198-4df2-92ae-92f9874741f3.jpg','upload/spare_goods',60457,614,NULL,NULL,NULL),(426021,'2014-10-10 11:01:03','\0','jpg',445,NULL,'786387a7-789d-4f6a-a14a-3afa25f89f98.jpg','upload/spare_goods',65602,611,NULL,NULL,NULL),(426022,'2014-10-14 11:11:22','\0','jpg',250,NULL,'1e7ae7d9-f1f2-4bd3-b69b-8bc1ee0e410f.jpg','upload/advert',60970,200,NULL,NULL,NULL),(426023,'2014-10-14 12:17:37','\0','jpg',728,NULL,'485d97a7-a80f-492b-a727-44da8d6f5812.jpg','upload/spare_goods',130954,543,NULL,NULL,NULL),(426024,'2014-10-14 12:17:39','\0','jpg',728,NULL,'dee0c786-bb8d-43c3-bf90-39da93977d52.jpg','upload/spare_goods',124818,543,NULL,NULL,NULL),(426025,'2014-10-14 12:17:39','\0','jpg',728,NULL,'bb01aeea-39c2-4360-9f00-b52c53e3cf5f.jpg','upload/spare_goods',122312,543,NULL,NULL,NULL),(426026,'2014-10-14 12:17:40','\0','jpg',728,NULL,'c459ad87-e918-477b-bcc6-ea4ab874138d.jpg','upload/spare_goods',125874,543,NULL,NULL,NULL),(426027,'2014-10-14 12:30:24','\0','jpg',250,NULL,'bf28c893-474a-4255-8bcd-1f785a61dbc2.jpg','upload/advert',58683,200,NULL,NULL,NULL),(426028,'2014-10-14 16:40:40','\0','jpg',546,NULL,'505fcc8f-90eb-4043-8056-31c07b77a9f6.jpg','upload/spare_goods',29257,728,NULL,NULL,NULL),(426029,'2014-10-14 16:40:41','\0','jpg',546,NULL,'42baa1fa-5b85-4e27-9e73-1d602621c17a.jpg','upload/spare_goods',41891,728,NULL,NULL,NULL),(426030,'2014-10-14 16:40:42','\0','jpg',546,NULL,'0f29a9bf-dabe-4041-a5e2-3719297edbb6.jpg','upload/spare_goods',31641,728,NULL,NULL,NULL),(426031,'2014-10-14 16:40:42','\0','jpg',546,NULL,'df42449c-9225-4c3d-adc4-4d2595a65de2.jpg','upload/spare_goods',26663,728,NULL,NULL,NULL),(426032,'2014-10-14 16:43:08','\0','jpg',368,NULL,'a550db2b-9f31-45d2-949a-94259543433e.jpg','upload/spare_goods',102133,653,NULL,NULL,NULL),(426033,'2014-10-14 16:43:08','\0','jpg',368,NULL,'e209f065-398a-4871-b592-7bfca9051c32.jpg','upload/spare_goods',97678,653,NULL,NULL,NULL),(426034,'2014-10-14 16:43:09','\0','jpg',368,NULL,'9a8d3897-1170-4a88-8c57-f4af6b39f116.jpg','upload/spare_goods',101752,653,NULL,NULL,NULL),(426035,'2014-10-14 16:43:09','\0','jpg',368,NULL,'bdafdb4f-74ad-479c-ab5c-6445c5fe7c51.jpg','upload/spare_goods',60201,653,NULL,NULL,NULL),(426036,'2014-10-14 16:53:52','\0','jpg',546,NULL,'36bc6e9d-7c50-4da0-96f5-ada77316ea99.jpg','upload/spare_goods',54502,728,NULL,NULL,NULL),(426037,'2014-10-14 16:55:28','\0','jpg',430,NULL,'0f400b92-50e1-4794-9d5a-e0f0ff5de6a0.jpg','upload/spare_goods',496555,651,NULL,NULL,NULL),(426038,'2014-10-14 17:00:19','\0','jpg',728,NULL,'d22bd545-2e61-4cfd-a2fb-4d7f89e2f21a.jpg','upload/spare_goods',141240,728,NULL,NULL,NULL),(426039,'2014-10-14 17:02:47','\0','jpg',321,NULL,'325d1dc7-40e0-4ed4-8236-66bc12a7525c.jpg','upload/spare_goods',63887,263,NULL,NULL,NULL),(426040,'2014-10-14 17:11:43','\0','jpg',310,NULL,'30c5cd5c-56c6-4227-b15b-ce6a0f98b227.jpg','upload/spare_goods',18393,310,NULL,NULL,NULL),(426041,'2014-10-14 17:13:11','\0','jpg',546,NULL,'bb31f1fe-5bea-42de-9a6e-729f40fdcc99.jpg','upload/spare_goods',57731,728,NULL,NULL,NULL),(426042,'2014-10-14 17:13:11','\0','jpg',546,NULL,'7e80ddcf-5670-4bf8-a34c-8307c74b9df7.jpg','upload/spare_goods',44255,728,NULL,NULL,NULL),(426043,'2014-10-14 17:16:07','\0','jpg',728,NULL,'f4cd958b-37b3-43ef-bbb2-351cf95c6301.jpg','upload/spare_goods',63889,546,NULL,NULL,NULL),(426044,'2014-10-14 17:16:07','\0','jpg',728,NULL,'2d3e54c6-048b-4b04-b9d1-00d7bc726251.jpg','upload/spare_goods',60002,546,NULL,NULL,NULL),(426045,'2014-10-14 17:16:08','\0','jpg',728,NULL,'6c3a662c-c098-40df-86c8-8f6ff660b43e.jpg','upload/spare_goods',66946,546,NULL,NULL,NULL),(426046,'2014-10-14 17:20:08','\0','jpg',728,NULL,'37c4c573-6cc3-456e-a1a6-0c8e9e5d869f.jpg','upload/spare_goods',114335,546,NULL,NULL,NULL),(426047,'2014-10-14 17:20:08','\0','jpg',728,NULL,'c2bdbe41-d969-4fd0-854a-1805144830d1.jpg','upload/spare_goods',114335,546,NULL,NULL,NULL),(426048,'2014-10-14 17:20:08','\0','jpg',728,NULL,'d369c6a0-1cfc-45e6-a2b3-0d92848fd4e6.jpg','upload/spare_goods',104489,546,NULL,NULL,NULL),(426049,'2014-10-14 17:23:10','\0','jpg',298,NULL,'f2d770a3-d5d6-41e8-a6da-d31a37860ec5.jpg','upload/spare_goods',12584,208,NULL,NULL,NULL),(426050,'2014-10-14 17:25:05','\0','jpg',728,NULL,'e1e65b7e-9910-4ea8-a0db-f9025165602a.jpg','upload/spare_goods',65524,546,NULL,NULL,NULL),(426051,'2014-10-14 17:25:05','\0','jpg',546,NULL,'7a9639f7-96ce-46e6-b3a1-d78024388863.jpg','upload/spare_goods',50043,728,NULL,NULL,NULL),(426052,'2014-10-14 17:25:06','\0','jpg',728,NULL,'710804f3-6941-48c9-bab2-520aeeb5a6a4.jpg','upload/spare_goods',43502,546,NULL,NULL,NULL),(426053,'2014-10-14 17:26:44','\0','jpg',728,NULL,'8667e34e-d9a6-4b8b-adc7-b32799cd11db.jpg','upload/spare_goods',103073,701,NULL,NULL,NULL),(426054,'2014-10-14 17:28:22','\0','jpg',300,NULL,'708e4f57-af88-4070-a054-143f7f09c217.jpg','upload/spare_goods',75915,265,NULL,NULL,NULL),(426055,'2014-10-14 17:30:23','\0','jpg',728,NULL,'960dcbd0-8744-4665-8eee-21fe84a5e30e.jpg','upload/spare_goods',41800,543,NULL,NULL,NULL),(426056,'2014-10-14 17:30:23','\0','jpg',728,NULL,'b3f2ec3e-b638-4a5b-ae1c-d6c16d95303b.jpg','upload/spare_goods',62223,543,NULL,NULL,NULL),(426057,'2014-10-14 17:30:24','\0','jpg',543,NULL,'a1a3860c-e3cf-4050-9ea2-91c7eabbe5bf.jpg','upload/spare_goods',51239,728,NULL,NULL,NULL),(426058,'2014-10-14 17:32:15','\0','jpg',546,NULL,'b6df984d-6562-4a62-9a98-5c2e8324e082.jpg','upload/spare_goods',46420,728,NULL,NULL,NULL),(426059,'2014-10-14 17:32:15','\0','jpg',728,NULL,'2bac6584-aeb9-4d6d-a1e8-bc191146a853.jpg','upload/spare_goods',54142,546,NULL,NULL,NULL),(426060,'2014-10-14 17:32:15','\0','jpg',546,NULL,'e0812b5e-4f01-4d98-b3f9-ff08c64f8927.jpg','upload/spare_goods',38376,728,NULL,NULL,NULL),(426061,'2014-11-14 11:32:09','\0','jpg',430,NULL,'b871f7a5-9e02-4d60-a40d-07465d31b3a2.jpg','upload/weixin_qr',30236,430,NULL,NULL,NULL),(426062,'2015-01-18 16:23:38','\0','jpg',0,NULL,'239a7304-838e-4887-84c1-b893343eb121.jpg','upload',13400,159,NULL,NULL,NULL),(426063,'2015-01-18 16:41:49','\0','jpg',430,NULL,'df580a0d-8cea-43e1-9162-2464defd4774.jpg','upload/system',30236,430,NULL,NULL,NULL),(426064,'2015-02-08 18:08:37','\0','jpg',266,NULL,'2ba5fdb2-08d7-4a49-ac4f-b95864543887.jpg','upload/advert',71959,200,NULL,NULL,NULL),(426065,'2015-02-08 18:12:28','\0','jpg',266,NULL,'669bf986-26dd-4626-bb5c-b323aebb109b.jpg','upload/advert',51009,200,NULL,NULL,NULL),(426066,'2016-04-06 12:37:23','\0','jpg',135,NULL,'24191b8d-68a0-4f67-b496-a9109c426965.jpg','upload/advert',34933,288,NULL,NULL,NULL),(426067,'2015-02-17 11:44:04','\0','jpg',131,NULL,'f64c43d0-fbd1-4daf-81e4-7841310500b4.jpg','upload/advert',14108,259,NULL,NULL,NULL),(426068,'2015-02-17 11:44:32','\0','jpg',131,NULL,'6eb5e3a5-8137-42ae-af5e-0e01f89d8c14.jpg','upload/advert',13976,259,NULL,NULL,NULL),(426069,'2015-02-17 11:50:52','\0','jpg',131,NULL,'83e67ae1-096d-4b6e-a9af-442efd31f045.jpg','upload/advert',12048,259,NULL,NULL,NULL),(426070,'2015-02-17 11:51:15','\0','jpg',131,NULL,'de7f25b9-f562-454c-a3e4-9bd580f072f7.jpg','upload/advert',11389,259,NULL,NULL,NULL),(426071,'2015-02-17 11:51:55','\0','jpg',131,NULL,'4a49836f-6d32-475e-9c0b-4159c9d1f198.jpg','upload/advert',11069,259,NULL,NULL,NULL),(426072,'2015-02-17 11:52:13','\0','jpg',131,NULL,'a58cad3f-64f6-40f3-9a15-d7d13472b818.jpg','upload/advert',10753,259,NULL,NULL,NULL),(426073,'2015-02-26 09:29:57','\0','jpg',342,NULL,'08c96139-9757-4b20-adc6-819e3e406868.jpg','upload/advert',14325,200,NULL,NULL,NULL),(426074,'2015-02-26 10:02:58','\0','jpg',130,NULL,'f068b18e-ff4b-4120-ad5d-621f7d77a7bb.jpg','upload/advert',27219,180,NULL,NULL,NULL),(426075,'2015-02-26 10:07:50','\0','jpg',130,NULL,'1c8131d2-6d94-423b-95e1-bd7fe95660ce.jpg','upload/advert',39121,180,NULL,NULL,NULL),(426076,'2015-02-26 10:12:38','\0','jpg',300,NULL,'0b6dba7d-eb49-4723-89cf-bc8359176712.jpg','upload/advert',109553,220,NULL,NULL,NULL),(426077,'2015-02-28 09:53:52','\0','jpg',248,NULL,'022a57de-dbc6-49eb-a972-23cf529d61b8.jpg','upload/advert',52487,197,NULL,NULL,NULL),(426078,'2015-02-28 10:01:27','\0','jpg',280,NULL,'febb6d44-5206-444f-9346-14185618affe.jpg','upload/advert',66797,262,NULL,NULL,NULL),(426079,'2015-02-28 10:04:41','\0','jpg',600,NULL,'b31e351c-59f2-4e04-ab0d-aed404c88755.jpg','upload/integral_goods',96789,600,NULL,NULL,NULL),(426080,'2015-02-28 10:05:34','\0','jpg',600,NULL,'289452b2-f4e5-46e4-94c7-9f36605cfdd3.jpg','upload/integral_goods',109941,600,NULL,NULL,NULL),(426081,'2015-02-28 10:06:59','\0','jpg',600,NULL,'c680900c-bfab-435e-8c5e-e8a5cce84549.jpg','upload/integral_goods',94147,600,NULL,NULL,NULL),(426082,'2015-02-28 10:07:24','\0','jpg',600,NULL,'f5b85570-c544-44ac-8159-7e1851de7311.jpg','upload/integral_goods',160017,600,NULL,NULL,NULL),(426083,'2015-02-28 10:08:02','\0','jpg',600,NULL,'7f1e3be9-3ed6-428e-9d34-8aec6cfe89f1.jpg','upload/integral_goods',65755,600,NULL,NULL,NULL),(426084,'2015-02-28 10:08:43','\0','jpg',662,NULL,'24e8d84a-66b5-4e0f-b6ef-93fdb983fd9e.jpg','upload/integral_goods',99463,662,NULL,NULL,NULL),(426085,'2015-02-28 10:12:57','\0','jpg',600,NULL,'7ed183bd-1d1a-4adc-83b8-6478418529ef.jpg','upload/integral_goods',160889,600,NULL,NULL,NULL),(426086,'2015-02-28 10:15:37','\0','jpg',600,NULL,'ff34530c-7f25-4658-aa51-93f1f349f62f.jpg','upload/integral_goods',188802,600,NULL,NULL,NULL),(426087,'2015-02-28 10:16:12','\0','jpg',600,NULL,'e9e9fed2-0e4c-488b-87ba-cb35dedda8c7.jpg','upload/integral_goods',256520,600,NULL,NULL,NULL),(426088,'2015-02-28 10:21:44','\0','jpg',600,NULL,'ac1a63f4-1668-467c-8c8c-f6b93276446d.jpg','upload/integral_goods',140456,600,NULL,NULL,NULL),(426089,'2015-02-28 10:22:25','\0','jpg',600,NULL,'63c40d0b-8ad4-4768-b844-c99e07727768.jpg','upload/integral_goods',126407,600,NULL,NULL,NULL),(426090,'2015-02-28 10:28:36','\0','jpg',713,NULL,'62a80799-9edb-49cc-9a15-5778e8d6280c.jpg','upload/integral_goods',102808,713,NULL,NULL,NULL),(426091,'2015-02-28 10:29:16','\0','jpg',600,NULL,'d2fdf240-ce7a-4c09-b79a-b61d81c8e960.jpg','upload/integral_goods',153089,600,NULL,NULL,NULL),(426092,'2015-02-28 10:30:01','\0','jpg',600,NULL,'f8cf2b21-06f9-433b-affe-e8541c77d519.jpg','upload/integral_goods',193247,600,NULL,NULL,NULL),(426093,'2015-02-28 10:31:06','\0','jpg',600,NULL,'0f775908-597e-4635-aaf4-d454bf188a68.jpg','upload/integral_goods',160378,600,NULL,NULL,NULL),(426094,'2015-02-28 10:31:45','\0','jpg',740,NULL,'606a0abf-e59f-4e96-87e9-6e79557d822b.jpg','upload/integral_goods',206232,740,NULL,NULL,NULL),(426095,'2015-02-28 10:32:20','\0','jpg',600,NULL,'5baf44ba-b967-44fa-959d-eff01242058d.jpg','upload/integral_goods',139024,600,NULL,NULL,NULL),(426096,'2015-02-28 10:32:43','\0','jpg',600,NULL,'69712c21-9ca3-43b9-87d6-09747eab65ea.jpg','upload/integral_goods',138583,600,NULL,NULL,NULL),(426097,'2015-02-28 10:35:40','\0','jpg',600,NULL,'059cc0ce-3172-425d-9d84-991748c00188.jpg','upload/integral_goods',190037,600,NULL,NULL,NULL),(426098,'2015-02-28 10:36:40','\0','jpg',600,NULL,'48f47b4c-f438-42d8-be17-3aed211d6d8b.jpg','upload/integral_goods',262214,600,NULL,NULL,NULL),(426099,'2015-02-28 10:45:23','\0','jpg',600,NULL,'09d55b23-d66a-4258-bb00-d6ae29e0599f.jpg','upload/group',280821,600,NULL,NULL,NULL),(426100,'2015-02-28 10:46:41','\0','jpg',600,NULL,'c6d4e558-2985-4af7-9880-2eae4060a0d6.jpg','upload/group',212620,600,NULL,NULL,NULL),(426101,'2015-02-28 10:48:00','\0','jpg',600,NULL,'f8a9b5a3-21c9-4a45-bde4-37fcff03178e.jpg','upload/group',165920,600,NULL,NULL,NULL),(426102,'2015-02-28 10:58:03','\0','jpg',600,NULL,'ad05f0d8-fa25-45c2-b9a8-0d84945d12d3.jpg','upload/group',153955,600,NULL,NULL,NULL),(426103,'2015-02-28 10:59:22','\0','jpg',600,NULL,'214c2884-e05c-4063-aa0e-bb2b8d49706e.jpg','upload/group',175490,600,NULL,NULL,NULL),(426104,'2015-02-28 11:00:22','\0','jpg',600,NULL,'a3d9a16a-306d-4db3-aa8b-5dc188d76ff6.jpg','upload/group',179306,600,NULL,NULL,NULL),(426105,'2015-02-28 11:01:57','\0','jpg',730,NULL,'6e63d8d6-1330-4615-bbe8-907727752ff2.jpg','upload/group',267944,730,NULL,NULL,NULL),(426106,'2015-02-28 16:13:05','\0','.jpg',132,NULL,'32778_big.jpg','upload/avatar',0,132,NULL,NULL,NULL),(426112,'2016-03-09 14:58:39','\0','jpg',401,NULL,'5e861c91-95fa-434a-84bd-addb3ae2fa87.jpg','upload/store/1/2016/03/09',0,396,1,32768,NULL),(426113,'2016-03-09 14:58:55','\0','jpg',284,NULL,'357c406d-7cc5-42ab-80ea-a54c9d936f06.jpg','upload/store/1/2016/03/09',0,402,1,32768,NULL),(426114,'2016-03-09 14:59:19','\0','jpg',387,NULL,'083f4b11-803a-4640-8eb5-0d00e1fbc574.jpg','upload/store/1/2016/03/09',0,417,1,32768,NULL),(426115,'2016-03-09 14:59:32','\0','jpg',284,NULL,'da9d58ec-a569-435b-b5ea-381568410d70.jpg','upload/store/1/2016/03/09',0,402,1,32768,NULL),(426116,'2016-03-09 15:00:19','\0','jpg',310,NULL,'1ce520f1-993e-43fb-8559-18c4b66109b8.jpg','upload/store/1/2016/03/09',0,307,1,32768,NULL),(426117,'2016-03-09 15:00:43','\0','jpg',228,NULL,'587dfbdb-9bdd-4778-b6fb-4956ad2b367b.jpg','upload/store/1/2016/03/09',0,333,1,32768,NULL),(426118,'2016-03-09 15:25:22','\0','jpg',300,NULL,'b5e2c24c-a437-4347-8c43-31d5fb2bfbba.jpg','upload/store/1/2016/03/09',0,300,1,32768,NULL),(426119,'2016-03-09 15:26:35','\0','jpg',800,NULL,'ee1b5c5b-c5b2-4df2-b643-4f25d4917211.jpg','upload/store/1/2016/03/09',0,800,1,32768,NULL),(426120,'2016-03-09 15:27:24','\0','jpg',169,NULL,'38ad6fee-ac6c-4907-816c-8604affe107d.jpg','upload/store/1/2016/03/09',0,310,1,32768,NULL),(426121,'2016-03-09 15:27:51','\0','png',220,NULL,'18c93855-1401-4dea-b092-476efbd32945.png','upload/store/1/2016/03/09',0,308,1,32768,NULL),(426122,'2016-03-09 15:29:46','\0','jpg',750,NULL,'281cf76f-6ff9-4eb8-b7c1-351c64f30b32.jpg','upload/store/1/2016/03/09',0,750,1,32768,NULL),(426123,'2016-03-09 15:33:54','\0','jpg',240,NULL,'246d5f8a-2ce2-4064-b836-2bd84823531e.jpg','upload/store/1/2016/03/09',0,320,1,32768,NULL),(426124,'2016-03-09 15:47:10','\0','jpg',450,NULL,'876fc8f5-c80e-4de7-935b-6e14e1db9114.jpg','upload/store/1/2016/03/09',0,450,1,32768,NULL),(426125,'2016-03-09 15:48:26','\0','jpg',450,NULL,'86692949-636d-4245-86d8-56d2aa08914c.jpg','upload/store/1/2016/03/09',0,450,1,32768,NULL),(426127,'2016-03-09 15:49:55','\0','jpg',300,NULL,'fb087c71-9959-4d52-9a75-59d8d06814c0.jpg','upload/store/1/2016/03/09',0,300,1,32768,NULL),(426128,'2016-03-09 15:51:50','\0','jpg',360,NULL,'31801436-2cfd-4a81-b25c-2c65628629e6.jpg','upload/store/1/2016/03/09',0,360,1,32768,NULL),(426129,'2016-03-09 15:52:42','\0','jpg',351,NULL,'25bd7dd4-f9dc-459c-8626-a942af9e238a.jpg','upload/store/1/2016/03/09',0,349,1,32768,NULL),(426130,'2016-03-09 15:53:24','\0','jpg',700,NULL,'7dbcaf77-f60f-4e10-8f65-3b628559f7db.jpg','upload/store/1/2016/03/09',0,700,1,32768,NULL),(426131,'2016-03-09 15:55:48','\0','jpg',430,NULL,'e361d814-0d95-4932-9f22-5e329bea921f.jpg','upload/store/1/2016/03/09',0,430,1,32768,NULL),(426132,'2016-03-09 15:56:19','\0','jpg',430,NULL,'c5e7f83e-a023-4309-b7b9-3eb0ef755510.jpg','upload/store/1/2016/03/09',0,430,1,32768,NULL),(426133,'2016-03-09 15:57:17','\0','jpg',487,NULL,'2186310b-e0aa-4e09-9f37-c27d9b5358ea.jpg','upload/store/1/2016/03/09',0,727,1,32768,NULL),(426135,'2016-03-09 15:58:25','\0','jpg',430,NULL,'cab7cc21-dc34-4a7a-b87e-7afd0b295081.jpg','upload/store/1/2016/03/09',0,430,1,32768,NULL),(426136,'2016-03-09 15:58:55','\0','jpg',342,NULL,'d53b9b6a-f29f-401e-bc1d-c443ded603de.jpg','upload/store/1/2016/03/09',0,430,1,32768,NULL),(426137,'2016-03-09 15:59:27','\0','jpg',600,NULL,'5dbdcff7-c525-4a03-8117-67e27ae97e72.jpg','upload/store/1/2016/03/09',0,600,1,32768,NULL),(426138,'2016-03-09 16:00:10','\0','jpg',600,NULL,'72d7a807-beb0-439b-86e7-584bedc8f257.jpg','upload/store/1/2016/03/09',0,600,1,32768,NULL),(426139,'2016-03-09 16:09:00','\0','jpg',800,NULL,'46bf6e9c-6058-46df-8f67-0e497ccecf58.jpg','upload/store/1/2016/03/09',0,800,1,32768,NULL),(426140,'2016-03-09 17:39:07','\0','jpg',525,NULL,'30d1b02a-d808-4d5c-b608-a95f20249f30.jpg','upload/store/1/2016/03/09',0,800,1,32768,NULL),(426141,'2016-03-09 17:44:49','\0','jpg',800,NULL,'2a5947cd-ea8c-4417-bc3d-df0e0c74e75d.jpg','upload/store/1/2016/03/09',0,800,1,32768,NULL),(426142,'2016-03-09 17:45:21','\0','png',525,NULL,'f566afdc-213d-4bcf-be46-078c5b3a339e.png','upload/store/1/2016/03/09',0,705,1,32768,NULL),(426143,'2016-03-09 17:45:58','\0','jpg',400,NULL,'c3dc55f6-05a9-4555-80c0-1f9aeb014675.jpg','upload/store/1/2016/03/09',0,400,1,32768,NULL),(426144,'2016-03-09 17:46:34','\0','jpg',429,NULL,'25638022-b3b2-4677-9497-36683f0bbb81.jpg','upload/store/1/2016/03/09',0,682,1,32768,NULL),(426145,'2016-03-09 17:47:12','\0','jpg',339,NULL,'174174e6-1c92-410d-9be6-0e2e196360a0.jpg','upload/store/1/2016/03/09',0,440,1,32768,NULL),(426146,'2016-03-09 17:47:53','\0','jpg',575,NULL,'45275356-3f0c-416c-846e-dc83cc87893d.jpg','upload/store/1/2016/03/09',0,781,1,32768,NULL),(426147,'2016-03-09 17:48:49','\0','jpg',240,NULL,'1e17c526-b4ca-4378-86ce-03802f727181.jpg','upload/store/1/2016/03/09',0,300,1,32768,NULL),(426148,'2016-03-09 17:50:10','\0','jpg',310,NULL,'317442e5-625a-45e9-abd2-20d2eaea5b7d.jpg','upload/store/1/2016/03/09',0,310,1,32768,NULL),(426149,'2016-03-09 17:50:51','\0','jpg',460,NULL,'017d897e-cc7f-4b47-a702-f9063ed26f3f.jpg','upload/store/1/2016/03/09',0,460,1,32768,NULL),(426150,'2016-03-09 17:54:59','\0','jpg',375,NULL,'c2f17315-6ebf-474a-9545-2dec3a8db7e3.jpg','upload/store/1/2016/03/09',0,415,1,32768,NULL),(426151,'2016-03-09 17:55:45','\0','jpg',600,NULL,'ec1f5312-8184-4d17-b618-0d78033b85aa.jpg','upload/store/1/2016/03/09',0,600,1,32768,NULL),(426152,'2016-03-09 17:56:09','\0','jpg',300,NULL,'4d19bca7-c471-4343-ba89-8a346356a9cf.jpg','upload/store/1/2016/03/09',0,310,1,32768,NULL),(426155,'2016-03-09 18:12:13','\0','jpg',245,NULL,'03fae35d-0455-4053-abcf-7c3abb5e749e.jpg','upload/store/1/2016/03/09',0,421,1,32768,NULL),(426156,'2016-03-09 18:12:51','\0','jpg',295,NULL,'e4a62740-3342-4439-bcbc-16d845b140b4.jpg','upload/store/1/2016/03/09',0,300,1,32768,NULL),(426159,'2016-03-09 18:15:57','\0','jpg',800,NULL,'768eb6aa-57a7-415a-8a62-d497598154af.jpg','upload/store/1/2016/03/09',0,800,1,32768,NULL),(426162,'2016-03-09 18:22:38','\0','jpg',508,NULL,'12ba2bc5-3308-4c06-a0a8-932b4d0004a0.jpg','upload/store/1/2016/03/09',0,500,1,32768,NULL),(426164,'2016-03-09 18:23:29','\0','jpg',800,NULL,'4baebb60-3c3e-4134-86a3-0ac5230f2e7f.jpg','upload/store/1/2016/03/09',0,800,1,32768,NULL),(426166,'2016-03-09 18:24:34','\0','jpg',600,NULL,'57894c4f-0d46-4946-a628-7ebfee4b21af.jpg','upload/store/1/2016/03/09',0,800,1,32768,NULL),(426167,'2016-03-09 18:27:18','\0','jpg',372,NULL,'a2f2cc33-c43b-442e-bffd-51bf1ad1e266.jpg','upload/store/1/2016/03/09',0,390,1,32768,NULL),(426168,'2016-03-09 18:28:17','\0','jpg',550,NULL,'bd17818c-3fd5-44ca-b608-ef1133b86f5c.jpg','upload/store/1/2016/03/09',0,550,1,32768,NULL),(426169,'2016-03-09 18:29:58','\0','jpg',383,NULL,'4c40573c-8e3a-41bc-b8b9-e15fa7a989e0.jpg','upload/store/1/2016/03/09',0,400,1,32768,NULL),(426170,'2016-03-09 18:31:30','\0','jpg',421,NULL,'e749591e-0538-4622-a1f8-804b703c7cf0.jpg','upload/store/1/2016/03/09',0,392,1,32768,NULL),(426171,'2016-03-09 18:31:55','\0','jpg',800,NULL,'2ce99e66-968c-442f-b5f9-b814805a6ba4.jpg','upload/store/1/2016/03/09',0,800,1,32768,NULL),(426172,'2016-03-09 18:32:13','\0','jpg',275,NULL,'bf859a15-af99-48b7-8cf8-7ef44e91cf85.jpg','upload/store/1/2016/03/09',0,425,1,32768,NULL),(426173,'2016-03-09 18:33:02','\0','jpg',800,NULL,'15cee948-17d8-4054-93a7-29eb619f0cb1.jpg','upload/store/1/2016/03/09',0,800,1,32768,NULL),(426174,'2016-03-09 18:35:53','\0','jpg',393,NULL,'9c01a528-dc15-4ba0-8c81-6b3f590a9f05.jpg','upload/store/1/2016/03/09',0,410,1,32768,NULL),(426175,'2016-03-09 18:36:13','\0','jpg',305,NULL,'bb1aa166-a15f-4ecc-9414-5f0d1507417d.jpg','upload/store/1/2016/03/09',0,300,1,32768,NULL),(426176,'2016-03-09 18:39:06','\0','jpg',415,NULL,'021a0e1c-9f1d-41b8-b03b-91d1533c7607.jpg','upload/store/1/2016/03/09',0,388,1,32768,NULL),(426178,'2016-03-09 18:39:59','\0','jpg',400,NULL,'8d0dec0b-2a17-4151-90d4-ed0016056cf0.jpg','upload/store/1/2016/03/09',0,400,1,32768,NULL),(426179,'2016-03-09 18:40:16','\0','jpg',740,NULL,'31322545-4422-43aa-8350-0dbd59c7f63d.jpg','upload/store/1/2016/03/09',0,740,1,32768,NULL),(426180,'2016-03-09 18:40:52','\0','jpg',493,NULL,'28121023-2bb1-41d3-8b63-68724d449782.jpg','upload/store/1/2016/03/09',0,497,1,32768,NULL),(426182,'2016-03-09 18:42:06','\0','jpg',400,NULL,'8e5bf720-4f92-46ed-b1fe-34c683336918.jpg','upload/store/1/2016/03/09',0,400,1,32768,NULL),(426184,'2016-03-09 18:43:05','\0','png',300,NULL,'7d4aa773-0aac-4fe3-9f0b-dd0a2894896c.png','upload/store/1/2016/03/09',0,208,1,32768,NULL),(426185,'2016-03-09 18:43:21','\0','jpg',792,NULL,'3adcc661-34b9-4e2a-a4fd-3b5538ac683a.jpg','upload/store/1/2016/03/09',0,647,1,32768,NULL),(426186,'2016-03-09 18:43:41','\0','jpg',800,NULL,'94d9c717-1a37-457e-aba7-93bba9fa6e08.jpg','upload/store/1/2016/03/09',0,800,1,32768,NULL),(426189,'2016-03-09 18:45:35','\0','jpg',290,NULL,'ed832a7f-58ef-4c54-b830-db2f9e43ea98.jpg','upload/store/1/2016/03/09',0,302,1,32768,NULL),(426190,'2016-03-09 18:46:14','\0','jpg',500,NULL,'0314c749-c7ea-48bc-a95b-c9b949ecb81b.jpg','upload/store/1/2016/03/09',0,500,1,32768,NULL),(426191,'2016-03-09 18:47:04','\0','png',367,NULL,'0d179751-9d01-4344-9d8a-99dba7b997c0.png','upload/store/1/2016/03/09',0,334,1,32768,NULL),(426192,'2016-03-09 18:47:45','\0','jpg',401,NULL,'4c250695-4908-4153-adf4-31015182ea27.jpg','upload/store/1/2016/03/09',0,401,1,32768,NULL),(426193,'2016-03-09 18:48:48','\0','jpg',772,NULL,'11493d1a-b497-4e16-ad4f-eae69649ea4c.jpg','upload/store/1/2016/03/09',0,790,1,32768,NULL),(426194,'2016-03-09 18:49:05','\0','jpg',308,NULL,'dedf7bbd-c4a7-4435-94d2-e01c42119b6a.jpg','upload/store/1/2016/03/09',0,308,1,32768,NULL),(426195,'2016-03-09 18:49:20','\0','jpg',400,NULL,'a37e2cdc-8705-4e24-9fed-deab364bbfef.jpg','upload/store/1/2016/03/09',0,400,1,32768,NULL),(426196,'2016-03-09 18:51:41','\0','jpg',400,NULL,'fcc7a0fa-abfc-4093-9eaa-4db470c3b58c.jpg','upload/store/1/2016/03/09',0,400,1,32768,NULL),(426197,'2016-03-09 18:52:27','\0','jpg',700,NULL,'cebbfba6-9fab-449b-bed2-8bb01ff2f957.jpg','upload/store/1/2016/03/09',0,500,1,32768,NULL),(426198,'2016-03-09 18:53:07','\0','jpg',500,NULL,'2271a41b-5209-495c-81b1-4fa0a2ae906a.jpg','upload/store/1/2016/03/09',0,500,1,32768,NULL),(426199,'2016-03-09 18:53:43','\0','jpg',475,NULL,'b9225406-e3e7-4335-ad93-4dcc44b2d8d1.jpg','upload/store/1/2016/03/09',0,474,1,32768,NULL),(426200,'2016-03-09 18:57:08','\0','jpg',417,NULL,'5708132d-c44a-41c3-843c-61d363642bac.jpg','upload/store/1/2016/03/09',0,446,1,32768,NULL),(426201,'2016-03-09 18:57:43','\0','jpg',700,NULL,'c6103a7d-aadd-4fec-ac92-9808d500c3b8.jpg','upload/store/1/2016/03/09',0,700,1,32768,NULL),(426202,'2016-03-09 18:58:07','\0','jpg',480,NULL,'19915265-fac4-4d5b-aa55-b49cfce3d93f.jpg','upload/store/1/2016/03/09',0,480,1,32768,NULL),(426203,'2016-03-09 18:58:29','\0','jpg',310,NULL,'b2bc8d6a-ee7e-41a2-b45f-b2bbe5fe1567.jpg','upload/store/1/2016/03/09',0,281,1,32768,NULL),(426204,'2016-03-09 18:58:57','\0','jpg',400,NULL,'c9876b4b-678e-4f09-85c8-81f1fe3e5468.jpg','upload/store/1/2016/03/09',0,400,1,32768,NULL),(426205,'2016-03-09 19:03:13','\0','jpg',389,NULL,'2ad74b8f-dbe0-43eb-bee6-4cd1daf78edb.jpg','upload/store/1/2016/03/09',0,427,1,32768,NULL),(426206,'2016-03-09 19:03:55','\0','jpg',800,NULL,'20c0f66b-104b-4622-a741-5194da919e46.jpg','upload/store/1/2016/03/09',0,800,1,32768,NULL),(426207,'2016-03-09 19:04:20','\0','jpg',388,NULL,'be385d5d-301a-4d4d-becf-7e646923ab9d.jpg','upload/store/1/2016/03/09',0,396,1,32768,NULL),(426208,'2016-03-09 19:11:36','\0','jpg',480,NULL,'2f055440-9779-4085-989a-feb0c1853836.jpg','upload/store/1/2016/03/09',0,480,1,32768,NULL),(426209,'2016-03-09 19:12:05','\0','jpg',550,NULL,'2cd22a7e-e725-4a3b-b419-41aecd64c6a2.jpg','upload/store/1/2016/03/09',0,554,1,32768,NULL),(426210,'2016-03-09 19:12:43','\0','jpg',600,NULL,'fdd1ecf2-3112-4ebd-84b3-36bad90072cb.jpg','upload/store/1/2016/03/09',0,600,1,32768,NULL),(426211,'2016-03-09 19:13:01','\0','jpg',350,NULL,'7b3e3b21-ce62-492b-8e2f-18dc7098d6b8.jpg','upload/store/1/2016/03/09',0,350,1,32768,NULL),(426212,'2016-03-09 19:17:40','\0','jpg',800,NULL,'334b69c0-cafa-48ca-a15c-73ea660574ad.jpg','upload/store/1/2016/03/09',0,800,1,32768,NULL),(426213,'2016-03-09 19:18:22','\0','jpg',420,NULL,'642cfcba-a973-420c-a5e8-ba733b3e6557.jpg','upload/store/1/2016/03/09',0,640,1,32768,NULL),(426214,'2016-03-09 19:54:01','\0','jpg',563,NULL,'75ddb0c0-f60f-4848-8cf4-71fbcdc6d649.jpg','upload/store/1/2016/03/09',0,750,1,32768,NULL),(426215,'2016-03-09 19:55:17','\0','jpg',563,NULL,'f7ecff28-224f-4fbe-9077-837ba32c499b.jpg','upload/store/1/2016/03/09',0,750,1,32768,NULL),(426216,'2016-03-09 19:55:54','\0','jpg',800,NULL,'0f9c9ba2-95cf-4dce-bae1-d72679a1d56f.jpg','upload/store/1/2016/03/09',0,800,1,32768,NULL),(426217,'2016-03-09 19:56:40','\0','jpg',640,NULL,'3a860437-4784-4e8a-8738-ad3d6592559e.jpg','upload/store/1/2016/03/09',0,640,1,32768,NULL),(426218,'2016-03-09 19:57:04','\0','jpg',640,NULL,'89fda20b-ad64-41dd-896a-2426f6cf1b81.jpg','upload/store/1/2016/03/09',0,640,1,32768,NULL),(426220,'2016-03-09 19:58:24','\0','png',505,NULL,'2886a176-25cf-440d-98c6-0e1e88b18b02.png','upload/store/1/2016/03/09',0,556,1,32768,NULL),(426221,'2016-03-09 19:58:51','\0','jpg',480,NULL,'599a49ac-3f9d-40d3-8b66-f3e5d942c9c1.jpg','upload/store/1/2016/03/09',0,480,1,32768,NULL),(426223,'2016-03-09 19:59:30','\0','jpg',640,NULL,'64d65f56-0bdc-4caa-9dc8-62d824c99de9.jpg','upload/store/1/2016/03/09',0,640,1,32768,NULL),(426224,'2016-03-09 19:59:51','\0','jpg',429,NULL,'49983be9-a0cd-4eca-881e-43a38a440612.jpg','upload/store/1/2016/03/09',0,450,1,32768,NULL),(426225,'2016-03-09 20:00:17','\0','jpg',620,NULL,'c196a3f3-d1c7-477f-b703-8548185885a7.jpg','upload/store/1/2016/03/09',0,687,1,32768,NULL),(426227,'2016-03-09 20:01:04','\0','jpg',400,NULL,'4315bc5e-d7e4-4c75-89e1-bf9e0177ccec.jpg','upload/store/1/2016/03/09',0,400,1,32768,NULL),(426228,'2016-03-09 20:01:38','\0','jpg',430,NULL,'23a9cbad-b73b-4e07-88dd-87bb48071447.jpg','upload/store/1/2016/03/09',0,430,1,32768,NULL),(426229,'2016-03-09 20:02:23','\0','jpg',430,NULL,'b54e3d6b-5f97-4fa5-9d3a-2c18a4cac20f.jpg','upload/store/1/2016/03/09',0,430,1,32768,NULL),(426234,'2016-03-09 20:04:33','\0','jpg',460,NULL,'84ab13d3-42d1-44cc-bd7c-9f284a83ea9f.jpg','upload/store/1/2016/03/09',0,460,1,32768,NULL),(426236,'2016-03-09 20:05:40','\0','jpg',800,NULL,'da504c07-8b39-4b94-8bb7-5efe07445852.jpg','upload/store/1/2016/03/09',0,800,1,32768,NULL),(426237,'2016-03-09 20:06:07','\0','jpg',520,NULL,'980ac438-1f1a-4d0d-b243-ce76344983d3.jpg','upload/store/1/2016/03/09',0,734,1,32768,NULL),(426238,'2016-03-09 20:06:25','\0','jpg',827,NULL,'88e97f9a-d7b3-4a99-be2f-5fe34aabffb1.jpg','upload/store/1/2016/03/09',0,839,1,32768,NULL),(426240,'2016-03-09 20:07:53','\0','png',400,NULL,'295a3d6a-bc76-40a3-9771-f2c35ddc5279.png','upload/store/1/2016/03/09',0,400,1,32768,NULL),(426242,'2016-03-09 20:08:58','\0','jpg',671,NULL,'7dcf4d1e-78e3-440e-af7c-8c3926f8dde2.jpg','upload/store/1/2016/03/09',0,606,1,32768,NULL),(426243,'2016-03-09 20:09:42','\0','jpg',600,NULL,'206f924c-29fe-47d1-be98-2e6fe91a42c0.jpg','upload/store/1/2016/03/09',0,600,1,32768,NULL),(426244,'2016-03-09 20:10:05','\0','jpg',400,NULL,'4735ad18-cbfc-4303-9cba-d39d681593b8.jpg','upload/store/1/2016/03/09',0,400,1,32768,NULL),(426246,'2016-03-09 20:11:07','\0','jpg',310,NULL,'bee754be-63a1-4803-b6c3-d9f0e2570558.jpg','upload/store/1/2016/03/09',0,310,1,32768,NULL),(426247,'2016-03-09 20:11:28','\0','png',400,NULL,'5eaf763f-79f5-4f0f-bdb5-3c1ed4e51439.png','upload/store/1/2016/03/09',0,400,1,32768,NULL),(426249,'2016-03-09 20:12:09','\0','jpg',400,NULL,'4f3dd7e2-5812-4c9c-b490-a93d5287f69e.jpg','upload/store/1/2016/03/09',0,400,1,32768,NULL),(426252,'2016-03-09 20:13:49','\0','jpg',466,NULL,'41ba4fa8-5376-4f73-8dfc-b17f2ac8f381.jpg','upload/store/1/2016/03/09',0,466,1,32768,NULL),(426253,'2016-03-09 20:14:07','\0','jpg',800,NULL,'8c57aaae-3d87-47d4-a950-f7283aa5b972.jpg','upload/store/1/2016/03/09',0,800,1,32768,NULL),(426257,'2016-03-09 20:19:02','\0','jpg',400,NULL,'9956ffdb-26fa-412c-9f69-ac68db460c58.jpg','upload/store/1/2016/03/09',0,400,1,32768,NULL),(426259,'2016-03-09 20:20:15','\0','jpg',500,NULL,'3a8cd5b0-3105-4b24-a0cb-6d729ae8bc8a.jpg','upload/store/1/2016/03/09',0,500,1,32768,NULL),(426260,'2016-03-09 20:20:30','\0','jpg',800,NULL,'e6fecda9-b584-466d-9e33-d0329bd83aa2.jpg','upload/store/1/2016/03/09',0,800,1,32768,NULL),(426261,'2016-03-09 20:21:00','\0','jpg',800,NULL,'dcadcf50-eb88-4500-8e86-d4da0cb0f484.jpg','upload/store/1/2016/03/09',0,800,1,32768,NULL),(426262,'2016-03-09 20:24:46','\0','jpg',800,NULL,'ae2d4318-bb0e-4fdd-87f5-40579bca5443.jpg','upload/store/1/2016/03/09',0,800,1,32768,NULL),(426264,'2016-03-09 20:25:48','\0','png',451,NULL,'8dede06c-7b84-43c9-8530-709d6e0b92b0.png','upload/store/1/2016/03/09',0,419,1,32768,NULL),(426265,'2016-03-09 20:26:30','\0','jpg',750,NULL,'588324fc-1bc1-44a8-8d7c-ad2f37dcf42f.jpg','upload/store/1/2016/03/09',0,750,1,32768,NULL),(426266,'2016-03-09 20:27:21','\0','jpg',416,NULL,'7d16200c-cc1e-46ed-b53a-71d7f714f335.jpg','upload/store/1/2016/03/09',0,419,1,32768,NULL),(426267,'2016-03-09 20:27:46','\0','jpg',728,NULL,'edd21179-2515-480f-ac95-c33700a2fe14.jpg','upload/store/1/2016/03/09',0,728,1,32768,NULL),(426268,'2016-03-09 20:28:47','\0','jpg',418,NULL,'2166ef4b-56eb-44e4-a032-ac3b61cde046.jpg','upload/store/1/2016/03/09',0,417,1,32768,NULL),(426271,'2016-03-09 20:30:13','\0','jpg',460,NULL,'c9d4616b-3ff7-4a20-8a21-0cf6bf0459bd.jpg','upload/store/1/2016/03/09',0,460,1,32768,NULL),(426290,'2016-03-09 20:40:11','\0','png',397,NULL,'a0d40300-22cf-457e-9616-1f70e54c1b60.png','upload/store/1/2016/03/09',0,393,1,32768,NULL),(426296,'2016-03-09 21:26:37','\0','jpg',800,NULL,'3dad7cec-54cd-444f-a350-a514af6f97bd.jpg','upload/store/1/2016/03/09',0,800,1,32768,NULL),(426300,'2016-03-09 21:35:22','\0','jpg',720,NULL,'21bef50c-6ee3-457e-9943-e64e8c4c0462.jpg','upload/store/1/2016/03/09',0,718,1,32768,NULL),(426301,'2016-03-09 21:36:54','\0','jpg',715,NULL,'6ab61eed-58fd-4ac4-bfea-8f47d6171fed.jpg','upload/store/1/2016/03/09',0,717,1,32768,NULL),(426302,'2016-03-09 21:38:55','\0','jpg',720,NULL,'da674445-3451-4f65-9dff-43a01f0af371.jpg','upload/store/1/2016/03/09',0,719,1,32768,NULL),(426303,'2016-03-09 21:40:46','\0','jpg',600,NULL,'50db6d66-a19d-40d5-9875-f4c1f27c7ec4.jpg','upload/store/1/2016/03/09',0,599,1,32768,NULL),(426304,'2016-03-14 10:50:34','\0','jpg',300,NULL,'949e869a-9176-419e-bf27-445fddf40aaf.jpg','upload/advert',188573,640,NULL,NULL,NULL),(426305,'2016-03-14 11:15:53','\0','jpg',300,NULL,'a578b9f7-5732-48cd-a633-874c5804789f.jpg','upload/advert',188573,640,NULL,NULL,NULL),(426306,'2016-03-14 10:56:12','\0','jpg',300,NULL,'3408d449-4734-4da6-b333-2edf74925c74.jpg','upload/advert',160208,640,NULL,NULL,NULL),(426307,'2016-03-14 11:16:06','\0','jpg',300,NULL,'01a775b9-50ed-4763-8088-187026bda5da.jpg','upload/advert',157748,640,NULL,NULL,NULL),(426308,'2016-04-01 18:03:10','\0','jpg',200,NULL,'7d1de9c2-4846-4a98-b10c-5e6f98fb4916.jpg','upload/store_logo',8039,200,NULL,NULL,NULL),(426309,'2016-04-04 13:39:23','\0','jpg',368,NULL,'0e7b41fc-7253-43eb-8192-1e78b1551cc6.jpg','upload/activity',154216,1210,NULL,NULL,NULL),(426310,'2016-04-04 16:07:28','\0','jpg',398,NULL,'8683c4df-abcc-48f9-ba14-8c19c44c18be.jpg','upload/store/1/2016/04/04',0,401,1,32768,NULL),(426311,'2016-04-04 16:07:32','\0','jpg',399,NULL,'940a1b26-5b76-49d4-9c5d-e2577ee7f15b.jpg','upload/store/1/2016/04/04',0,400,1,32768,NULL),(426312,'2016-04-04 16:07:36','\0','jpg',400,NULL,'169661b6-6343-4915-9661-5bee8c6733aa.jpg','upload/store/1/2016/04/04',0,397,1,32768,NULL),(426317,'2016-04-04 16:26:35','\0','jpg',800,NULL,'878b1495-c07a-4ce1-9e18-058031098555.jpg','upload/store/1/2016/04/04',0,750,1,32768,NULL),(426318,'2016-04-04 16:26:42','\0','jpg',1077,NULL,'b1bc4c7a-53df-442f-81d0-a95b641c2726.jpg','upload/store/1/2016/04/04',0,750,1,32768,NULL),(426319,'2016-04-04 16:36:04','\0','jpg',570,NULL,'c51ca320-b9d9-4bed-b64a-f4768557f57c.jpg','upload/store/1/2016/04/04',0,615,1,32768,NULL),(426320,'2016-04-04 16:36:08','\0','jpg',574,NULL,'039f78c8-1e7b-41ec-9734-8063b90588e2.jpg','upload/store/1/2016/04/04',0,617,1,32768,NULL),(426321,'2016-04-04 16:36:12','\0','jpg',568,NULL,'0de6d172-5f47-445d-8ab9-bedb8bebad4a.jpg','upload/store/1/2016/04/04',0,617,1,32768,NULL),(426322,'2016-04-04 16:36:18','\0','jpg',1000,NULL,'9f02c287-0962-4d4d-a474-5c7328199651.jpg','upload/store/1/2016/04/04',0,750,1,32768,NULL),(426323,'2016-04-04 16:36:21','\0','jpg',1202,NULL,'f0cc1d42-ad62-4274-bad1-879db5d3c9ce.jpg','upload/store/1/2016/04/04',0,750,1,32768,NULL),(426324,'2016-04-04 16:48:53','\0','jpg',419,NULL,'261aa20f-fc4e-42c8-9a02-cba9a773d019.jpg','upload/store/1/2016/04/04',0,416,1,32768,NULL),(426325,'2016-04-04 16:48:57','\0','jpg',415,NULL,'a4d8cad7-c222-464c-bd57-42ece219a8f3.jpg','upload/store/1/2016/04/04',0,420,1,32768,NULL),(426326,'2016-04-04 16:49:01','\0','jpg',425,NULL,'c455aab0-a5ce-4957-87f7-c04b5837e7f9.jpg','upload/store/1/2016/04/04',0,418,1,32768,NULL),(426327,'2016-04-04 16:49:08','\0','jpg',766,NULL,'c5e18ee0-b0ab-4094-bbe7-0ea1f10c5fa5.jpg','upload/store/1/2016/04/04',0,790,1,32768,NULL),(426328,'2016-04-04 16:49:16','\0','jpg',1048,NULL,'cd1aea48-da4a-41d4-b7e6-75d9d0d10159.jpg','upload/store/1/2016/04/04',0,790,1,32768,NULL),(426329,'2016-04-04 17:02:56','\0','jpg',600,NULL,'f5aaad92-231d-45b1-8971-681afd483884.jpg','upload/store/1/2016/04/04',0,790,1,32768,NULL),(426330,'2016-04-04 17:10:16','\0','jpg',421,NULL,'1d654e64-47f8-46dd-b3c4-1d0e806af0c1.jpg','upload/store/1/2016/04/04',0,435,1,32768,NULL),(426331,'2016-04-04 17:10:18','\0','jpg',416,NULL,'53418876-91e8-466f-b421-8d66527f7bf1.jpg','upload/store/1/2016/04/04',0,426,1,32768,NULL),(426332,'2016-04-04 17:10:22','\0','jpg',416,NULL,'4be02ba5-3032-496c-bf8a-237d99304b9a.jpg','upload/store/1/2016/04/04',0,413,1,32768,NULL),(426334,'2016-04-04 17:10:45','\0','jpg',600,NULL,'7a6dd5a2-2728-49e6-9d41-42cfd5c51a21.jpg','upload/store/1/2016/04/04',0,790,1,32768,NULL),(426335,'2016-04-04 17:24:37','\0','jpg',420,NULL,'b23a1411-8002-48eb-bc3a-3624ed6ee3ce.jpg','upload/store/1/2016/04/04',0,416,1,32768,NULL),(426336,'2016-04-04 17:24:43','\0','jpg',418,NULL,'3a2053b8-d53d-4967-b448-daa5d4ecb3cc.jpg','upload/store/1/2016/04/04',0,415,1,32768,NULL),(426337,'2016-04-04 17:24:46','\0','jpg',419,NULL,'984c5f77-37d8-49ef-bf9f-1cec2fccfe21.jpg','upload/store/1/2016/04/04',0,417,1,32768,NULL),(426338,'2016-04-04 17:24:49','\0','jpg',413,NULL,'0a498b96-4233-4331-922e-01e4873242e2.jpg','upload/store/1/2016/04/04',0,409,1,32768,NULL),(426340,'2016-04-04 17:26:07','\0','jpg',592,NULL,'8dbeded6-f229-4957-9bf6-198d21696ddd.jpg','upload/store/1/2016/04/04',0,790,1,32768,NULL),(426341,'2016-04-04 17:32:54','\0','jpg',823,NULL,'444ed816-9db0-456d-a28c-fcc7fc900097.jpg','upload/store/1/2016/04/04',0,778,1,32768,NULL),(426342,'2016-04-04 17:34:37','\0','jpg',419,NULL,'7409991b-ff7a-4481-8402-dbead4fc7285.jpg','upload/store/1/2016/04/04',0,419,1,32768,NULL),(426343,'2016-04-04 17:34:39','\0','jpg',418,NULL,'782382ed-8679-4e62-bfc2-be17dd920079.jpg','upload/store/1/2016/04/04',0,421,1,32768,NULL),(426344,'2016-04-04 17:34:41','\0','jpg',419,NULL,'bc80fde7-4bbe-4450-a7b4-1f205c050937.jpg','upload/store/1/2016/04/04',0,415,1,32768,NULL),(426345,'2016-04-04 17:34:44','\0','jpg',736,NULL,'09ab7939-e4df-46fd-aadb-cad2911b2f00.jpg','upload/store/1/2016/04/04',0,778,1,32768,NULL),(426348,'2016-04-04 17:46:16','\0','jpg',418,NULL,'3c472df1-3280-4cf5-b6f3-c98c66cb136a.jpg','upload/store/1/2016/04/04',0,413,1,32768,NULL),(426349,'2016-04-04 17:46:18','\0','jpg',414,NULL,'032dc084-0e54-4ba6-a258-9815ba62b403.jpg','upload/store/1/2016/04/04',0,415,1,32768,NULL),(426350,'2016-04-04 17:46:21','\0','jpg',415,NULL,'f3846aec-459d-4897-b301-17c7e2954060.jpg','upload/store/1/2016/04/04',0,432,1,32768,NULL),(426351,'2016-04-04 17:46:24','\0','jpg',1500,NULL,'e991e8d4-be94-4f42-ac7e-5fbaeaac7d38.jpg','upload/store/1/2016/04/04',0,790,1,32768,NULL),(426353,'2016-04-04 17:55:35','\0','jpg',418,NULL,'7e289bdf-270d-4aa3-84e7-18fac7c5446c.jpg','upload/store/1/2016/04/04',0,423,1,32768,NULL),(426354,'2016-04-04 17:55:37','\0','jpg',418,NULL,'4251c8f6-03ac-43de-9c34-a16120c51474.jpg','upload/store/1/2016/04/04',0,419,1,32768,NULL),(426355,'2016-04-04 17:55:40','\0','jpg',417,NULL,'22c921a1-ed29-4f78-86ad-e751a417d8ee.jpg','upload/store/1/2016/04/04',0,418,1,32768,NULL),(426356,'2016-04-04 17:55:43','\0','jpg',959,NULL,'c69f3b06-7bb0-4b25-a09d-69a5e3e182d8.jpg','upload/store/1/2016/04/04',0,790,1,32768,NULL),(426357,'2016-04-04 17:55:48','\0','jpg',1064,NULL,'bf6d1bb0-2823-45c6-bd7f-a90a911ea27c.jpg','upload/store/1/2016/04/04',0,790,1,32768,NULL),(426358,'2016-04-04 18:02:22','\0','jpg',419,NULL,'3dccce3e-b6b9-4f7e-9a5c-694a162aa88d.jpg','upload/store/1/2016/04/04',0,415,1,32768,NULL),(426359,'2016-04-04 18:02:25','\0','jpg',417,NULL,'4c031b9b-5553-45d6-b442-c5b4ff8f742a.jpg','upload/store/1/2016/04/04',0,417,1,32768,NULL),(426360,'2016-04-04 18:02:27','\0','jpg',420,NULL,'7544a6bc-41d4-4cb3-9f20-f52053d4d1c4.jpg','upload/store/1/2016/04/04',0,414,1,32768,NULL),(426361,'2016-04-04 18:02:30','\0','jpg',1534,NULL,'7b0c0465-7e9c-4676-8aa5-19f68eb3d2ba.jpg','upload/store/1/2016/04/04',0,790,1,32768,NULL),(426362,'2016-04-04 18:02:36','\0','jpg',1518,NULL,'0e474a11-ae41-4802-8edb-684e97f58d7c.jpg','upload/store/1/2016/04/04',0,790,1,32768,NULL),(426363,'2016-04-04 18:06:35','\0','jpg',419,NULL,'7c8d82c1-bfa6-42fd-9921-6755d04c207c.jpg','upload/store/1/2016/04/04',0,416,1,32768,NULL),(426364,'2016-04-04 18:06:39','\0','jpg',418,NULL,'a30e38d0-c5f8-44b1-bc10-3a9b3e970dd8.jpg','upload/store/1/2016/04/04',0,418,1,32768,NULL),(426365,'2016-04-04 18:06:44','\0','jpg',416,NULL,'8ea4f1ec-07b7-423e-ad8e-776636e3a5e1.jpg','upload/store/1/2016/04/04',0,416,1,32768,NULL),(426367,'2016-04-04 18:06:54','\0','jpg',508,NULL,'30f29109-5979-46ca-a980-7bba16d5e721.jpg','upload/store/1/2016/04/04',0,750,1,32768,NULL),(426368,'2016-04-04 18:07:02','\0','jpg',874,NULL,'dbf36624-542e-4099-b1d9-e3cf9d9a03b7.jpg','upload/store/1/2016/04/04',0,750,1,32768,NULL),(426369,'2016-04-04 18:11:12','\0','png',420,NULL,'df2e0d8b-047a-4e95-9c31-e5b22c8480b1.png','upload/store/1/2016/04/04',0,417,1,32768,NULL),(426370,'2016-04-04 18:11:16','\0','png',418,NULL,'d7f12f86-cba0-4107-9a9d-e77f016ae1d4.png','upload/store/1/2016/04/04',0,415,1,32768,NULL),(426371,'2016-04-04 18:11:22','\0','jpg',1200,NULL,'edf9e230-6b9d-46a7-9065-c5900275fb00.jpg','upload/store/1/2016/04/04',0,790,1,32768,NULL),(426372,'2016-04-04 18:11:28','\0','jpg',307,NULL,'35a44450-72a8-4806-a7ac-41af954810a1.jpg','upload/store/1/2016/04/04',0,396,1,32768,NULL),(426373,'2016-04-04 18:11:32','\0','jpg',1200,NULL,'17f61b1a-994e-41f9-bc3e-95d28bf9a6a6.jpg','upload/store/1/2016/04/04',0,790,1,32768,NULL),(426374,'2016-04-04 20:45:31','\0','jpg',419,NULL,'2e350c6d-ed22-4cab-a9c2-01fd4d94cd85.jpg','upload/store/32769/2016/04/04',0,408,2,32769,NULL),(426376,'2016-04-04 20:45:37','\0','jpg',426,NULL,'cc6f7684-7670-4c30-a30b-01ed146cf24d.jpg','upload/store/32769/2016/04/04',0,432,2,32769,NULL),(426377,'2016-04-04 20:45:44','\0','jpg',418,NULL,'8ad131f7-7c98-437d-a1e8-abb0d87d69cf.jpg','upload/store/32769/2016/04/04',0,437,2,32769,NULL),(426378,'2016-04-04 20:45:49','\0','jpg',315,NULL,'13c4e105-bf86-4ee9-ae14-aa5d6a76f9f9.jpg','upload/store/32769/2016/04/04',0,790,2,32769,NULL),(426379,'2016-04-04 20:45:53','\0','png',544,NULL,'fe46dffa-427d-443d-962a-c6c0a57e1421.png','upload/store/32769/2016/04/04',0,791,2,32769,NULL),(426380,'2016-04-04 20:49:46','\0','jpg',423,NULL,'f8179218-f585-4e3f-bc2d-1e2e714b348b.jpg','upload/store/32769/2016/04/04',0,433,2,32769,NULL),(426381,'2016-04-04 20:49:50','\0','png',378,NULL,'883c9f9d-e17f-4b21-b05d-e067f5bca1ee.png','upload/store/32769/2016/04/04',0,435,2,32769,NULL),(426382,'2016-04-04 20:49:53','\0','jpg',562,NULL,'3d5c30c1-41cd-421a-a20d-c522f89e5323.jpg','upload/store/32769/2016/04/04',0,750,2,32769,NULL),(426383,'2016-04-04 20:49:56','\0','jpg',564,NULL,'6189422c-4677-4bc6-8745-79f401f64b03.jpg','upload/store/32769/2016/04/04',0,750,2,32769,NULL),(426384,'2016-04-04 20:49:59','\0','jpg',528,NULL,'175f5d19-c126-48cd-989e-82d6fa3237ae.jpg','upload/store/32769/2016/04/04',0,790,2,32769,NULL),(426385,'2016-04-06 15:34:13','\0','jpg',724,NULL,'f481bb63-8b04-4abb-b2b9-0070a4ef974b.jpg','upload/store/1/2016/04/06',0,872,1,32768,NULL),(426386,'2016-04-06 16:39:15','\0','png',414,NULL,'6c8e5775-3557-4ee3-9977-376bd14aeae8.png','upload/store/1/2016/04/06',0,412,1,32768,NULL),(426387,'2016-04-06 16:39:18','\0','png',421,NULL,'cf12064d-926a-4361-be93-bc71ac3c275f.png','upload/store/1/2016/04/06',0,423,1,32768,NULL),(426388,'2016-04-06 16:39:21','\0','png',424,NULL,'551e2510-e762-4544-9db8-55739edfdce9.png','upload/store/1/2016/04/06',0,427,1,32768,NULL),(426389,'2016-04-06 16:39:25','\0','jpg',906,NULL,'38acdd97-d8ed-4497-bd4f-0449a886c611.jpg','upload/store/1/2016/04/06',0,790,1,32768,NULL),(426390,'2016-04-06 16:45:12','\0','png',400,NULL,'2875987f-756d-4556-9a74-058c0d582b32.png','upload/store/1/2016/04/06',0,401,1,32768,NULL),(426391,'2016-04-06 16:45:22','\0','png',414,NULL,'0a9075fd-4cfe-4157-9c8a-57bd5891c92d.png','upload/store/1/2016/04/06',0,416,1,32768,NULL),(426392,'2016-04-06 16:45:25','\0','png',423,NULL,'2c3167d8-6a4f-41b3-a882-92ee9bff32ea.png','upload/store/1/2016/04/06',0,422,1,32768,NULL),(426393,'2016-04-06 16:45:29','\0','png',418,NULL,'32b0fc47-37fc-4c3e-a246-e1a9ca4503f5.png','upload/store/1/2016/04/06',0,425,1,32768,NULL),(426394,'2016-04-06 16:45:32','\0','png',423,NULL,'e0d6a348-6ac2-45e5-8a68-79f3fda08f8e.png','upload/store/1/2016/04/06',0,427,1,32768,NULL),(426395,'2016-04-06 16:54:05','\0','jpg',418,NULL,'6b40e445-09fc-4f89-8ca4-99ecee6494d9.jpg','upload/store/1/2016/04/06',0,418,1,32768,NULL),(426396,'2016-04-06 16:54:09','\0','jpg',418,NULL,'c659dca2-e023-46bf-bfdd-3f16bada0f7f.jpg','upload/store/1/2016/04/06',0,411,1,32768,NULL),(426397,'2016-04-06 16:54:13','\0','jpg',415,NULL,'61197949-2007-4262-aec1-c782314d4389.jpg','upload/store/1/2016/04/06',0,417,1,32768,NULL),(426398,'2016-04-06 16:54:16','\0','jpg',418,NULL,'ba8a9f7f-cb7a-4260-b964-442b414362af.jpg','upload/store/1/2016/04/06',0,421,1,32768,NULL),(426399,'2016-04-06 16:58:04','\0','jpg',419,NULL,'6e37481c-e531-4d8e-8a46-f99438abaebd.jpg','upload/store/1/2016/04/06',0,423,1,32768,NULL),(426400,'2016-04-06 16:58:06','\0','jpg',421,NULL,'b87d840b-fd39-4803-962f-994d77a68dc1.jpg','upload/store/1/2016/04/06',0,413,1,32768,NULL),(426401,'2016-04-06 16:58:09','\0','jpg',418,NULL,'c3d20fa9-49dd-4707-946c-f8d0d77e8293.jpg','upload/store/1/2016/04/06',0,416,1,32768,NULL),(426402,'2016-04-06 16:58:29','\0','jpg',419,NULL,'da8d5bed-5b9d-4fe5-823f-610c4562d956.jpg','upload/store/1/2016/04/06',0,423,1,32768,NULL),(426403,'2016-04-06 16:58:32','\0','jpg',421,NULL,'72510e37-5268-433a-b042-11d750896bf6.jpg','upload/store/1/2016/04/06',0,413,1,32768,NULL),(426404,'2016-04-06 16:58:34','\0','jpg',418,NULL,'39863297-3ed0-40fe-999e-e8aaa6c2b824.jpg','upload/store/1/2016/04/06',0,416,1,32768,NULL),(426405,'2016-04-06 17:03:57','\0','jpg',420,NULL,'2a4c105f-d92e-4268-b7e9-c2f015e1a614.jpg','upload/store/1/2016/04/06',0,417,1,32768,NULL),(426406,'2016-04-06 17:03:59','\0','jpg',419,NULL,'7d21b214-81b0-49b1-a2a1-aefb541dcd63.jpg','upload/store/1/2016/04/06',0,426,1,32768,NULL),(426407,'2016-04-06 17:04:02','\0','jpg',416,NULL,'0e893b75-c615-4665-b929-90d825976151.jpg','upload/store/1/2016/04/06',0,413,1,32768,NULL),(426408,'2016-04-06 17:13:19','\0','jpg',417,NULL,'33de2d44-8c47-499f-aabc-7367b330b801.jpg','upload/store/1/2016/04/06',0,413,1,32768,NULL),(426409,'2016-04-06 17:13:23','\0','jpg',417,NULL,'cf391a5e-a9c3-4cc6-894b-54e376a3385b.jpg','upload/store/1/2016/04/06',0,423,1,32768,NULL),(426410,'2016-04-06 17:13:26','\0','jpg',418,NULL,'807650c3-c617-48be-a3b0-2ca6cfbc6f58.jpg','upload/store/1/2016/04/06',0,415,1,32768,NULL),(426415,'2016-04-06 17:20:26','\0','jpg',420,NULL,'707f0bde-c7e6-47ed-880e-45029af157b0.jpg','upload/store/1/2016/04/06',0,417,1,32768,NULL),(426416,'2016-04-06 17:20:30','\0','jpg',417,NULL,'ace1b85e-12da-447c-b97b-b5f6e5f86317.jpg','upload/store/1/2016/04/06',0,414,1,32768,NULL),(426417,'2016-04-06 17:20:33','\0','jpg',418,NULL,'89a0aed5-0b60-4c61-8d7d-d84ee0bd6d75.jpg','upload/store/1/2016/04/06',0,414,1,32768,NULL),(426418,'2016-04-06 17:23:03','\0','jpg',422,NULL,'8bf9e3e0-9c52-40e7-a856-6580c667096e.jpg','upload/store/1/2016/04/06',0,417,1,32768,NULL),(426419,'2016-04-06 17:23:06','\0','jpg',416,NULL,'6bd87c04-9b0e-4238-9dd2-c373784a3b25.jpg','upload/store/1/2016/04/06',0,418,1,32768,NULL),(426420,'2016-04-06 17:23:09','\0','jpg',416,NULL,'a4cb22b9-a295-471e-887f-935483f844ba.jpg','upload/store/1/2016/04/06',0,417,1,32768,NULL),(426421,'2016-04-06 17:23:15','\0','jpg',995,NULL,'55a3bf35-b6fe-4fa9-9e9a-22cf9ea2eb55.jpg','upload/store/1/2016/04/06',0,790,1,32768,NULL),(426422,'2016-04-06 17:25:32','\0','jpg',419,NULL,'01cc160d-9779-4e73-8c95-71429cd2c38c.jpg','upload/store/1/2016/04/06',0,418,1,32768,NULL),(426423,'2016-04-06 17:26:22','\0','jpg',419,NULL,'1117e51e-9198-46b0-b5ed-b33b699687e9.jpg','upload/store/1/2016/04/06',0,412,1,32768,NULL),(426424,'2016-04-06 17:29:36','\0','jpg',419,NULL,'7e25a851-b21f-4130-8898-aea44f1e39fa.jpg','upload/store/1/2016/04/06',0,410,1,32768,NULL),(426425,'2016-04-06 17:36:39','\0','jpg',423,NULL,'a5c57635-3a35-4a01-898f-57c158d6d229.jpg','upload/store/1/2016/04/06',0,418,1,32768,NULL),(426426,'2016-04-06 17:36:42','\0','jpg',422,NULL,'773b8a97-5a9a-44d2-8489-704b00dcde09.jpg','upload/store/1/2016/04/06',0,414,1,32768,NULL),(426427,'2016-04-06 17:36:44','\0','jpg',420,NULL,'1d2cdcc4-2f36-4233-be4f-f5bf8054e63c.jpg','upload/store/1/2016/04/06',0,417,1,32768,NULL),(426428,'2016-04-06 18:07:36','\0','jpg',421,NULL,'8ff57afe-41bc-46a6-bcde-6a1bb9f0683e.jpg','upload/store/1/2016/04/06',0,433,1,32768,NULL),(426429,'2016-04-06 18:07:39','\0','jpg',425,NULL,'26a5dd22-c40d-47f7-a04a-4e2ed48bdc66.jpg','upload/store/1/2016/04/06',0,416,1,32768,NULL),(426430,'2016-04-06 18:07:43','\0','jpg',420,NULL,'b4715c15-33f7-4434-983f-e067dc9cc88e.jpg','upload/store/1/2016/04/06',0,425,1,32768,NULL),(426431,'2016-04-06 18:07:46','\0','jpg',416,NULL,'c76f8067-dd18-44ec-aa9e-49c3213f596d.jpg','upload/store/1/2016/04/06',0,425,1,32768,NULL),(426432,'2016-04-06 18:10:43','\0','jpg',401,NULL,'a794ce73-9cfa-421b-8425-ee65c1cb17a5.jpg','upload/store/1/2016/04/06',0,394,1,32768,NULL),(426433,'2016-04-06 18:10:46','\0','jpg',434,NULL,'1dc4f50a-20bf-40ab-9d19-a9540a20be2e.jpg','upload/store/1/2016/04/06',0,394,1,32768,NULL),(426434,'2016-04-06 18:10:49','\0','jpg',421,NULL,'5f293f93-4ad9-42b6-84e9-22add3c26c3e.jpg','upload/store/1/2016/04/06',0,416,1,32768,NULL),(426436,'2016-04-06 18:14:00','\0','jpg',418,NULL,'5806b379-d18b-4c8d-8027-181300e03105.jpg','upload/store/1/2016/04/06',0,418,1,32768,NULL),(426437,'2016-04-06 18:14:03','\0','jpg',415,NULL,'418c49dd-6184-413f-b7eb-2a78a2c6fe40.jpg','upload/store/1/2016/04/06',0,416,1,32768,NULL),(426438,'2016-04-06 18:14:05','\0','jpg',415,NULL,'f9354154-950f-4cc9-a0d4-60868dca99b4.jpg','upload/store/1/2016/04/06',0,416,1,32768,NULL),(426439,'2016-04-06 18:14:08','\0','jpg',418,NULL,'fbe68f31-2bd9-4d9f-8398-9ccea77fb1f5.jpg','upload/store/1/2016/04/06',0,415,1,32768,NULL),(426440,'2016-04-06 18:16:59','\0','jpg',417,NULL,'857228fa-a0a8-4e12-9859-bfb19655f2a1.jpg','upload/store/1/2016/04/06',0,420,1,32768,NULL),(426441,'2016-04-06 18:17:02','\0','jpg',419,NULL,'fa30ece5-6b4a-4dba-883a-858c76a41a6f.jpg','upload/store/1/2016/04/06',0,417,1,32768,NULL),(426442,'2016-04-06 18:17:05','\0','jpg',421,NULL,'bd9e45c6-937f-419c-bec2-9dd2fd7b0e47.jpg','upload/store/1/2016/04/06',0,414,1,32768,NULL),(426443,'2016-04-06 18:17:08','\0','jpg',418,NULL,'0930faec-4aa8-4320-adc4-1ec8905cee2f.jpg','upload/store/1/2016/04/06',0,410,1,32768,NULL),(426444,'2016-04-06 18:19:52','\0','jpg',415,NULL,'65b46d4f-65e0-42bc-ba4c-83878e42305c.jpg','upload/store/1/2016/04/06',0,415,1,32768,NULL),(426445,'2016-04-06 18:19:56','\0','jpg',417,NULL,'9c58931f-0351-4887-b0f9-29baeb9082b9.jpg','upload/store/1/2016/04/06',0,414,1,32768,NULL),(426446,'2016-04-06 18:19:59','\0','jpg',418,NULL,'306d8f70-2c3e-4228-a4e2-8e71a2010c36.jpg','upload/store/1/2016/04/06',0,418,1,32768,NULL),(426447,'2016-04-06 18:22:37','\0','png',400,NULL,'e935d19c-bfe3-4f81-a84a-55a99916f787.png','upload/store/1/2016/04/06',0,400,1,32768,NULL),(426448,'2016-04-06 18:22:42','\0','png',399,NULL,'83293942-6aaa-45c3-a27b-772ea17661a0.png','upload/store/1/2016/04/06',0,399,1,32768,NULL),(426449,'2016-04-06 18:22:47','\0','png',401,NULL,'0c2d16c6-2f15-46c4-ac4f-986bbb2b70e6.png','upload/store/1/2016/04/06',0,400,1,32768,NULL),(426450,'2016-04-06 18:25:22','\0','jpg',398,NULL,'1572d08b-1404-449f-a746-0336612f15a9.jpg','upload/store/1/2016/04/06',0,401,1,32768,NULL),(426451,'2016-04-06 18:25:25','\0','jpg',399,NULL,'62185be5-21da-4914-a0ab-54b182cad8bc.jpg','upload/store/1/2016/04/06',0,400,1,32768,NULL),(426452,'2016-04-06 18:25:29','\0','jpg',400,NULL,'54f4adbc-f2dd-4b7d-89f1-9733163a4f58.jpg','upload/store/1/2016/04/06',0,397,1,32768,NULL),(426453,'2016-04-06 18:28:14','\0','png',420,NULL,'364bef0c-53e0-4b6a-8ca5-e6850436d176.png','upload/store/1/2016/04/06',0,417,1,32768,NULL),(426454,'2016-04-06 18:28:19','\0','png',420,NULL,'06a6fd28-d373-46e7-842e-96a314230ddb.png','upload/store/1/2016/04/06',0,418,1,32768,NULL),(426455,'2016-04-06 18:28:31','\0','png',418,NULL,'99fccbf1-fee0-4680-b89e-f40e10c3744c.png','upload/store/1/2016/04/06',0,418,1,32768,NULL),(426456,'2016-04-06 18:30:23','\0','png',573,NULL,'d68c32e0-e778-448c-a306-b1f97adbadbb.png','upload/store/1/2016/04/06',0,416,1,32768,NULL),(426457,'2016-04-06 18:30:34','\0','png',576,NULL,'0552f906-c0a5-415f-b682-2f875f2a1a88.png','upload/store/1/2016/04/06',0,621,1,32768,NULL),(426458,'2016-04-06 18:30:43','\0','png',577,NULL,'f09e050b-2c10-4580-8e1d-bca92895c100.png','upload/store/1/2016/04/06',0,624,1,32768,NULL),(426459,'2016-04-06 18:30:55','\0','png',572,NULL,'165262a1-d27d-40fe-8091-0fe22d0ed018.png','upload/store/1/2016/04/06',0,617,1,32768,NULL),(426460,'2016-04-06 18:33:22','\0','jpg',418,NULL,'ed7600d6-62cb-48d5-b971-6884f2b2203c.jpg','upload/store/1/2016/04/06',0,415,1,32768,NULL),(426461,'2016-04-06 18:33:25','\0','jpg',418,NULL,'ae8965a3-3167-481e-8c9f-28ac9483cbf4.jpg','upload/store/1/2016/04/06',0,418,1,32768,NULL),(426462,'2016-04-06 18:33:28','\0','jpg',416,NULL,'76a9174a-5812-473a-a916-d844254eef0a.jpg','upload/store/1/2016/04/06',0,417,1,32768,NULL),(426463,'2016-04-06 18:33:32','\0','jpg',418,NULL,'2f19ae26-de08-457a-b751-5b7e56da3d84.jpg','upload/store/1/2016/04/06',0,418,1,32768,NULL),(426464,'2016-04-06 18:36:20','\0','png',425,NULL,'4d62c55d-217d-47ea-b2a2-174082b9de7f.png','upload/store/1/2016/04/06',0,424,1,32768,NULL),(426465,'2016-04-06 18:36:25','\0','png',399,NULL,'46e1d2fb-6098-403d-8094-bdbd24ea01d0.png','upload/store/1/2016/04/06',0,397,1,32768,NULL),(426466,'2016-04-06 18:36:29','\0','png',401,NULL,'513a11c4-827c-41a7-b2d4-adb2eab494ce.png','upload/store/1/2016/04/06',0,397,1,32768,NULL),(426467,'2016-04-06 18:36:33','\0','png',398,NULL,'5c898aa0-6413-4419-91b9-e8caaec2c80c.png','upload/store/1/2016/04/06',0,397,1,32768,NULL),(426468,'2016-04-06 18:38:44','\0','png',419,NULL,'127aa77f-1cdb-4339-9a62-0d220079c2ae.png','upload/store/1/2016/04/06',0,426,1,32768,NULL),(426469,'2016-04-06 18:38:47','\0','png',424,NULL,'e9610944-62c8-4c8e-b3bc-290c3b7b20a8.png','upload/store/1/2016/04/06',0,430,1,32768,NULL),(426470,'2016-04-06 18:38:50','\0','png',425,NULL,'390add0b-13bd-4388-b600-be6b8d1edacc.png','upload/store/1/2016/04/06',0,420,1,32768,NULL),(426471,'2016-04-06 18:40:43','\0','png',418,NULL,'2716d0c7-3e8f-4404-a182-4a1b70a63f13.png','upload/store/1/2016/04/06',0,413,1,32768,NULL),(426472,'2016-04-06 18:40:46','\0','png',418,NULL,'26985b15-5203-455f-adf4-aa5783a4f90d.png','upload/store/1/2016/04/06',0,421,1,32768,NULL),(426473,'2016-04-06 18:40:49','\0','png',418,NULL,'0b90a9f8-7c99-487b-bea5-641aeb7b80cc.png','upload/store/1/2016/04/06',0,398,1,32768,NULL),(426474,'2016-04-06 19:38:48','\0','png',421,NULL,'a683585b-3307-4a77-a54d-98f18b05560d.png','upload/store/1/2016/04/06',0,423,1,32768,NULL),(426475,'2016-04-06 19:38:51','\0','png',424,NULL,'b6834b89-a96c-4d51-8569-82d25ff5b6bc.png','upload/store/1/2016/04/06',0,427,1,32768,NULL),(426476,'2016-04-06 19:38:55','\0','png',414,NULL,'1ea51943-69e4-4905-a698-511bbe94dd22.png','upload/store/1/2016/04/06',0,412,1,32768,NULL),(426477,'2016-04-06 19:41:44','\0','png',401,NULL,'91666991-2921-455c-85fc-58a729cc1124.png','upload/store/1/2016/04/06',0,396,1,32768,NULL),(426478,'2016-04-06 19:41:51','\0','png',401,NULL,'dc85e296-4515-421c-95dc-d3e3cbad064c.png','upload/store/1/2016/04/06',0,399,1,32768,NULL),(426479,'2016-04-06 19:42:02','\0','png',567,NULL,'74700f7b-dee1-45a4-8c4e-648df9034028.png','upload/store/1/2016/04/06',0,620,1,32768,NULL),(426480,'2016-04-06 19:47:29','\0','png',427,NULL,'157c4f13-47be-40e4-8b6c-8f48cd24e59d.png','upload/store/1/2016/04/06',0,433,1,32768,NULL),(426481,'2016-04-06 19:47:36','\0','png',420,NULL,'2caf9897-8246-47bd-a166-085c93260d7e.png','upload/store/1/2016/04/06',0,416,1,32768,NULL),(426482,'2016-04-06 19:47:47','\0','png',416,NULL,'a791d3af-0446-42e6-a61d-aa369df6f066.png','upload/store/1/2016/04/06',0,420,1,32768,NULL),(426484,'2016-04-06 19:52:02','\0','png',424,NULL,'1391c6cd-33f5-4426-84f6-7a2de2c2d355.png','upload/store/1/2016/04/06',0,426,1,32768,NULL),(426485,'2016-04-06 19:52:07','\0','png',424,NULL,'75397acd-0a29-4559-90c9-42f4a7a2f430.png','upload/store/1/2016/04/06',0,421,1,32768,NULL),(426486,'2016-04-06 19:52:10','\0','png',421,NULL,'b1586406-7742-4f53-9303-666d43b92796.png','upload/store/1/2016/04/06',0,419,1,32768,NULL),(426487,'2016-04-06 19:53:58','\0','jpg',667,NULL,'c85d1377-b8cc-49db-9cb5-4406f2875327.jpg','upload/store/1/2016/04/06',0,718,1,32768,NULL),(426488,'2016-04-06 19:54:02','\0','jpg',636,NULL,'a4276cf4-9a10-4202-8daa-6dca9c0f1266.jpg','upload/store/1/2016/04/06',0,721,1,32768,NULL),(426489,'2016-04-06 19:54:05','\0','jpg',636,NULL,'8a8aea32-daf6-487f-886d-30c894392cf8.jpg','upload/store/1/2016/04/06',0,716,1,32768,NULL),(426490,'2016-04-06 19:56:13','\0','png',422,NULL,'830c6898-509c-44da-8881-3e78bfdcad2c.png','upload/store/1/2016/04/06',0,419,1,32768,NULL),(426491,'2016-04-06 19:56:17','\0','png',421,NULL,'09176424-be56-4173-83fd-e829fc0eb1a8.png','upload/store/1/2016/04/06',0,417,1,32768,NULL),(426492,'2016-04-06 19:56:23','\0','png',421,NULL,'7ad137f3-4872-425f-8377-9176f672f68b.png','upload/store/1/2016/04/06',0,424,1,32768,NULL),(426493,'2016-04-06 19:56:29','\0','png',419,NULL,'3ae5de80-8f06-43c6-85eb-c4c087e5c871.png','upload/store/1/2016/04/06',0,416,1,32768,NULL),(426494,'2016-04-06 19:58:36','\0','png',419,NULL,'fbf99c24-6aff-4d37-8a28-0860fb1244d7.png','upload/store/1/2016/04/06',0,421,1,32768,NULL),(426495,'2016-04-06 19:58:43','\0','png',421,NULL,'75b755d4-3243-4ef3-b70f-bdebebfe2c88.png','upload/store/1/2016/04/06',0,426,1,32768,NULL),(426496,'2016-04-06 19:58:53','\0','png',423,NULL,'d34fcb72-2378-4493-a7ec-e4b8e66efe38.png','upload/store/1/2016/04/06',0,426,1,32768,NULL),(426497,'2016-04-06 19:59:02','\0','png',418,NULL,'6e4f47e4-f074-4d1c-81f6-a8ab810ad356.png','upload/store/1/2016/04/06',0,415,1,32768,NULL);

UNLOCK TABLES;

/*Table structure for table `shopping_activity` */

DROP TABLE IF EXISTS `shopping_activity`;

CREATE TABLE `shopping_activity` (
  `id` bigint(20) NOT NULL AUTO_INCREMENT,
  `addTime` datetime DEFAULT NULL,
  `deleteStatus` bit(1) NOT NULL,
  `ac_begin_time` date DEFAULT NULL,
  `ac_content` longtext,
  `ac_end_time` date DEFAULT NULL,
  `ac_sequence` int(11) NOT NULL,
  `ac_status` int(11) NOT NULL,
  `ac_title` varchar(255) DEFAULT NULL,
  `ac_acc_id` bigint(20) DEFAULT NULL,
  `ac_rebate` decimal(3,2) DEFAULT NULL,
  PRIMARY KEY (`id`),
  KEY `FK11BFAD20D8BBB351` (`ac_acc_id`),
  KEY `FKE6E480620059740` (`ac_acc_id`),
  CONSTRAINT `FK11BFAD20D8BBB351` FOREIGN KEY (`ac_acc_id`) REFERENCES `shopping_accessory` (`id`),
  CONSTRAINT `FKE6E480620059740` FOREIGN KEY (`ac_acc_id`) REFERENCES `shopping_accessory` (`id`)
) ENGINE=InnoDB AUTO_INCREMENT=3 DEFAULT CHARSET=utf8;

/*Data for the table `shopping_activity` */

LOCK TABLES `shopping_activity` WRITE;

insert  into `shopping_activity`(`id`,`addTime`,`deleteStatus`,`ac_begin_time`,`ac_content`,`ac_end_time`,`ac_sequence`,`ac_status`,`ac_title`,`ac_acc_id`,`ac_rebate`) values (1,'2014-01-06 11:12:42','\0','2016-01-01','','2021-01-31',1,1,'新春优惠',229376,'8.00'),(2,'2016-04-04 13:39:23','\0','2016-04-01','','2021-04-01',2,1,'珠宝钻石活动',426309,'8.00');

UNLOCK TABLES;

/*Table structure for table `shopping_activity_goods` */

DROP TABLE IF EXISTS `shopping_activity_goods`;

CREATE TABLE `shopping_activity_goods` (
  `id` bigint(20) NOT NULL AUTO_INCREMENT,
  `addTime` datetime DEFAULT NULL,
  `deleteStatus` bit(1) NOT NULL,
  `ag_status` int(11) NOT NULL,
  `act_id` bigint(20) DEFAULT NULL,
  `ag_admin_id` bigint(20) DEFAULT NULL,
  `ag_goods_id` bigint(20) DEFAULT NULL,
  `ag_price` decimal(12,2) DEFAULT NULL,
  PRIMARY KEY (`id`),
  KEY `FKA9F9A5DDA6BB88F7` (`ag_admin_id`),
  KEY `FKA9F9A5DD60FB2C1F` (`act_id`),
  KEY `FKA9F9A5DDED2E89CB` (`ag_goods_id`),
  CONSTRAINT `FKA9F9A5DD60FB2C1F` FOREIGN KEY (`act_id`) REFERENCES `shopping_activity` (`id`),
  CONSTRAINT `FKA9F9A5DDA6BB88F7` FOREIGN KEY (`ag_admin_id`) REFERENCES `shopping_user` (`id`),
  CONSTRAINT `FKA9F9A5DDED2E89CB` FOREIGN KEY (`ag_goods_id`) REFERENCES `shopping_goods` (`id`)
) ENGINE=InnoDB AUTO_INCREMENT=53 DEFAULT CHARSET=utf8;

/*Data for the table `shopping_activity_goods` */

LOCK TABLES `shopping_activity_goods` WRITE;

insert  into `shopping_activity_goods`(`id`,`addTime`,`deleteStatus`,`ag_status`,`act_id`,`ag_admin_id`,`ag_goods_id`,`ag_price`) values (1,'2014-04-22 14:44:23','\0',0,1,NULL,98456,NULL),(2,'2014-04-22 14:44:23','\0',0,1,NULL,98455,NULL),(3,'2014-04-22 14:44:23','\0',0,1,NULL,98454,NULL),(4,'2014-04-22 14:44:23','\0',0,1,NULL,98453,NULL),(5,'2014-04-22 14:44:23','\0',0,1,NULL,98452,NULL),(6,'2014-04-22 14:44:23','\0',0,1,NULL,98451,NULL),(7,'2014-04-22 14:44:23','\0',0,1,NULL,98450,NULL),(8,'2014-04-22 14:44:23','\0',0,1,NULL,98449,NULL),(9,'2014-04-22 14:44:23','\0',0,1,NULL,98448,NULL),(10,'2014-04-22 14:44:23','\0',0,1,NULL,98447,NULL),(11,'2014-04-22 14:44:23','\0',0,1,NULL,98446,NULL),(12,'2014-04-22 14:44:23','\0',0,1,NULL,98445,NULL),(13,'2014-04-22 14:44:23','\0',0,1,NULL,98444,NULL),(14,'2014-04-22 14:44:23','\0',0,1,NULL,98443,NULL),(15,'2014-04-22 14:44:23','\0',0,1,NULL,98442,NULL),(16,'2014-04-22 14:44:23','\0',0,1,NULL,98441,NULL),(17,'2014-04-22 14:44:23','\0',0,1,NULL,98440,NULL),(18,'2014-04-22 14:44:23','\0',0,1,NULL,98439,NULL),(19,'2014-04-22 14:44:24','\0',0,1,NULL,98438,NULL),(20,'2014-04-22 14:44:24','\0',0,1,NULL,98437,NULL),(21,'2014-04-22 14:44:24','\0',0,1,NULL,98436,NULL),(22,'2014-04-22 14:44:24','\0',0,1,NULL,98435,NULL),(23,'2014-04-22 14:44:24','\0',0,1,NULL,98434,NULL),(24,'2014-04-22 14:44:24','\0',0,1,NULL,98433,NULL),(25,'2014-04-22 14:44:24','\0',0,1,NULL,98432,NULL),(26,'2014-04-22 14:44:24','\0',0,1,NULL,98431,NULL),(27,'2014-04-22 14:44:24','\0',0,1,NULL,98430,NULL),(28,'2014-04-22 14:44:24','\0',1,1,NULL,98429,'4523.00'),(29,'2014-04-22 14:44:24','\0',1,1,NULL,98428,'49.00'),(30,'2014-04-22 14:44:24','\0',1,1,NULL,98427,'48.00'),(31,'2014-04-22 14:44:24','\0',1,1,NULL,98426,'3890.00'),(32,'2014-04-22 14:44:24','\0',1,1,NULL,98425,'6200.00'),(33,'2014-04-22 14:44:24','\0',1,1,NULL,98424,'8600.00'),(34,'2014-04-22 14:44:24','\0',1,1,NULL,98423,'4620.00'),(35,'2014-04-22 14:44:24','\0',1,1,NULL,98422,'4200.00'),(36,'2014-04-22 14:44:24','\0',1,1,NULL,98421,'3800.00'),(37,'2014-04-22 14:44:24','\0',1,1,NULL,98420,'1102.00'),(38,'2014-04-22 14:44:24','\0',1,1,NULL,98419,'688.00'),(39,'2014-04-22 14:44:24','\0',1,1,NULL,98418,'389.00'),(40,'2014-04-22 14:44:24','\0',1,1,NULL,98417,'1250.00'),(41,'2014-04-22 14:44:24','\0',1,1,NULL,98416,'998.00'),(42,'2014-04-22 14:44:24','\0',1,1,NULL,98415,'850.00'),(43,'2014-04-22 14:44:24','\0',1,1,NULL,98414,'785.00'),(44,'2014-04-22 14:44:24','\0',1,1,NULL,98413,'1230.00'),(45,'2014-04-22 14:44:24','\0',1,1,NULL,98412,'796.00'),(46,'2014-04-22 14:44:24','\0',0,1,NULL,98411,NULL),(47,'2014-04-22 14:44:24','\0',1,1,NULL,98410,'486.00'),(48,'2014-04-22 14:44:24','\0',1,1,NULL,98409,'2500.00'),(49,'2014-04-22 14:44:24','\0',1,1,NULL,98408,'580.00'),(50,'2014-04-22 14:44:24','\0',1,1,NULL,98407,'4200.00'),(51,'2014-04-22 14:44:24','\0',1,1,NULL,98406,'310.00'),(52,'2014-04-22 14:44:24','\0',1,1,NULL,98405,'3200.00');

UNLOCK TABLES;

/*Table structure for table `shopping_address` */

DROP TABLE IF EXISTS `shopping_address`;

CREATE TABLE `shopping_address` (
  `id` bigint(20) NOT NULL AUTO_INCREMENT,
  `addTime` datetime DEFAULT NULL,
  `deleteStatus` bit(1) NOT NULL,
  `area_info` varchar(255) DEFAULT NULL,
  `mobile` varchar(255) DEFAULT NULL,
  `telephone` varchar(255) DEFAULT NULL,
  `trueName` varchar(255) DEFAULT NULL,
  `zip` varchar(255) DEFAULT NULL,
  `area_id` bigint(20) DEFAULT NULL,
  `user_id` bigint(20) DEFAULT NULL,
  PRIMARY KEY (`id`),
  KEY `FK9ABDBC3537B6C51` (`user_id`),
  KEY `FK9ABDBC32FB91D11` (`area_id`) USING BTREE,
  KEY `FK74EB4C1DFA5E3FC2` (`area_id`),
  KEY `FK74EB4C1D1E208F02` (`user_id`),
  CONSTRAINT `FK74EB4C1D1E208F02` FOREIGN KEY (`user_id`) REFERENCES `shopping_user` (`id`),
  CONSTRAINT `FK74EB4C1DFA5E3FC2` FOREIGN KEY (`area_id`) REFERENCES `shopping_area` (`id`),
  CONSTRAINT `FK9ABDBC32FB91D11` FOREIGN KEY (`area_id`) REFERENCES `shopping_area` (`id`),
  CONSTRAINT `FK9ABDBC3537B6C51` FOREIGN KEY (`user_id`) REFERENCES `shopping_user` (`id`)
) ENGINE=InnoDB AUTO_INCREMENT=32775 DEFAULT CHARSET=utf8;

/*Data for the table `shopping_address` */

LOCK TABLES `shopping_address` WRITE;

insert  into `shopping_address`(`id`,`addTime`,`deleteStatus`,`area_info`,`mobile`,`telephone`,`trueName`,`zip`,`area_id`,`user_id`) values (1,'2014-01-02 12:47:07','\0','兴华南街47号兴华大厦A座','18310261753','020-88888888','张钰','110003',4522489,1),(32769,'2014-09-22 14:50:51','\0','黄寺大街108号','','010-98098172','李强','110000',4521986,1),(32770,'2014-09-22 15:02:33','\0','兴华南街47号兴华大厦A座1908','15309882892','','李雨聪','110020',4522489,1),(32771,'2015-02-28 13:54:56','\0','21312','213','123','1221','213',4522005,32777),(32772,'2015-02-28 13:55:27','\0','sdf','sdf','sdf','dfsd','sdf',4522006,32777),(32773,'2015-02-28 21:26:53','\0','asfd','sdfd','sfd','dfas','dsf',4521986,32780),(32774,'2016-04-07 11:26:20','\0','网附近大街','18812344321','','曾宏达','110221',4521987,32769);

UNLOCK TABLES;

/*Table structure for table `shopping_adv_pos` */

DROP TABLE IF EXISTS `shopping_adv_pos`;

CREATE TABLE `shopping_adv_pos` (
  `id` bigint(20) NOT NULL AUTO_INCREMENT,
  `addTime` datetime DEFAULT NULL,
  `deleteStatus` bit(1) NOT NULL,
  `ap_acc_url` varchar(255) DEFAULT NULL,
  `ap_code` longtext,
  `ap_content` longtext,
  `ap_height` int(11) NOT NULL,
  `ap_price` int(11) NOT NULL,
  `ap_sale_type` int(11) NOT NULL,
  `ap_show_type` int(11) NOT NULL,
  `ap_status` int(11) NOT NULL,
  `ap_sys_type` int(11) NOT NULL,
  `ap_text` varchar(255) DEFAULT NULL,
  `ap_title` varchar(255) DEFAULT NULL,
  `ap_type` varchar(255) DEFAULT NULL,
  `ap_use_status` int(11) NOT NULL,
  `ap_width` int(11) NOT NULL,
  `ap_acc_id` bigint(20) DEFAULT NULL,
  PRIMARY KEY (`id`),
  KEY `FKAA108971F2AFAA4` (`ap_acc_id`) USING BTREE,
  KEY `FK75E078F16674DE93` (`ap_acc_id`),
  CONSTRAINT `FK75E078F16674DE93` FOREIGN KEY (`ap_acc_id`) REFERENCES `shopping_accessory` (`id`),
  CONSTRAINT `FKAA108971F2AFAA4` FOREIGN KEY (`ap_acc_id`) REFERENCES `shopping_accessory` (`id`)
) ENGINE=InnoDB AUTO_INCREMENT=262158 DEFAULT CHARSET=utf8;

/*Data for the table `shopping_adv_pos` */

LOCK TABLES `shopping_adv_pos` WRITE;

insert  into `shopping_adv_pos`(`id`,`addTime`,`deleteStatus`,`ap_acc_url`,`ap_code`,`ap_content`,`ap_height`,`ap_price`,`ap_sale_type`,`ap_show_type`,`ap_status`,`ap_sys_type`,`ap_text`,`ap_title`,`ap_type`,`ap_use_status`,`ap_width`,`ap_acc_id`) values (1,'2013-12-17 12:31:22','\0','#',NULL,'首页幻灯广告',490,3000,0,1,1,0,'','首页幻灯广告','indexslide',0,1200,4),(2,'2014-02-25 14:57:28','\0','#1519911921293575#',NULL,'首页楼层左下方小广告1',156,200,0,0,1,1,'','首页楼层左下方小广告1','img',0,156,262145),(32768,'2013-12-17 13:40:48','\0','',NULL,'首页滚动广告',131,2800,0,1,1,0,'','首页四联滚动广告','scroll',0,259,NULL),(32769,'2014-02-25 15:05:10','\0','#1519911921293575#',NULL,'首页楼层左下方小广告2',156,200,0,0,1,1,'','首页楼层左下方小广告2','img',0,156,294913),(32770,'2014-02-25 15:05:42','\0','#1519911921293575#',NULL,'首页楼层左下方小广告3',156,200,0,0,1,1,'','首页楼层左下方小广告3','img',0,156,294914),(65536,'2013-12-17 13:50:22','\0','#1519911921293575#',NULL,'首页底部横幅广告',95,1500,0,1,1,0,'','首页底部横幅广告','img',0,1000,6),(98304,'2013-12-17 14:51:11','\0','#1519911921293575#','','商品列表页左侧分类下方小广告',200,1000,0,1,1,1,'','商品列表页左侧分类下方小广告','img',0,210,7),(163840,'2013-12-17 18:38:58','\0','#1519911921293575#',NULL,'首先特别推荐产品上方横幅广告位',100,5000,0,1,1,1,'','首先特别推荐产品上方横幅广告位','img',0,1000,8),(229376,'2013-12-19 11:58:54','\0','#1519911921293575#',NULL,'积分商城首页幻灯广告位',249,3000,0,1,1,0,'','积分商城首页幻灯广告位','slide',0,729,9),(262144,'2013-12-19 12:53:37','\0','#1519911921293575#',NULL,'积分商城首页左侧下方广告位',232,1800,0,1,1,0,'','积分商城首页左侧下方广告位','img',0,262,NULL),(262145,'2014-09-25 19:22:43','\0','#',NULL,'今日特价顶部广告位',60,200,0,0,1,0,'','天天特价顶部广告位','img',0,1200,426006),(262146,'2014-10-09 14:36:34','\0','#1519911921293575#',NULL,'闲置商品主页幻灯广告',264,100,0,0,1,0,'','闲置商品主页幻灯广告','slide',1,580,NULL),(262147,'2014-10-09 15:17:15','\0','#1519911921293575#',NULL,'闲置商品主页顶部右上角图片广告',130,100,0,0,1,0,'','闲置商品主页顶部右上角图片广告','img',0,180,426010),(262148,'2015-02-08 18:08:37','\0','#1519911921293575#',NULL,'首页顶部右侧广告位',266,3000,0,0,1,1,'','首页顶部右侧上方固定广告位','img',0,200,426064),(262149,'2015-02-08 18:12:28','\0','http://ww.baidu.com#1519911921293575#',NULL,'首页顶部右侧下方方固定广告位',266,3000,0,0,1,0,'','首页顶部右侧下方方固定广告位','img',0,200,426065),(262150,'2015-02-08 18:44:45','\0','#',NULL,'首页品牌推荐下方广告位',127,2000,0,0,1,0,'','首页品牌推荐下方广告位','img',0,288,426066),(262151,'2015-02-26 09:29:57','\0','#',NULL,'商城活动顶部右侧广告',341,600,0,1,1,0,'','商城活动顶部右侧广告','img',0,200,426073),(262152,'2015-02-26 10:02:58','\0','#1519911921293575#',NULL,'闲置商品主页顶部右下角图片广告',130,600,0,1,1,0,'','闲置商品主页顶部右下角图片广告','img',0,180,426074),(262153,'2015-02-26 10:07:50','\0','#1519911921293575#',NULL,'闲置商品主页顶部左下角图片广告',130,600,0,0,1,0,'','闲置商品主页顶部左下角图片广告','img',0,180,426075),(262154,'2015-02-26 10:12:38','\0','#1519911921293575#',NULL,'闲置商品楼层广告',300,600,0,1,1,0,'','闲置商品楼层广告','img',0,220,426076),(262155,'2015-02-28 09:53:52','\0','#1519911921293575#',NULL,'积分商城幻灯右侧广告',248,800,0,1,1,0,'','积分商城幻灯右侧广告','img',0,197,426077),(262156,'2015-02-28 10:01:27','\0','#1519911921293575#',NULL,'积分商城右下角广告',280,600,0,0,1,0,'','积分商城右下角广告','img',0,262,426078),(262157,'2016-03-14 10:50:34','\0','#',NULL,'wap手机广告',300,100,0,1,1,0,'','wap首页slider','wapslide',0,640,426304);

UNLOCK TABLES;

/*Table structure for table `shopping_advert` */

DROP TABLE IF EXISTS `shopping_advert`;

CREATE TABLE `shopping_advert` (
  `id` bigint(20) NOT NULL AUTO_INCREMENT,
  `addTime` datetime DEFAULT NULL,
  `deleteStatus` bit(1) NOT NULL,
  `ad_begin_time` date DEFAULT NULL,
  `ad_click_num` int(11) NOT NULL,
  `ad_end_time` date DEFAULT NULL,
  `ad_gold` int(11) NOT NULL,
  `ad_slide_sequence` int(11) NOT NULL,
  `ad_status` int(11) NOT NULL,
  `ad_text` varchar(255) DEFAULT NULL,
  `ad_title` varchar(255) DEFAULT NULL,
  `ad_url` varchar(255) DEFAULT NULL,
  `ad_acc_id` bigint(20) DEFAULT NULL,
  `ad_ap_id` bigint(20) DEFAULT NULL,
  `ad_user_id` bigint(20) DEFAULT NULL,
  PRIMARY KEY (`id`),
  KEY `FKCECB7A255A9A4C35` (`ad_user_id`) USING BTREE,
  KEY `FKCECB7A25296B4EE3` (`ad_ap_id`) USING BTREE,
  KEY `FKCECB7A25409CE030` (`ad_acc_id`) USING BTREE,
  KEY `FKC0F968B253F6EE6` (`ad_user_id`),
  KEY `FKC0F968BFBAD8854` (`ad_ap_id`),
  KEY `FKC0F968B87E6C41F` (`ad_acc_id`),
  CONSTRAINT `FKC0F968B253F6EE6` FOREIGN KEY (`ad_user_id`) REFERENCES `shopping_user` (`id`),
  CONSTRAINT `FKC0F968B87E6C41F` FOREIGN KEY (`ad_acc_id`) REFERENCES `shopping_accessory` (`id`),
  CONSTRAINT `FKC0F968BFBAD8854` FOREIGN KEY (`ad_ap_id`) REFERENCES `shopping_adv_pos` (`id`),
  CONSTRAINT `FKCECB7A25296B4EE3` FOREIGN KEY (`ad_ap_id`) REFERENCES `shopping_adv_pos` (`id`),
  CONSTRAINT `FKCECB7A25409CE030` FOREIGN KEY (`ad_acc_id`) REFERENCES `shopping_accessory` (`id`),
  CONSTRAINT `FKCECB7A255A9A4C35` FOREIGN KEY (`ad_user_id`) REFERENCES `shopping_user` (`id`)
) ENGINE=InnoDB AUTO_INCREMENT=262158 DEFAULT CHARSET=utf8;

/*Data for the table `shopping_advert` */

LOCK TABLES `shopping_advert` WRITE;

insert  into `shopping_advert`(`id`,`addTime`,`deleteStatus`,`ad_begin_time`,`ad_click_num`,`ad_end_time`,`ad_gold`,`ad_slide_sequence`,`ad_status`,`ad_text`,`ad_title`,`ad_url`,`ad_acc_id`,`ad_ap_id`,`ad_user_id`) values (1,'2013-12-23 21:16:27','\0','2013-12-14',3,'2022-12-31',0,0,1,'','首页幻灯广告3','#',12,1,1),(65536,'2013-12-17 17:13:15','\0','2013-12-16',8,'2022-12-31',0,1,1,'','首页幻灯图片1','#1519911921293575#',10,1,1),(65537,'2013-12-17 17:16:37','\0','2013-12-15',0,'2022-12-31',0,2,1,'','首页幻灯图片2','#',11,1,1),(131073,'2013-12-18 12:30:35','\0','2013-12-18',4,'2022-12-31',0,0,1,'','首页滚动广告1','#',23,32768,1),(163840,'2013-12-18 12:51:12','\0','2013-12-18',3,'2022-12-31',0,0,1,'','首页滚动广告2','#',5,32768,1),(163841,'2013-12-18 12:52:29','\0','2013-12-18',2,'2022-12-31',0,0,1,'','首页滚动广告3','#',22,32768,1),(163842,'2013-12-18 12:58:00','\0','2013-12-18',3,'2022-12-31',0,0,1,'','首页滚动广告4','#',21,32768,1),(163843,'2013-12-18 12:58:22','\0','2013-12-18',5,'2022-12-31',0,0,1,'','首页滚动广告5','#',20,32768,1),(163844,'2013-12-18 12:59:02','\0','2013-12-18',0,'2022-12-31',0,0,1,'','首页滚动广告6','#1519911921293575#',19,32768,1),(229376,'2013-12-19 12:02:39','\0','2013-12-18',0,'2022-12-31',0,1,1,'','积分商城幻灯1','#',18,229376,1),(229377,'2013-12-19 12:02:59','\0','2013-12-18',0,'2022-12-31',0,2,1,'','积分商城幻灯2','#',17,229376,1),(229378,'2013-12-19 12:03:31','\0','2013-12-18',0,'2022-12-31',0,3,1,'','积分商城幻灯3','#',16,229376,1),(229379,'2013-12-19 12:03:50','\0','2013-12-18',0,'2022-12-31',0,4,1,'','积分商城幻灯4','#1519911921293575#',15,229376,1),(262144,'2013-12-19 13:58:52','\0','2013-12-18',2,'2022-12-31',0,4,1,'','首页幻灯图片4','#',14,1,1),(262145,'2013-12-19 14:00:54','\0','2013-12-17',2,'2022-12-31',0,5,1,'','首页幻灯广告5','#',13,1,1),(262146,'2014-10-09 14:58:18','\0','2014-10-01',0,'2022-12-31',0,1,1,'','闲置商品主页幻灯广告1','#',426007,262146,1),(262147,'2014-10-09 14:58:45','\0','2014-10-01',0,'2022-12-31',0,2,1,'','闲置商品主页幻灯广告2','#',426008,262146,1),(262148,'2014-10-09 14:59:12','\0','2014-10-01',0,'2022-12-31',0,3,1,'','闲置商品主页幻灯广告3','#',426009,262146,1),(262149,'2015-02-17 11:44:04','\0','2015-01-01',1,'2024-12-31',0,0,1,'','首页滚动广告7','#',426067,32768,1),(262150,'2015-02-17 11:44:32','\0','2015-01-01',0,'2024-12-31',0,0,1,'','首页滚动广告8','#',426068,32768,1),(262151,'2015-02-17 11:50:52','\0','2015-01-01',0,'2024-12-31',0,0,1,'','首页滚动广告9','#',426069,32768,1),(262152,'2015-02-17 11:51:15','\0','2015-01-31',2,'2024-12-31',0,0,1,'','首页滚动广告10','#',426070,32768,1),(262153,'2015-02-17 11:51:55','\0','2015-01-31',0,'2024-12-31',0,0,1,'','首页滚动广告11','#',426071,32768,1),(262154,'2015-02-17 11:52:13','\0','2015-01-31',0,'2024-12-31',0,0,1,'','首页滚动广告12','#',426072,32768,1),(262155,'2016-03-14 10:55:40','\0','2016-03-01',0,'2026-03-31',0,1,1,'','wap首页广告','#1519911921293575#',426305,262157,1),(262156,'2016-03-14 10:56:12','\0','2016-03-01',0,'2026-03-31',0,2,1,'','wap首页广告2','#',426306,262157,1),(262157,'2016-03-14 10:56:48','\0','2016-03-01',0,'2026-03-31',0,3,1,'','wap首页广告3','#',426307,262157,1);

UNLOCK TABLES;

/*Table structure for table `shopping_album` */

DROP TABLE IF EXISTS `shopping_album`;

CREATE TABLE `shopping_album` (
  `id` bigint(20) NOT NULL AUTO_INCREMENT,
  `addTime` datetime DEFAULT NULL,
  `deleteStatus` bit(1) NOT NULL,
  `alblum_info` longtext,
  `album_default` bit(1) NOT NULL,
  `album_name` varchar(255) DEFAULT NULL,
  `album_sequence` int(11) NOT NULL,
  `album_cover_id` bigint(20) DEFAULT NULL,
  `user_id` bigint(20) DEFAULT NULL,
  PRIMARY KEY (`id`),
  KEY `FK2FF965FE537B6C51` (`user_id`),
  KEY `FK2FF965FE58AB9D6E` (`album_cover_id`),
  KEY `FK192D24D81E208F02` (`user_id`),
  KEY `FK192D24D89FF5815D` (`album_cover_id`),
  CONSTRAINT `FK192D24D81E208F02` FOREIGN KEY (`user_id`) REFERENCES `shopping_user` (`id`),
  CONSTRAINT `FK192D24D89FF5815D` FOREIGN KEY (`album_cover_id`) REFERENCES `shopping_accessory` (`id`),
  CONSTRAINT `FK2FF965FE537B6C51` FOREIGN KEY (`user_id`) REFERENCES `shopping_user` (`id`),
  CONSTRAINT `FK2FF965FE58AB9D6E` FOREIGN KEY (`album_cover_id`) REFERENCES `shopping_accessory` (`id`)
) ENGINE=InnoDB AUTO_INCREMENT=27 DEFAULT CHARSET=utf8;

/*Data for the table `shopping_album` */

LOCK TABLES `shopping_album` WRITE;

insert  into `shopping_album`(`id`,`addTime`,`deleteStatus`,`alblum_info`,`album_default`,`album_name`,`album_sequence`,`album_cover_id`,`user_id`) values (1,'2013-12-24 12:52:13','\0',NULL,'','默认相册',-10000,NULL,32768),(2,'2014-09-25 11:20:36','\0',NULL,'','默认相册',-10000,NULL,32769),(3,'2014-10-09 18:04:18','\0',NULL,'','默认相册',-10000,NULL,NULL),(4,'2014-10-10 09:54:11','\0',NULL,'','默认相册',-10000,NULL,NULL),(5,'2014-10-10 09:56:57','\0',NULL,'','默认相册',-10000,NULL,NULL),(6,'2014-10-29 14:13:43','\0',NULL,'','默认相册',-10000,NULL,32770),(7,'2014-12-02 13:51:42','\0',NULL,'','默认相册',-10000,NULL,32771),(8,'2014-12-02 15:06:17','\0',NULL,'','默认相册',-10000,NULL,32772),(9,'2014-12-05 09:41:05','\0',NULL,'','默认相册',-10000,NULL,32773),(10,'2014-12-05 10:07:59','\0',NULL,'','默认相册',-10000,NULL,32774),(11,'2015-02-28 13:38:42','\0',NULL,'','默认相册',-10000,NULL,32776),(12,'2015-02-28 13:54:01','\0',NULL,'','默认相册',-10000,NULL,32777),(13,'2015-02-28 15:56:33','\0',NULL,'','默认相册',-10000,NULL,32778),(14,'2015-02-28 16:35:51','\0',NULL,'','默认相册',-10000,NULL,32779),(15,'2015-02-28 21:21:44','\0',NULL,'','默认相册',-10000,NULL,32780),(16,'2015-03-01 00:04:28','\0',NULL,'','默认相册',-10000,NULL,32781),(17,'2015-03-01 15:51:36','\0',NULL,'','默认相册',-10000,NULL,32782),(18,'2015-03-01 16:13:53','\0',NULL,'','默认相册',-10000,NULL,32783),(19,'2016-03-14 13:23:30','\0',NULL,'','默认相册',-10000,NULL,32784),(20,'2016-03-15 14:49:47','\0',NULL,'','默认相册',-10000,NULL,32785),(21,'2016-03-15 17:39:59','\0',NULL,'','默认相册',-10000,NULL,32786),(22,'2016-04-01 17:59:47','\0',NULL,'','默认相册',-10000,NULL,32787),(23,'2016-04-05 11:51:50','\0',NULL,'','默认相册',-10000,NULL,32788),(24,'2016-04-05 11:57:32','\0',NULL,'','默认相册',-10000,NULL,32789),(25,'2016-04-05 12:21:19','\0',NULL,'','默认相册',-10000,NULL,32790),(26,'2016-04-05 12:21:57','\0',NULL,'','默认相册',-10000,NULL,32791);

UNLOCK TABLES;

/*Table structure for table `shopping_area` */

DROP TABLE IF EXISTS `shopping_area`;

CREATE TABLE `shopping_area` (
  `id` bigint(20) NOT NULL AUTO_INCREMENT,
  `addTime` datetime DEFAULT NULL,
  `deleteStatus` bit(1) NOT NULL,
  `areaName` varchar(255) DEFAULT NULL,
  `level` int(11) NOT NULL,
  `sequence` int(11) NOT NULL,
  `parent_id` bigint(20) DEFAULT NULL,
  `common` bit(1) DEFAULT b'0',
  PRIMARY KEY (`id`),
  KEY `FK7D6B3B1ED79E13D4` (`parent_id`),
  KEY `FK9DB73904A2433685` (`parent_id`),
  CONSTRAINT `FK7D6B3B1ED79E13D4` FOREIGN KEY (`parent_id`) REFERENCES `shopping_area` (`id`),
  CONSTRAINT `FK9DB73904A2433685` FOREIGN KEY (`parent_id`) REFERENCES `shopping_area` (`id`)
) ENGINE=InnoDB AUTO_INCREMENT=4525504 DEFAULT CHARSET=utf8;

/*Data for the table `shopping_area` */

LOCK TABLES `shopping_area` WRITE;

insert  into `shopping_area`(`id`,`addTime`,`deleteStatus`,`areaName`,`level`,`sequence`,`parent_id`,`common`) values (4521984,'2013-07-30 15:37:33','\0','北京市',0,0,NULL,''),(4521985,'2013-07-30 15:37:33','\0','北京市',1,0,4521984,'\0'),(4521986,'2013-07-30 15:37:33','\0','东城区',2,0,4521985,'\0'),(4521987,'2013-07-30 15:37:33','\0','西城区',2,0,4521985,'\0'),(4521988,'2013-07-30 15:37:33','\0','朝阳区',2,0,4521985,'\0'),(4521989,'2013-07-30 15:37:33','\0','丰台区',2,0,4521985,'\0'),(4521990,'2013-07-30 15:37:33','\0','石景山区',2,0,4521985,'\0'),(4521991,'2013-07-30 15:37:33','\0','海淀区',2,0,4521985,'\0'),(4521992,'2013-07-30 15:37:33','\0','门头沟区',2,0,4521985,'\0'),(4521993,'2013-07-30 15:37:33','\0','房山区',2,0,4521985,'\0'),(4521994,'2013-07-30 15:37:33','\0','通州区',2,0,4521985,'\0'),(4521995,'2013-07-30 15:37:33','\0','顺义区',2,0,4521985,'\0'),(4521996,'2013-07-30 15:37:33','\0','昌平区',2,0,4521985,'\0'),(4521997,'2013-07-30 15:37:33','\0','大兴区',2,0,4521985,'\0'),(4521998,'2013-07-30 15:37:33','\0','怀柔区',2,0,4521985,'\0'),(4521999,'2013-07-30 15:37:33','\0','平谷区',2,0,4521985,'\0'),(4522001,'2013-07-30 15:37:33','\0','密云县',2,0,4521985,'\0'),(4522002,'2013-07-30 15:37:33','\0','延庆县',2,0,4521985,'\0'),(4522003,'2013-07-30 15:37:33','\0','天津市',0,0,NULL,''),(4522004,'2013-07-30 15:37:33','\0','天津市',1,0,4522003,'\0'),(4522005,'2013-07-30 15:37:33','\0','和平区',2,0,4522004,'\0'),(4522006,'2013-07-30 15:37:33','\0','河东区',2,0,4522004,'\0'),(4522007,'2013-07-30 15:37:33','\0','河西区',2,0,4522004,'\0'),(4522008,'2013-07-30 15:37:34','\0','南开区',2,0,4522004,'\0'),(4522009,'2013-07-30 15:37:34','\0','河北区',2,0,4522004,'\0'),(4522010,'2013-07-30 15:37:34','\0','红桥区',2,0,4522004,'\0'),(4522011,'2013-07-30 15:37:34','\0','东丽区',2,0,4522004,'\0'),(4522012,'2013-07-30 15:37:34','\0','西青区',2,0,4522004,'\0'),(4522013,'2013-07-30 15:37:34','\0','津南区',2,0,4522004,'\0'),(4522014,'2013-07-30 15:37:34','\0','北辰区',2,0,4522004,'\0'),(4522015,'2013-07-30 15:37:34','\0','武清区',2,0,4522004,'\0'),(4522016,'2013-07-30 15:37:34','\0','宝坻区',2,0,4522004,'\0'),(4522017,'2013-07-30 15:37:34','\0','滨海新区',2,0,4522004,'\0'),(4522019,'2013-07-30 15:37:34','\0','宁河县',2,0,4522004,'\0'),(4522020,'2013-07-30 15:37:34','\0','静海县',2,0,4522004,'\0'),(4522021,'2013-07-30 15:37:34','\0','蓟县',2,0,4522004,'\0'),(4522022,'2013-07-30 15:37:34','\0','河北省',0,0,NULL,'\0'),(4522023,'2013-07-30 15:37:34','\0','石家庄市',1,0,4522022,''),(4522024,'2013-07-30 15:37:34','\0','市辖区',2,0,4522023,'\0'),(4522025,'2013-07-30 15:37:34','\0','长安区',2,0,4522023,'\0'),(4522026,'2013-07-30 15:37:34','\0','桥东区',2,0,4522023,'\0'),(4522027,'2013-07-30 15:37:34','\0','桥西区',2,0,4522023,'\0'),(4522028,'2013-07-30 15:37:34','\0','新华区',2,0,4522023,'\0'),(4522029,'2013-07-30 15:37:34','\0','井陉矿区',2,0,4522023,'\0'),(4522030,'2013-07-30 15:37:34','\0','裕华区',2,0,4522023,'\0'),(4522031,'2013-07-30 15:37:34','\0','井陉县',2,0,4522023,'\0'),(4522032,'2013-07-30 15:37:34','\0','正定县',2,0,4522023,'\0'),(4522033,'2013-07-30 15:37:34','\0','栾城县',2,0,4522023,'\0'),(4522034,'2013-07-30 15:37:34','\0','行唐县',2,0,4522023,'\0'),(4522035,'2013-07-30 15:37:34','\0','灵寿县',2,0,4522023,'\0'),(4522036,'2013-07-30 15:37:34','\0','高邑县',2,0,4522023,'\0'),(4522037,'2013-07-30 15:37:34','\0','深泽县',2,0,4522023,'\0'),(4522038,'2013-07-30 15:37:34','\0','赞皇县',2,0,4522023,'\0'),(4522039,'2013-07-30 15:37:34','\0','无极县',2,0,4522023,'\0'),(4522040,'2013-07-30 15:37:34','\0','平山县',2,0,4522023,'\0'),(4522041,'2013-07-30 15:37:34','\0','元氏县',2,0,4522023,'\0'),(4522042,'2013-07-30 15:37:34','\0','赵县',2,0,4522023,'\0'),(4522043,'2013-07-30 15:37:34','\0','辛集市',2,0,4522023,'\0'),(4522044,'2013-07-30 15:37:34','\0','藁城市',2,0,4522023,'\0'),(4522045,'2013-07-30 15:37:34','\0','晋州市',2,0,4522023,'\0'),(4522046,'2013-07-30 15:37:35','\0','新乐市',2,0,4522023,'\0'),(4522047,'2013-07-30 15:37:35','\0','鹿泉市',2,0,4522023,'\0'),(4522048,'2013-07-30 15:37:35','\0','唐山市',1,0,4522022,'\0'),(4522049,'2013-07-30 15:37:35','\0','市辖区',2,0,4522048,'\0'),(4522050,'2013-07-30 15:37:35','\0','路南区',2,0,4522048,'\0'),(4522051,'2013-07-30 15:37:35','\0','路北区',2,0,4522048,'\0'),(4522052,'2013-07-30 15:37:35','\0','古冶区',2,0,4522048,'\0'),(4522053,'2013-07-30 15:37:35','\0','开平区',2,0,4522048,'\0'),(4522054,'2013-07-30 15:37:35','\0','丰南区',2,0,4522048,'\0'),(4522055,'2013-07-30 15:37:35','\0','丰润区',2,0,4522048,'\0'),(4522056,'2013-07-30 15:37:35','\0','滦县',2,0,4522048,'\0'),(4522057,'2013-07-30 15:37:35','\0','滦南县',2,0,4522048,'\0'),(4522058,'2013-07-30 15:37:35','\0','乐亭县',2,0,4522048,'\0'),(4522059,'2013-07-30 15:37:35','\0','迁西县',2,0,4522048,'\0'),(4522060,'2013-07-30 15:37:35','\0','玉田县',2,0,4522048,'\0'),(4522061,'2013-07-30 15:37:35','\0','唐海县',2,0,4522048,'\0'),(4522062,'2013-07-30 15:37:35','\0','遵化市',2,0,4522048,'\0'),(4522063,'2013-07-30 15:37:35','\0','迁安市',2,0,4522048,'\0'),(4522064,'2013-07-30 15:37:35','\0','秦皇岛市',1,0,4522022,'\0'),(4522065,'2013-07-30 15:37:35','\0','市辖区',2,0,4522064,'\0'),(4522066,'2013-07-30 15:37:35','\0','海港区',2,0,4522064,'\0'),(4522067,'2013-07-30 15:37:35','\0','山海关区',2,0,4522064,'\0'),(4522068,'2013-07-30 15:37:35','\0','北戴河区',2,0,4522064,'\0'),(4522069,'2013-07-30 15:37:35','\0','青龙满族自治县',2,0,4522064,'\0'),(4522070,'2013-07-30 15:37:35','\0','昌黎县',2,0,4522064,'\0'),(4522071,'2013-07-30 15:37:35','\0','抚宁县',2,0,4522064,'\0'),(4522072,'2013-07-30 15:37:35','\0','卢龙县',2,0,4522064,'\0'),(4522073,'2013-07-30 15:37:35','\0','邯郸市',1,0,4522022,'\0'),(4522074,'2013-07-30 15:37:35','\0','市辖区',2,0,4522073,'\0'),(4522075,'2013-07-30 15:37:35','\0','邯山区',2,0,4522073,'\0'),(4522076,'2013-07-30 15:37:35','\0','丛台区',2,0,4522073,'\0'),(4522077,'2013-07-30 15:37:35','\0','复兴区',2,0,4522073,'\0'),(4522078,'2013-07-30 15:37:35','\0','峰峰矿区',2,0,4522073,'\0'),(4522079,'2013-07-30 15:37:35','\0','邯郸县',2,0,4522073,'\0'),(4522080,'2013-07-30 15:37:35','\0','临漳县',2,0,4522073,'\0'),(4522081,'2013-07-30 15:37:35','\0','成安县',2,0,4522073,'\0'),(4522082,'2013-07-30 15:37:35','\0','大名县',2,0,4522073,'\0'),(4522083,'2013-07-30 15:37:35','\0','涉县',2,0,4522073,'\0'),(4522084,'2013-07-30 15:37:35','\0','磁县',2,0,4522073,'\0'),(4522085,'2013-07-30 15:37:36','\0','肥乡县',2,0,4522073,'\0'),(4522086,'2013-07-30 15:37:36','\0','永年县',2,0,4522073,'\0'),(4522087,'2013-07-30 15:37:36','\0','邱县',2,0,4522073,'\0'),(4522088,'2013-07-30 15:37:36','\0','鸡泽县',2,0,4522073,'\0'),(4522089,'2013-07-30 15:37:36','\0','广平县',2,0,4522073,'\0'),(4522090,'2013-07-30 15:37:36','\0','馆陶县',2,0,4522073,'\0'),(4522091,'2013-07-30 15:37:36','\0','魏县',2,0,4522073,'\0'),(4522092,'2013-07-30 15:37:36','\0','曲周县',2,0,4522073,'\0'),(4522093,'2013-07-30 15:37:36','\0','武安市',2,0,4522073,'\0'),(4522094,'2013-07-30 15:37:36','\0','邢台市',1,0,4522022,'\0'),(4522095,'2013-07-30 15:37:36','\0','市辖区',2,0,4522094,'\0'),(4522096,'2013-07-30 15:37:36','\0','桥东区',2,0,4522094,'\0'),(4522097,'2013-07-30 15:37:36','\0','桥西区',2,0,4522094,'\0'),(4522098,'2013-07-30 15:37:36','\0','邢台县',2,0,4522094,'\0'),(4522099,'2013-07-30 15:37:36','\0','临城县',2,0,4522094,'\0'),(4522100,'2013-07-30 15:37:36','\0','内丘县',2,0,4522094,'\0'),(4522101,'2013-07-30 15:37:36','\0','柏乡县',2,0,4522094,'\0'),(4522102,'2013-07-30 15:37:36','\0','隆尧县',2,0,4522094,'\0'),(4522103,'2013-07-30 15:37:36','\0','任县',2,0,4522094,'\0'),(4522104,'2013-07-30 15:37:36','\0','南和县',2,0,4522094,'\0'),(4522105,'2013-07-30 15:37:36','\0','宁晋县',2,0,4522094,'\0'),(4522106,'2013-07-30 15:37:36','\0','巨鹿县',2,0,4522094,'\0'),(4522107,'2013-07-30 15:37:36','\0','新河县',2,0,4522094,'\0'),(4522108,'2013-07-30 15:37:36','\0','广宗县',2,0,4522094,'\0'),(4522109,'2013-07-30 15:37:36','\0','平乡县',2,0,4522094,'\0'),(4522110,'2013-07-30 15:37:36','\0','威县',2,0,4522094,'\0'),(4522111,'2013-07-30 15:37:36','\0','清河县',2,0,4522094,'\0'),(4522112,'2013-07-30 15:37:36','\0','临西县',2,0,4522094,'\0'),(4522113,'2013-07-30 15:37:36','\0','南宫市',2,0,4522094,'\0'),(4522114,'2013-07-30 15:37:36','\0','沙河市',2,0,4522094,'\0'),(4522115,'2013-07-30 15:37:36','\0','保定市',1,0,4522022,'\0'),(4522116,'2013-07-30 15:37:36','\0','市辖区',2,0,4522115,'\0'),(4522117,'2013-07-30 15:37:36','\0','新市区',2,0,4522115,'\0'),(4522118,'2013-07-30 15:37:36','\0','北市区',2,0,4522115,'\0'),(4522119,'2013-07-30 15:37:36','\0','南市区',2,0,4522115,'\0'),(4522120,'2013-07-30 15:37:36','\0','满城县',2,0,4522115,'\0'),(4522121,'2013-07-30 15:37:36','\0','清苑县',2,0,4522115,'\0'),(4522122,'2013-07-30 15:37:36','\0','涞水县',2,0,4522115,'\0'),(4522123,'2013-07-30 15:37:36','\0','阜平县',2,0,4522115,'\0'),(4522124,'2013-07-30 15:37:37','\0','徐水县',2,0,4522115,'\0'),(4522125,'2013-07-30 15:37:37','\0','定兴县',2,0,4522115,'\0'),(4522126,'2013-07-30 15:37:37','\0','唐县',2,0,4522115,'\0'),(4522127,'2013-07-30 15:37:37','\0','高阳县',2,0,4522115,'\0'),(4522128,'2013-07-30 15:37:37','\0','容城县',2,0,4522115,'\0'),(4522129,'2013-07-30 15:37:37','\0','涞源县',2,0,4522115,'\0'),(4522130,'2013-07-30 15:37:37','\0','望都县',2,0,4522115,'\0'),(4522131,'2013-07-30 15:37:37','\0','安新县',2,0,4522115,'\0'),(4522132,'2013-07-30 15:37:37','\0','易县',2,0,4522115,'\0'),(4522133,'2013-07-30 15:37:37','\0','曲阳县',2,0,4522115,'\0'),(4522134,'2013-07-30 15:37:37','\0','蠡县',2,0,4522115,'\0'),(4522135,'2013-07-30 15:37:37','\0','顺平县',2,0,4522115,'\0'),(4522136,'2013-07-30 15:37:37','\0','博野县',2,0,4522115,'\0'),(4522137,'2013-07-30 15:37:37','\0','雄县',2,0,4522115,'\0'),(4522138,'2013-07-30 15:37:37','\0','涿州市',2,0,4522115,'\0'),(4522139,'2013-07-30 15:37:37','\0','定州市',2,0,4522115,'\0'),(4522140,'2013-07-30 15:37:37','\0','安国市',2,0,4522115,'\0'),(4522141,'2013-07-30 15:37:37','\0','高碑店市',2,0,4522115,'\0'),(4522142,'2013-07-30 15:37:37','\0','张家口市',1,0,4522022,'\0'),(4522143,'2013-07-30 15:37:37','\0','市辖区',2,0,4522142,'\0'),(4522144,'2013-07-30 15:37:37','\0','桥东区',2,0,4522142,'\0'),(4522145,'2013-07-30 15:37:37','\0','桥西区',2,0,4522142,'\0'),(4522146,'2013-07-30 15:37:37','\0','宣化区',2,0,4522142,'\0'),(4522147,'2013-07-30 15:37:37','\0','下花园区',2,0,4522142,'\0'),(4522148,'2013-07-30 15:37:37','\0','宣化县',2,0,4522142,'\0'),(4522149,'2013-07-30 15:37:37','\0','张北县',2,0,4522142,'\0'),(4522150,'2013-07-30 15:37:37','\0','康保县',2,0,4522142,'\0'),(4522151,'2013-07-30 15:37:37','\0','沽源县',2,0,4522142,'\0'),(4522152,'2013-07-30 15:37:37','\0','尚义县',2,0,4522142,'\0'),(4522153,'2013-07-30 15:37:37','\0','蔚县',2,0,4522142,'\0'),(4522154,'2013-07-30 15:37:37','\0','阳原县',2,0,4522142,'\0'),(4522155,'2013-07-30 15:37:37','\0','怀安县',2,0,4522142,'\0'),(4522156,'2013-07-30 15:37:37','\0','万全县',2,0,4522142,'\0'),(4522157,'2013-07-30 15:37:37','\0','怀来县',2,0,4522142,'\0'),(4522158,'2013-07-30 15:37:37','\0','涿鹿县',2,0,4522142,'\0'),(4522159,'2013-07-30 15:37:37','\0','赤城县',2,0,4522142,'\0'),(4522160,'2013-07-30 15:37:37','\0','崇礼县',2,0,4522142,'\0'),(4522161,'2013-07-30 15:37:37','\0','承德市',1,0,4522022,'\0'),(4522162,'2013-07-30 15:37:37','\0','市辖区',2,0,4522161,'\0'),(4522163,'2013-07-30 15:37:38','\0','双桥区',2,0,4522161,'\0'),(4522164,'2013-07-30 15:37:38','\0','双滦区',2,0,4522161,'\0'),(4522165,'2013-07-30 15:37:38','\0','鹰手营子矿区',2,0,4522161,'\0'),(4522166,'2013-07-30 15:37:38','\0','承德县',2,0,4522161,'\0'),(4522167,'2013-07-30 15:37:38','\0','兴隆县',2,0,4522161,'\0'),(4522168,'2013-07-30 15:37:38','\0','平泉县',2,0,4522161,'\0'),(4522169,'2013-07-30 15:37:38','\0','滦平县',2,0,4522161,'\0'),(4522170,'2013-07-30 15:37:38','\0','隆化县',2,0,4522161,'\0'),(4522171,'2013-07-30 15:37:38','\0','丰宁满族自治县',2,0,4522161,'\0'),(4522172,'2013-07-30 15:37:38','\0','宽城满族自治县',2,0,4522161,'\0'),(4522173,'2013-07-30 15:37:38','\0','围场满族蒙古族自治县',2,0,4522161,'\0'),(4522174,'2013-07-30 15:37:38','\0','沧州市',1,0,4522022,'\0'),(4522175,'2013-07-30 15:37:38','\0','市辖区',2,0,4522174,'\0'),(4522176,'2013-07-30 15:37:38','\0','新华区',2,0,4522174,'\0'),(4522177,'2013-07-30 15:37:38','\0','运河区',2,0,4522174,'\0'),(4522178,'2013-07-30 15:37:38','\0','沧县',2,0,4522174,'\0'),(4522179,'2013-07-30 15:37:38','\0','青县',2,0,4522174,'\0'),(4522180,'2013-07-30 15:37:38','\0','东光县',2,0,4522174,'\0'),(4522181,'2013-07-30 15:37:38','\0','海兴县',2,0,4522174,'\0'),(4522182,'2013-07-30 15:37:38','\0','盐山县',2,0,4522174,'\0'),(4522183,'2013-07-30 15:37:38','\0','肃宁县',2,0,4522174,'\0'),(4522184,'2013-07-30 15:37:38','\0','南皮县',2,0,4522174,'\0'),(4522185,'2013-07-30 15:37:38','\0','吴桥县',2,0,4522174,'\0'),(4522186,'2013-07-30 15:37:38','\0','献县',2,0,4522174,'\0'),(4522187,'2013-07-30 15:37:38','\0','孟村回族自治县',2,0,4522174,'\0'),(4522188,'2013-07-30 15:37:38','\0','泊头市',2,0,4522174,'\0'),(4522189,'2013-07-30 15:37:38','\0','任丘市',2,0,4522174,'\0'),(4522190,'2013-07-30 15:37:38','\0','黄骅市',2,0,4522174,'\0'),(4522191,'2013-07-30 15:37:38','\0','河间市',2,0,4522174,'\0'),(4522192,'2013-07-30 15:37:38','\0','廊坊市',1,0,4522022,'\0'),(4522193,'2013-07-30 15:37:38','\0','市辖区',2,0,4522192,'\0'),(4522194,'2013-07-30 15:37:38','\0','安次区',2,0,4522192,'\0'),(4522195,'2013-07-30 15:37:38','\0','广阳区',2,0,4522192,'\0'),(4522196,'2013-07-30 15:37:38','\0','固安县',2,0,4522192,'\0'),(4522197,'2013-07-30 15:37:38','\0','永清县',2,0,4522192,'\0'),(4522198,'2013-07-30 15:37:38','\0','香河县',2,0,4522192,'\0'),(4522199,'2013-07-30 15:37:38','\0','大城县',2,0,4522192,'\0'),(4522200,'2013-07-30 15:37:38','\0','文安县',2,0,4522192,'\0'),(4522201,'2013-07-30 15:37:39','\0','大厂回族自治县',2,0,4522192,'\0'),(4522202,'2013-07-30 15:37:39','\0','霸州市',2,0,4522192,'\0'),(4522203,'2013-07-30 15:37:39','\0','三河市',2,0,4522192,'\0'),(4522204,'2013-07-30 15:37:39','\0','衡水市',1,0,4522022,'\0'),(4522205,'2013-07-30 15:37:39','\0','市辖区',2,0,4522204,'\0'),(4522206,'2013-07-30 15:37:39','\0','桃城区',2,0,4522204,'\0'),(4522207,'2013-07-30 15:37:39','\0','枣强县',2,0,4522204,'\0'),(4522208,'2013-07-30 15:37:39','\0','武邑县',2,0,4522204,'\0'),(4522209,'2013-07-30 15:37:39','\0','武强县',2,0,4522204,'\0'),(4522210,'2013-07-30 15:37:39','\0','饶阳县',2,0,4522204,'\0'),(4522211,'2013-07-30 15:37:39','\0','安平县',2,0,4522204,'\0'),(4522212,'2013-07-30 15:37:39','\0','故城县',2,0,4522204,'\0'),(4522213,'2013-07-30 15:37:39','\0','景县',2,0,4522204,'\0'),(4522214,'2013-07-30 15:37:39','\0','阜城县',2,0,4522204,'\0'),(4522215,'2013-07-30 15:37:39','\0','冀州市',2,0,4522204,'\0'),(4522216,'2013-07-30 15:37:39','\0','深州市',2,0,4522204,'\0'),(4522217,'2013-07-30 15:37:39','\0','山西省',0,0,NULL,'\0'),(4522218,'2013-07-30 15:37:39','\0','太原市',1,0,4522217,''),(4522219,'2013-07-30 15:37:39','\0','市辖区',2,0,4522218,'\0'),(4522220,'2013-07-30 15:37:39','\0','小店区',2,0,4522218,'\0'),(4522221,'2013-07-30 15:37:39','\0','迎泽区',2,0,4522218,'\0'),(4522222,'2013-07-30 15:37:39','\0','杏花岭区',2,0,4522218,'\0'),(4522223,'2013-07-30 15:37:39','\0','尖草坪区',2,0,4522218,'\0'),(4522224,'2013-07-30 15:37:39','\0','万柏林区',2,0,4522218,'\0'),(4522225,'2013-07-30 15:37:39','\0','晋源区',2,0,4522218,'\0'),(4522226,'2013-07-30 15:37:39','\0','清徐县',2,0,4522218,'\0'),(4522227,'2013-07-30 15:37:39','\0','阳曲县',2,0,4522218,'\0'),(4522228,'2013-07-30 15:37:39','\0','娄烦县',2,0,4522218,'\0'),(4522229,'2013-07-30 15:37:39','\0','古交市',2,0,4522218,'\0'),(4522230,'2013-07-30 15:37:39','\0','大同市',1,0,4522217,'\0'),(4522231,'2013-07-30 15:37:39','\0','市辖区',2,0,4522230,'\0'),(4522232,'2013-07-30 15:37:39','\0','城区',2,0,4522230,'\0'),(4522233,'2013-07-30 15:37:39','\0','矿区',2,0,4522230,'\0'),(4522234,'2013-07-30 15:37:39','\0','南郊区',2,0,4522230,'\0'),(4522235,'2013-07-30 15:37:39','\0','新荣区',2,0,4522230,'\0'),(4522236,'2013-07-30 15:37:39','\0','阳高县',2,0,4522230,'\0'),(4522237,'2013-07-30 15:37:39','\0','天镇县',2,0,4522230,'\0'),(4522238,'2013-07-30 15:37:40','\0','广灵县',2,0,4522230,'\0'),(4522239,'2013-07-30 15:37:40','\0','灵丘县',2,0,4522230,'\0'),(4522240,'2013-07-30 15:37:40','\0','浑源县',2,0,4522230,'\0'),(4522241,'2013-07-30 15:37:40','\0','左云县',2,0,4522230,'\0'),(4522242,'2013-07-30 15:37:40','\0','大同县',2,0,4522230,'\0'),(4522243,'2013-07-30 15:37:40','\0','阳泉市',1,0,4522217,'\0'),(4522244,'2013-07-30 15:37:40','\0','市辖区',2,0,4522243,'\0'),(4522245,'2013-07-30 15:37:40','\0','城区',2,0,4522243,'\0'),(4522246,'2013-07-30 15:37:40','\0','矿区',2,0,4522243,'\0'),(4522247,'2013-07-30 15:37:40','\0','郊区',2,0,4522243,'\0'),(4522248,'2013-07-30 15:37:40','\0','平定县',2,0,4522243,'\0'),(4522249,'2013-07-30 15:37:40','\0','盂县',2,0,4522243,'\0'),(4522250,'2013-07-30 15:37:40','\0','长治市',1,0,4522217,'\0'),(4522251,'2013-07-30 15:37:40','\0','市辖区',2,0,4522250,'\0'),(4522252,'2013-07-30 15:37:40','\0','城区',2,0,4522250,'\0'),(4522253,'2013-07-30 15:37:40','\0','郊区',2,0,4522250,'\0'),(4522254,'2013-07-30 15:37:40','\0','长治县',2,0,4522250,'\0'),(4522255,'2013-07-30 15:37:40','\0','襄垣县',2,0,4522250,'\0'),(4522256,'2013-07-30 15:37:40','\0','屯留县',2,0,4522250,'\0'),(4522257,'2013-07-30 15:37:40','\0','平顺县',2,0,4522250,'\0'),(4522258,'2013-07-30 15:37:40','\0','黎城县',2,0,4522250,'\0'),(4522259,'2013-07-30 15:37:40','\0','壶关县',2,0,4522250,'\0'),(4522260,'2013-07-30 15:37:40','\0','长子县',2,0,4522250,'\0'),(4522261,'2013-07-30 15:37:40','\0','武乡县',2,0,4522250,'\0'),(4522262,'2013-07-30 15:37:40','\0','沁县',2,0,4522250,'\0'),(4522263,'2013-07-30 15:37:40','\0','沁源县',2,0,4522250,'\0'),(4522264,'2013-07-30 15:37:40','\0','潞城市',2,0,4522250,'\0'),(4522265,'2013-07-30 15:37:40','\0','晋城市',1,0,4522217,'\0'),(4522266,'2013-07-30 15:37:40','\0','市辖区',2,0,4522265,'\0'),(4522267,'2013-07-30 15:37:40','\0','城区',2,0,4522265,'\0'),(4522268,'2013-07-30 15:37:40','\0','沁水县',2,0,4522265,'\0'),(4522269,'2013-07-30 15:37:40','\0','阳城县',2,0,4522265,'\0'),(4522270,'2013-07-30 15:37:40','\0','陵川县',2,0,4522265,'\0'),(4522271,'2013-07-30 15:37:40','\0','泽州县',2,0,4522265,'\0'),(4522272,'2013-07-30 15:37:40','\0','高平市',2,0,4522265,'\0'),(4522273,'2013-07-30 15:37:40','\0','朔州市',1,0,4522217,'\0'),(4522274,'2013-07-30 15:37:40','\0','市辖区',2,0,4522273,'\0'),(4522275,'2013-07-30 15:37:41','\0','朔城区',2,0,4522273,'\0'),(4522276,'2013-07-30 15:37:41','\0','平鲁区',2,0,4522273,'\0'),(4522277,'2013-07-30 15:37:41','\0','山阴县',2,0,4522273,'\0'),(4522278,'2013-07-30 15:37:41','\0','应县',2,0,4522273,'\0'),(4522279,'2013-07-30 15:37:41','\0','右玉县',2,0,4522273,'\0'),(4522280,'2013-07-30 15:37:41','\0','怀仁县',2,0,4522273,'\0'),(4522281,'2013-07-30 15:37:41','\0','晋中市',1,0,4522217,'\0'),(4522282,'2013-07-30 15:37:41','\0','市辖区',2,0,4522281,'\0'),(4522283,'2013-07-30 15:37:41','\0','榆次区',2,0,4522281,'\0'),(4522284,'2013-07-30 15:37:41','\0','榆社县',2,0,4522281,'\0'),(4522285,'2013-07-30 15:37:41','\0','左权县',2,0,4522281,'\0'),(4522286,'2013-07-30 15:37:41','\0','和顺县',2,0,4522281,'\0'),(4522287,'2013-07-30 15:37:41','\0','昔阳县',2,0,4522281,'\0'),(4522288,'2013-07-30 15:37:41','\0','寿阳县',2,0,4522281,'\0'),(4522289,'2013-07-30 15:37:41','\0','太谷县',2,0,4522281,'\0'),(4522290,'2013-07-30 15:37:41','\0','祁县',2,0,4522281,'\0'),(4522291,'2013-07-30 15:37:41','\0','平遥县',2,0,4522281,'\0'),(4522292,'2013-07-30 15:37:41','\0','灵石县',2,0,4522281,'\0'),(4522293,'2013-07-30 15:37:41','\0','介休市',2,0,4522281,'\0'),(4522294,'2013-07-30 15:37:41','\0','运城市',1,0,4522217,'\0'),(4522295,'2013-07-30 15:37:41','\0','市辖区',2,0,4522294,'\0'),(4522296,'2013-07-30 15:37:41','\0','盐湖区',2,0,4522294,'\0'),(4522297,'2013-07-30 15:37:41','\0','临猗县',2,0,4522294,'\0'),(4522298,'2013-07-30 15:37:41','\0','万荣县',2,0,4522294,'\0'),(4522299,'2013-07-30 15:37:41','\0','闻喜县',2,0,4522294,'\0'),(4522300,'2013-07-30 15:37:41','\0','稷山县',2,0,4522294,'\0'),(4522301,'2013-07-30 15:37:41','\0','新绛县',2,0,4522294,'\0'),(4522302,'2013-07-30 15:37:41','\0','绛县',2,0,4522294,'\0'),(4522303,'2013-07-30 15:37:41','\0','垣曲县',2,0,4522294,'\0'),(4522304,'2013-07-30 15:37:41','\0','夏县',2,0,4522294,'\0'),(4522305,'2013-07-30 15:37:41','\0','平陆县',2,0,4522294,'\0'),(4522306,'2013-07-30 15:37:41','\0','芮城县',2,0,4522294,'\0'),(4522307,'2013-07-30 15:37:41','\0','永济市',2,0,4522294,'\0'),(4522308,'2013-07-30 15:37:42','\0','河津市',2,0,4522294,'\0'),(4522309,'2013-07-30 15:37:42','\0','忻州市',1,0,4522217,'\0'),(4522310,'2013-07-30 15:37:42','\0','市辖区',2,0,4522309,'\0'),(4522311,'2013-07-30 15:37:42','\0','忻府区',2,0,4522309,'\0'),(4522312,'2013-07-30 15:37:42','\0','定襄县',2,0,4522309,'\0'),(4522313,'2013-07-30 15:37:42','\0','五台县',2,0,4522309,'\0'),(4522314,'2013-07-30 15:37:42','\0','代县',2,0,4522309,'\0'),(4522315,'2013-07-30 15:37:42','\0','繁峙县',2,0,4522309,'\0'),(4522316,'2013-07-30 15:37:42','\0','宁武县',2,0,4522309,'\0'),(4522317,'2013-07-30 15:37:42','\0','静乐县',2,0,4522309,'\0'),(4522318,'2013-07-30 15:37:42','\0','神池县',2,0,4522309,'\0'),(4522319,'2013-07-30 15:37:42','\0','五寨县',2,0,4522309,'\0'),(4522320,'2013-07-30 15:37:42','\0','岢岚县',2,0,4522309,'\0'),(4522321,'2013-07-30 15:37:42','\0','河曲县',2,0,4522309,'\0'),(4522322,'2013-07-30 15:37:42','\0','保德县',2,0,4522309,'\0'),(4522323,'2013-07-30 15:37:42','\0','偏关县',2,0,4522309,'\0'),(4522324,'2013-07-30 15:37:42','\0','原平市',2,0,4522309,'\0'),(4522325,'2013-07-30 15:37:42','\0','临汾市',1,0,4522217,'\0'),(4522326,'2013-07-30 15:37:42','\0','市辖区',2,0,4522325,'\0'),(4522327,'2013-07-30 15:37:42','\0','尧都区',2,0,4522325,'\0'),(4522328,'2013-07-30 15:37:42','\0','曲沃县',2,0,4522325,'\0'),(4522329,'2013-07-30 15:37:42','\0','翼城县',2,0,4522325,'\0'),(4522330,'2013-07-30 15:37:42','\0','襄汾县',2,0,4522325,'\0'),(4522331,'2013-07-30 15:37:42','\0','洪洞县',2,0,4522325,'\0'),(4522332,'2013-07-30 15:37:42','\0','古县',2,0,4522325,'\0'),(4522333,'2013-07-30 15:37:42','\0','安泽县',2,0,4522325,'\0'),(4522334,'2013-07-30 15:37:42','\0','浮山县',2,0,4522325,'\0'),(4522335,'2013-07-30 15:37:42','\0','吉县',2,0,4522325,'\0'),(4522336,'2013-07-30 15:37:42','\0','乡宁县',2,0,4522325,'\0'),(4522337,'2013-07-30 15:37:42','\0','大宁县',2,0,4522325,'\0'),(4522338,'2013-07-30 15:37:42','\0','隰县',2,0,4522325,'\0'),(4522339,'2013-07-30 15:37:42','\0','永和县',2,0,4522325,'\0'),(4522340,'2013-07-30 15:37:42','\0','蒲县',2,0,4522325,'\0'),(4522341,'2013-07-30 15:37:42','\0','汾西县',2,0,4522325,'\0'),(4522342,'2013-07-30 15:37:42','\0','侯马市',2,0,4522325,'\0'),(4522343,'2013-07-30 15:37:42','\0','霍州市',2,0,4522325,'\0'),(4522344,'2013-07-30 15:37:42','\0','吕梁市',1,0,4522217,'\0'),(4522345,'2013-07-30 15:37:43','\0','市辖区',2,0,4522344,'\0'),(4522346,'2013-07-30 15:37:43','\0','离石区',2,0,4522344,'\0'),(4522347,'2013-07-30 15:37:43','\0','文水县',2,0,4522344,'\0'),(4522348,'2013-07-30 15:37:43','\0','交城县',2,0,4522344,'\0'),(4522349,'2013-07-30 15:37:43','\0','兴县',2,0,4522344,'\0'),(4522350,'2013-07-30 15:37:43','\0','临县',2,0,4522344,'\0'),(4522351,'2013-07-30 15:37:43','\0','柳林县',2,0,4522344,'\0'),(4522352,'2013-07-30 15:37:43','\0','石楼县',2,0,4522344,'\0'),(4522353,'2013-07-30 15:37:43','\0','岚县',2,0,4522344,'\0'),(4522354,'2013-07-30 15:37:43','\0','方山县',2,0,4522344,'\0'),(4522355,'2013-07-30 15:37:43','\0','中阳县',2,0,4522344,'\0'),(4522356,'2013-07-30 15:37:43','\0','交口县',2,0,4522344,'\0'),(4522357,'2013-07-30 15:37:43','\0','孝义市',2,0,4522344,'\0'),(4522358,'2013-07-30 15:37:43','\0','汾阳市',2,0,4522344,'\0'),(4522359,'2013-07-30 15:37:43','\0','内蒙古自治区',0,0,NULL,'\0'),(4522360,'2013-07-30 15:37:43','\0','呼和浩特市',1,0,4522359,''),(4522361,'2013-07-30 15:37:43','\0','市辖区',2,0,4522360,'\0'),(4522362,'2013-07-30 15:37:43','\0','新城区',2,0,4522360,'\0'),(4522363,'2013-07-30 15:37:43','\0','回民区',2,0,4522360,'\0'),(4522364,'2013-07-30 15:37:43','\0','玉泉区',2,0,4522360,'\0'),(4522365,'2013-07-30 15:37:43','\0','赛罕区',2,0,4522360,'\0'),(4522366,'2013-07-30 15:37:43','\0','土默特左旗',2,0,4522360,'\0'),(4522367,'2013-07-30 15:37:43','\0','托克托县',2,0,4522360,'\0'),(4522368,'2013-07-30 15:37:43','\0','和林格尔县',2,0,4522360,'\0'),(4522369,'2013-07-30 15:37:43','\0','清水河县',2,0,4522360,'\0'),(4522370,'2013-07-30 15:37:43','\0','武川县',2,0,4522360,'\0'),(4522371,'2013-07-30 15:37:43','\0','包头市',1,0,4522359,'\0'),(4522372,'2013-07-30 15:37:43','\0','市辖区',2,0,4522371,'\0'),(4522373,'2013-07-30 15:37:43','\0','东河区',2,0,4522371,'\0'),(4522374,'2013-07-30 15:37:43','\0','昆都仑区',2,0,4522371,'\0'),(4522375,'2013-07-30 15:37:43','\0','青山区',2,0,4522371,'\0'),(4522376,'2013-07-30 15:37:43','\0','石拐区',2,0,4522371,'\0'),(4522377,'2013-07-30 15:37:43','\0','白云鄂博矿区',2,0,4522371,'\0'),(4522378,'2013-07-30 15:37:43','\0','九原区',2,0,4522371,'\0'),(4522379,'2013-07-30 15:37:44','\0','土默特右旗',2,0,4522371,'\0'),(4522380,'2013-07-30 15:37:44','\0','固阳县',2,0,4522371,'\0'),(4522381,'2013-07-30 15:37:44','\0','达尔罕茂明安联合旗',2,0,4522371,'\0'),(4522382,'2013-07-30 15:37:44','\0','乌海市',1,0,4522359,'\0'),(4522383,'2013-07-30 15:37:44','\0','市辖区',2,0,4522382,'\0'),(4522384,'2013-07-30 15:37:44','\0','海勃湾区',2,0,4522382,'\0'),(4522385,'2013-07-30 15:37:44','\0','海南区',2,0,4522382,'\0'),(4522386,'2013-07-30 15:37:44','\0','乌达区',2,0,4522382,'\0'),(4522387,'2013-07-30 15:37:44','\0','赤峰市',1,0,4522359,'\0'),(4522388,'2013-07-30 15:37:44','\0','市辖区',2,0,4522387,'\0'),(4522389,'2013-07-30 15:37:44','\0','红山区',2,0,4522387,'\0'),(4522390,'2013-07-30 15:37:44','\0','元宝山区',2,0,4522387,'\0'),(4522391,'2013-07-30 15:37:44','\0','松山区',2,0,4522387,'\0'),(4522392,'2013-07-30 15:37:44','\0','阿鲁科尔沁旗',2,0,4522387,'\0'),(4522393,'2013-07-30 15:37:44','\0','巴林左旗',2,0,4522387,'\0'),(4522394,'2013-07-30 15:37:44','\0','巴林右旗',2,0,4522387,'\0'),(4522395,'2013-07-30 15:37:44','\0','林西县',2,0,4522387,'\0'),(4522396,'2013-07-30 15:37:44','\0','克什克腾旗',2,0,4522387,'\0'),(4522397,'2013-07-30 15:37:44','\0','翁牛特旗',2,0,4522387,'\0'),(4522398,'2013-07-30 15:37:44','\0','喀喇沁旗',2,0,4522387,'\0'),(4522399,'2013-07-30 15:37:44','\0','宁城县',2,0,4522387,'\0'),(4522400,'2013-07-30 15:37:44','\0','敖汉旗',2,0,4522387,'\0'),(4522401,'2013-07-30 15:37:44','\0','通辽市',1,0,4522359,'\0'),(4522402,'2013-07-30 15:37:44','\0','市辖区',2,0,4522401,'\0'),(4522403,'2013-07-30 15:37:44','\0','科尔沁区',2,0,4522401,'\0'),(4522404,'2013-07-30 15:37:44','\0','科尔沁左翼中旗',2,0,4522401,'\0'),(4522405,'2013-07-30 15:37:44','\0','科尔沁左翼后旗',2,0,4522401,'\0'),(4522406,'2013-07-30 15:37:44','\0','开鲁县',2,0,4522401,'\0'),(4522407,'2013-07-30 15:37:44','\0','库伦旗',2,0,4522401,'\0'),(4522408,'2013-07-30 15:37:44','\0','奈曼旗',2,0,4522401,'\0'),(4522409,'2013-07-30 15:37:44','\0','扎鲁特旗',2,0,4522401,'\0'),(4522410,'2013-07-30 15:37:44','\0','霍林郭勒市',2,0,4522401,'\0'),(4522411,'2013-07-30 15:37:44','\0','鄂尔多斯市',1,0,4522359,'\0'),(4522412,'2013-07-30 15:37:44','\0','市辖区',2,0,4522411,'\0'),(4522413,'2013-07-30 15:37:44','\0','东胜区',2,0,4522411,'\0'),(4522414,'2013-07-30 15:37:44','\0','达拉特旗',2,0,4522411,'\0'),(4522415,'2013-07-30 15:37:45','\0','准格尔旗',2,0,4522411,'\0'),(4522416,'2013-07-30 15:37:45','\0','鄂托克前旗',2,0,4522411,'\0'),(4522417,'2013-07-30 15:37:45','\0','鄂托克旗',2,0,4522411,'\0'),(4522418,'2013-07-30 15:37:45','\0','杭锦旗',2,0,4522411,'\0'),(4522419,'2013-07-30 15:37:45','\0','乌审旗',2,0,4522411,'\0'),(4522420,'2013-07-30 15:37:45','\0','伊金霍洛旗',2,0,4522411,'\0'),(4522421,'2013-07-30 15:37:45','\0','呼伦贝尔市',1,0,4522359,'\0'),(4522422,'2013-07-30 15:37:45','\0','市辖区',2,0,4522421,'\0'),(4522423,'2013-07-30 15:37:45','\0','海拉尔区',2,0,4522421,'\0'),(4522424,'2013-07-30 15:37:45','\0','阿荣旗',2,0,4522421,'\0'),(4522425,'2013-07-30 15:37:45','\0','莫力达瓦达斡尔族自治旗',2,0,4522421,'\0'),(4522426,'2013-07-30 15:37:45','\0','鄂伦春自治旗',2,0,4522421,'\0'),(4522427,'2013-07-30 15:37:45','\0','鄂温克族自治旗',2,0,4522421,'\0'),(4522428,'2013-07-30 15:37:45','\0','陈巴尔虎旗',2,0,4522421,'\0'),(4522429,'2013-07-30 15:37:45','\0','新巴尔虎左旗',2,0,4522421,'\0'),(4522430,'2013-07-30 15:37:45','\0','新巴尔虎右旗',2,0,4522421,'\0'),(4522431,'2013-07-30 15:37:45','\0','满洲里市',2,0,4522421,'\0'),(4522432,'2013-07-30 15:37:45','\0','牙克石市',2,0,4522421,'\0'),(4522433,'2013-07-30 15:37:45','\0','扎兰屯市',2,0,4522421,'\0'),(4522434,'2013-07-30 15:37:45','\0','额尔古纳市',2,0,4522421,'\0'),(4522435,'2013-07-30 15:37:45','\0','根河市',2,0,4522421,'\0'),(4522436,'2013-07-30 15:37:45','\0','巴彦淖尔市',1,0,4522359,'\0'),(4522437,'2013-07-30 15:37:45','\0','市辖区',2,0,4522436,'\0'),(4522438,'2013-07-30 15:37:45','\0','临河区',2,0,4522436,'\0'),(4522439,'2013-07-30 15:37:45','\0','五原县',2,0,4522436,'\0'),(4522440,'2013-07-30 15:37:45','\0','磴口县',2,0,4522436,'\0'),(4522441,'2013-07-30 15:37:45','\0','乌拉特前旗',2,0,4522436,'\0'),(4522442,'2013-07-30 15:37:45','\0','乌拉特中旗',2,0,4522436,'\0'),(4522443,'2013-07-30 15:37:45','\0','乌拉特后旗',2,0,4522436,'\0'),(4522444,'2013-07-30 15:37:45','\0','杭锦后旗',2,0,4522436,'\0'),(4522445,'2013-07-30 15:37:45','\0','乌兰察布市',1,0,4522359,'\0'),(4522446,'2013-07-30 15:37:45','\0','市辖区',2,0,4522445,'\0'),(4522447,'2013-07-30 15:37:45','\0','集宁区',2,0,4522445,'\0'),(4522448,'2013-07-30 15:37:45','\0','卓资县',2,0,4522445,'\0'),(4522449,'2013-07-30 15:37:46','\0','化德县',2,0,4522445,'\0'),(4522450,'2013-07-30 15:37:46','\0','商都县',2,0,4522445,'\0'),(4522451,'2013-07-30 15:37:46','\0','兴和县',2,0,4522445,'\0'),(4522452,'2013-07-30 15:37:46','\0','凉城县',2,0,4522445,'\0'),(4522453,'2013-07-30 15:37:46','\0','察哈尔右翼前旗',2,0,4522445,'\0'),(4522454,'2013-07-30 15:37:46','\0','察哈尔右翼中旗',2,0,4522445,'\0'),(4522455,'2013-07-30 15:37:46','\0','察哈尔右翼后旗',2,0,4522445,'\0'),(4522456,'2013-07-30 15:37:46','\0','四子王旗',2,0,4522445,'\0'),(4522457,'2013-07-30 15:37:46','\0','丰镇市',2,0,4522445,'\0'),(4522458,'2013-07-30 15:37:46','\0','兴安盟',1,0,4522359,'\0'),(4522459,'2013-07-30 15:37:46','\0','乌兰浩特市',2,0,4522458,'\0'),(4522460,'2013-07-30 15:37:46','\0','阿尔山市',2,0,4522458,'\0'),(4522461,'2013-07-30 15:37:46','\0','科尔沁右翼前旗',2,0,4522458,'\0'),(4522462,'2013-07-30 15:37:46','\0','科尔沁右翼中旗',2,0,4522458,'\0'),(4522463,'2013-07-30 15:37:46','\0','扎赉特旗',2,0,4522458,'\0'),(4522464,'2013-07-30 15:37:46','\0','突泉县',2,0,4522458,'\0'),(4522465,'2013-07-30 15:37:46','\0','锡林郭勒盟',1,0,4522359,'\0'),(4522466,'2013-07-30 15:37:46','\0','二连浩特市',2,0,4522465,'\0'),(4522467,'2013-07-30 15:37:46','\0','锡林浩特市',2,0,4522465,'\0'),(4522468,'2013-07-30 15:37:46','\0','阿巴嘎旗',2,0,4522465,'\0'),(4522469,'2013-07-30 15:37:46','\0','苏尼特左旗',2,0,4522465,'\0'),(4522470,'2013-07-30 15:37:46','\0','苏尼特右旗',2,0,4522465,'\0'),(4522471,'2013-07-30 15:37:46','\0','东乌珠穆沁旗',2,0,4522465,'\0'),(4522472,'2013-07-30 15:37:46','\0','西乌珠穆沁旗',2,0,4522465,'\0'),(4522473,'2013-07-30 15:37:46','\0','太仆寺旗',2,0,4522465,'\0'),(4522474,'2013-07-30 15:37:46','\0','镶黄旗',2,0,4522465,'\0'),(4522475,'2013-07-30 15:37:46','\0','正镶白旗',2,0,4522465,'\0'),(4522476,'2013-07-30 15:37:46','\0','正蓝旗',2,0,4522465,'\0'),(4522477,'2013-07-30 15:37:46','\0','多伦县',2,0,4522465,'\0'),(4522478,'2013-07-30 15:37:46','\0','阿拉善盟',1,0,4522359,'\0'),(4522479,'2013-07-30 15:37:46','\0','阿拉善左旗',2,0,4522478,'\0'),(4522480,'2013-07-30 15:37:46','\0','阿拉善右旗',2,0,4522478,'\0'),(4522481,'2013-07-30 15:37:47','\0','额济纳旗',2,0,4522478,'\0'),(4522482,'2013-07-30 15:37:47','\0','辽宁省',0,0,NULL,'\0'),(4522483,'2013-07-30 15:37:47','\0','沈阳市',1,0,4522482,''),(4522484,'2013-07-30 15:37:47','\0','浑南新区',2,0,4522483,'\0'),(4522485,'2013-07-30 15:37:47','\0','和平区',2,0,4522483,'\0'),(4522486,'2013-07-30 15:37:47','\0','沈河区',2,0,4522483,'\0'),(4522487,'2013-07-30 15:37:47','\0','大东区',2,0,4522483,'\0'),(4522488,'2013-07-30 15:37:47','\0','皇姑区',2,0,4522483,'\0'),(4522489,'2013-07-30 15:37:47','\0','铁西区',2,0,4522483,'\0'),(4522490,'2013-07-30 15:37:47','\0','苏家屯区',2,0,4522483,'\0'),(4522491,'2013-07-30 15:37:47','\0','东陵区',2,0,4522483,'\0'),(4522492,'2013-07-30 15:37:47','\0','沈北新区',2,0,4522483,'\0'),(4522493,'2013-07-30 15:37:47','\0','于洪区',2,0,4522483,'\0'),(4522494,'2013-07-30 15:37:47','\0','辽中县',2,0,4522483,'\0'),(4522495,'2013-07-30 15:37:47','\0','康平县',2,0,4522483,'\0'),(4522496,'2013-07-30 15:37:47','\0','法库县',2,0,4522483,'\0'),(4522497,'2013-07-30 15:37:47','\0','新民市',2,0,4522483,'\0'),(4522498,'2013-07-30 15:37:47','\0','大连市',1,0,4522482,''),(4522499,'2013-07-30 15:37:47','\0','市辖区',2,0,4522498,'\0'),(4522500,'2013-07-30 15:37:47','\0','中山区',2,0,4522498,'\0'),(4522501,'2013-07-30 15:37:47','\0','西岗区',2,0,4522498,'\0'),(4522502,'2013-07-30 15:37:47','\0','沙河口区',2,0,4522498,'\0'),(4522503,'2013-07-30 15:37:47','\0','甘井子区',2,0,4522498,'\0'),(4522504,'2013-07-30 15:37:47','\0','旅顺口区',2,0,4522498,'\0'),(4522505,'2013-07-30 15:37:47','\0','金州区',2,0,4522498,'\0'),(4522506,'2013-07-30 15:37:47','\0','长海县',2,0,4522498,'\0'),(4522507,'2013-07-30 15:37:47','\0','瓦房店市',2,0,4522498,'\0'),(4522508,'2013-07-30 15:37:47','\0','普兰店市',2,0,4522498,'\0'),(4522509,'2013-07-30 15:37:47','\0','庄河市',2,0,4522498,'\0'),(4522510,'2013-07-30 15:37:47','\0','鞍山市',1,0,4522482,'\0'),(4522511,'2013-07-30 15:37:47','\0','市辖区',2,0,4522510,'\0'),(4522512,'2013-07-30 15:37:48','\0','铁东区',2,0,4522510,'\0'),(4522513,'2013-07-30 15:37:48','\0','铁西区',2,0,4522510,'\0'),(4522514,'2013-07-30 15:37:48','\0','立山区',2,0,4522510,'\0'),(4522515,'2013-07-30 15:37:48','\0','千山区',2,0,4522510,'\0'),(4522516,'2013-07-30 15:37:48','\0','台安县',2,0,4522510,'\0'),(4522517,'2013-07-30 15:37:48','\0','岫岩满族自治县',2,0,4522510,'\0'),(4522518,'2013-07-30 15:37:48','\0','海城市',2,0,4522510,'\0'),(4522519,'2013-07-30 15:37:48','\0','抚顺市',1,0,4522482,'\0'),(4522520,'2013-07-30 15:37:48','\0','市辖区',2,0,4522519,'\0'),(4522521,'2013-07-30 15:37:48','\0','新抚区',2,0,4522519,'\0'),(4522522,'2013-07-30 15:37:48','\0','东洲区',2,0,4522519,'\0'),(4522523,'2013-07-30 15:37:48','\0','望花区',2,0,4522519,'\0'),(4522524,'2013-07-30 15:37:48','\0','顺城区',2,0,4522519,'\0'),(4522525,'2013-07-30 15:37:48','\0','抚顺县',2,0,4522519,'\0'),(4522526,'2013-07-30 15:37:48','\0','新宾满族自治县',2,0,4522519,'\0'),(4522527,'2013-07-30 15:37:48','\0','清原满族自治县',2,0,4522519,'\0'),(4522528,'2013-07-30 15:37:48','\0','本溪市',1,0,4522482,'\0'),(4522529,'2013-07-30 15:37:48','\0','市辖区',2,0,4522528,'\0'),(4522530,'2013-07-30 15:37:48','\0','平山区',2,0,4522528,'\0'),(4522531,'2013-07-30 15:37:48','\0','溪湖区',2,0,4522528,'\0'),(4522532,'2013-07-30 15:37:48','\0','明山区',2,0,4522528,'\0'),(4522533,'2013-07-30 15:37:48','\0','南芬区',2,0,4522528,'\0'),(4522534,'2013-07-30 15:37:48','\0','本溪满族自治县',2,0,4522528,'\0'),(4522535,'2013-07-30 15:37:48','\0','桓仁满族自治县',2,0,4522528,'\0'),(4522536,'2013-07-30 15:37:48','\0','丹东市',1,0,4522482,'\0'),(4522537,'2013-07-30 15:37:48','\0','市辖区',2,0,4522536,'\0'),(4522538,'2013-07-30 15:37:48','\0','元宝区',2,0,4522536,'\0'),(4522539,'2013-07-30 15:37:48','\0','振兴区',2,0,4522536,'\0'),(4522540,'2013-07-30 15:37:48','\0','振安区',2,0,4522536,'\0'),(4522541,'2013-07-30 15:37:48','\0','宽甸满族自治县',2,0,4522536,'\0'),(4522542,'2013-07-30 15:37:48','\0','东港市',2,0,4522536,'\0'),(4522543,'2013-07-30 15:37:49','\0','凤城市',2,0,4522536,'\0'),(4522544,'2013-07-30 15:37:49','\0','锦州市',1,0,4522482,'\0'),(4522545,'2013-07-30 15:37:49','\0','市辖区',2,0,4522544,'\0'),(4522546,'2013-07-30 15:37:49','\0','古塔区',2,0,4522544,'\0'),(4522547,'2013-07-30 15:37:49','\0','凌河区',2,0,4522544,'\0'),(4522548,'2013-07-30 15:37:49','\0','太和区',2,0,4522544,'\0'),(4522549,'2013-07-30 15:37:49','\0','黑山县',2,0,4522544,'\0'),(4522550,'2013-07-30 15:37:49','\0','义县',2,0,4522544,'\0'),(4522551,'2013-07-30 15:37:49','\0','凌海市',2,0,4522544,'\0'),(4522552,'2013-07-30 15:37:49','\0','北镇市',2,0,4522544,'\0'),(4522553,'2013-07-30 15:37:49','\0','营口市',1,0,4522482,'\0'),(4522554,'2013-07-30 15:37:49','\0','市辖区',2,0,4522553,'\0'),(4522555,'2013-07-30 15:37:49','\0','站前区',2,0,4522553,'\0'),(4522556,'2013-07-30 15:37:49','\0','西市区',2,0,4522553,'\0'),(4522557,'2013-07-30 15:37:49','\0','鲅鱼圈区',2,0,4522553,'\0'),(4522558,'2013-07-30 15:37:49','\0','老边区',2,0,4522553,'\0'),(4522559,'2013-07-30 15:37:49','\0','盖州市',2,0,4522553,'\0'),(4522560,'2013-07-30 15:37:49','\0','大石桥市',2,0,4522553,'\0'),(4522561,'2013-07-30 15:37:49','\0','阜新市',1,0,4522482,'\0'),(4522562,'2013-07-30 15:37:49','\0','市辖区',2,0,4522561,'\0'),(4522563,'2013-07-30 15:37:49','\0','海州区',2,0,4522561,'\0'),(4522564,'2013-07-30 15:37:49','\0','新邱区',2,0,4522561,'\0'),(4522565,'2013-07-30 15:37:49','\0','太平区',2,0,4522561,'\0'),(4522566,'2013-07-30 15:37:49','\0','清河门区',2,0,4522561,'\0'),(4522567,'2013-07-30 15:37:49','\0','细河区',2,0,4522561,'\0'),(4522568,'2013-07-30 15:37:49','\0','阜新蒙古族自治县',2,0,4522561,'\0'),(4522569,'2013-07-30 15:37:49','\0','彰武县',2,0,4522561,'\0'),(4522570,'2013-07-30 15:37:49','\0','辽阳市',1,0,4522482,'\0'),(4522571,'2013-07-30 15:37:50','\0','市辖区',2,0,4522570,'\0'),(4522572,'2013-07-30 15:37:50','\0','白塔区',2,0,4522570,'\0'),(4522573,'2013-07-30 15:37:50','\0','文圣区',2,0,4522570,'\0'),(4522574,'2013-07-30 15:37:50','\0','宏伟区',2,0,4522570,'\0'),(4522575,'2013-07-30 15:37:50','\0','弓长岭区',2,0,4522570,'\0'),(4522576,'2013-07-30 15:37:50','\0','太子河区',2,0,4522570,'\0'),(4522577,'2013-07-30 15:37:50','\0','辽阳县',2,0,4522570,'\0'),(4522578,'2013-07-30 15:37:50','\0','灯塔市',2,0,4522570,'\0'),(4522579,'2013-07-30 15:37:50','\0','盘锦市',1,0,4522482,'\0'),(4522580,'2013-07-30 15:37:50','\0','市辖区',2,0,4522579,'\0'),(4522581,'2013-07-30 15:37:50','\0','双台子区',2,0,4522579,'\0'),(4522582,'2013-07-30 15:37:50','\0','兴隆台区',2,0,4522579,'\0'),(4522583,'2013-07-30 15:37:50','\0','大洼县',2,0,4522579,'\0'),(4522584,'2013-07-30 15:37:50','\0','盘山县',2,0,4522579,'\0'),(4522585,'2013-07-30 15:37:50','\0','铁岭市',1,0,4522482,'\0'),(4522586,'2013-07-30 15:37:50','\0','市辖区',2,0,4522585,'\0'),(4522587,'2013-07-30 15:37:50','\0','银州区',2,0,4522585,'\0'),(4522588,'2013-07-30 15:37:50','\0','清河区',2,0,4522585,'\0'),(4522589,'2013-07-30 15:37:50','\0','铁岭县',2,0,4522585,'\0'),(4522590,'2013-07-30 15:37:50','\0','西丰县',2,0,4522585,'\0'),(4522591,'2013-07-30 15:37:50','\0','昌图县',2,0,4522585,'\0'),(4522592,'2013-07-30 15:37:50','\0','调兵山市',2,0,4522585,'\0'),(4522593,'2013-07-30 15:37:50','\0','开原市',2,0,4522585,'\0'),(4522594,'2013-07-30 15:37:50','\0','朝阳市',1,0,4522482,'\0'),(4522595,'2013-07-30 15:37:50','\0','市辖区',2,0,4522594,'\0'),(4522596,'2013-07-30 15:37:50','\0','双塔区',2,0,4522594,'\0'),(4522597,'2013-07-30 15:37:50','\0','龙城区',2,0,4522594,'\0'),(4522598,'2013-07-30 15:37:50','\0','朝阳县',2,0,4522594,'\0'),(4522599,'2013-07-30 15:37:51','\0','建平县',2,0,4522594,'\0'),(4522600,'2013-07-30 15:37:51','\0','喀喇沁左翼蒙古族自治县',2,0,4522594,'\0'),(4522601,'2013-07-30 15:37:51','\0','北票市',2,0,4522594,'\0'),(4522602,'2013-07-30 15:37:51','\0','凌源市',2,0,4522594,'\0'),(4522603,'2013-07-30 15:37:51','\0','葫芦岛市',1,0,4522482,'\0'),(4522604,'2013-07-30 15:37:51','\0','市辖区',2,0,4522603,'\0'),(4522605,'2013-07-30 15:37:51','\0','连山区',2,0,4522603,'\0'),(4522606,'2013-07-30 15:37:51','\0','龙港区',2,0,4522603,'\0'),(4522607,'2013-07-30 15:37:51','\0','南票区',2,0,4522603,'\0'),(4522608,'2013-07-30 15:37:51','\0','绥中县',2,0,4522603,'\0'),(4522609,'2013-07-30 15:37:51','\0','建昌县',2,0,4522603,'\0'),(4522610,'2013-07-30 15:37:51','\0','兴城市',2,0,4522603,'\0'),(4522611,'2013-07-30 15:37:51','\0','吉林省',0,0,NULL,'\0'),(4522612,'2013-07-30 15:37:51','\0','长春市',1,0,4522611,''),(4522613,'2013-07-30 15:37:51','\0','市辖区',2,0,4522612,'\0'),(4522614,'2013-07-30 15:37:51','\0','南关区',2,0,4522612,'\0'),(4522615,'2013-07-30 15:37:51','\0','宽城区',2,0,4522612,'\0'),(4522616,'2013-07-30 15:37:51','\0','朝阳区',2,0,4522612,'\0'),(4522617,'2013-07-30 15:37:51','\0','二道区',2,0,4522612,'\0'),(4522618,'2013-07-30 15:37:51','\0','绿园区',2,0,4522612,'\0'),(4522619,'2013-07-30 15:37:51','\0','双阳区',2,0,4522612,'\0'),(4522620,'2013-07-30 15:37:51','\0','农安县',2,0,4522612,'\0'),(4522621,'2013-07-30 15:37:51','\0','九台市',2,0,4522612,'\0'),(4522622,'2013-07-30 15:37:51','\0','榆树市',2,0,4522612,'\0'),(4522623,'2013-07-30 15:37:51','\0','德惠市',2,0,4522612,'\0'),(4522624,'2013-07-30 15:37:51','\0','吉林市',1,0,4522611,'\0'),(4522625,'2013-07-30 15:37:51','\0','市辖区',2,0,4522624,'\0'),(4522626,'2013-07-30 15:37:52','\0','昌邑区',2,0,4522624,'\0'),(4522627,'2013-07-30 15:37:52','\0','龙潭区',2,0,4522624,'\0'),(4522628,'2013-07-30 15:37:52','\0','船营区',2,0,4522624,'\0'),(4522629,'2013-07-30 15:37:52','\0','丰满区',2,0,4522624,'\0'),(4522630,'2013-07-30 15:37:52','\0','永吉县',2,0,4522624,'\0'),(4522631,'2013-07-30 15:37:52','\0','蛟河市',2,0,4522624,'\0'),(4522632,'2013-07-30 15:37:52','\0','桦甸市',2,0,4522624,'\0'),(4522633,'2013-07-30 15:37:52','\0','舒兰市',2,0,4522624,'\0'),(4522634,'2013-07-30 15:37:52','\0','磐石市',2,0,4522624,'\0'),(4522635,'2013-07-30 15:37:52','\0','四平市',1,0,4522611,'\0'),(4522636,'2013-07-30 15:37:52','\0','市辖区',2,0,4522635,'\0'),(4522637,'2013-07-30 15:37:52','\0','铁西区',2,0,4522635,'\0'),(4522638,'2013-07-30 15:37:52','\0','铁东区',2,0,4522635,'\0'),(4522639,'2013-07-30 15:37:52','\0','梨树县',2,0,4522635,'\0'),(4522640,'2013-07-30 15:37:52','\0','伊通满族自治县',2,0,4522635,'\0'),(4522641,'2013-07-30 15:37:52','\0','公主岭市',2,0,4522635,'\0'),(4522642,'2013-07-30 15:37:52','\0','双辽市',2,0,4522635,'\0'),(4522643,'2013-07-30 15:37:52','\0','辽源市',1,0,4522611,'\0'),(4522644,'2013-07-30 15:37:52','\0','市辖区',2,0,4522643,'\0'),(4522645,'2013-07-30 15:37:52','\0','龙山区',2,0,4522643,'\0'),(4522646,'2013-07-30 15:37:52','\0','西安区',2,0,4522643,'\0'),(4522647,'2013-07-30 15:37:52','\0','东丰县',2,0,4522643,'\0'),(4522648,'2013-07-30 15:37:52','\0','东辽县',2,0,4522643,'\0'),(4522649,'2013-07-30 15:37:52','\0','通化市',1,0,4522611,'\0'),(4522650,'2013-07-30 15:37:52','\0','市辖区',2,0,4522649,'\0'),(4522651,'2013-07-30 15:37:52','\0','东昌区',2,0,4522649,'\0'),(4522652,'2013-07-30 15:37:52','\0','二道江区',2,0,4522649,'\0'),(4522653,'2013-07-30 15:37:52','\0','通化县',2,0,4522649,'\0'),(4522654,'2013-07-30 15:37:53','\0','辉南县',2,0,4522649,'\0'),(4522655,'2013-07-30 15:37:53','\0','柳河县',2,0,4522649,'\0'),(4522656,'2013-07-30 15:37:53','\0','梅河口市',2,0,4522649,'\0'),(4522657,'2013-07-30 15:37:53','\0','集安市',2,0,4522649,'\0'),(4522658,'2013-07-30 15:37:53','\0','白山市',1,0,4522611,'\0'),(4522659,'2013-07-30 15:37:53','\0','市辖区',2,0,4522658,'\0'),(4522660,'2013-07-30 15:37:53','\0','八道江区',2,0,4522658,'\0'),(4522661,'2013-07-30 15:37:53','\0','江源区',2,0,4522658,'\0'),(4522662,'2013-07-30 15:37:53','\0','抚松县',2,0,4522658,'\0'),(4522663,'2013-07-30 15:37:53','\0','靖宇县',2,0,4522658,'\0'),(4522664,'2013-07-30 15:37:53','\0','长白朝鲜族自治县',2,0,4522658,'\0'),(4522665,'2013-07-30 15:37:53','\0','临江市',2,0,4522658,'\0'),(4522666,'2013-07-30 15:37:53','\0','松原市',1,0,4522611,'\0'),(4522667,'2013-07-30 15:37:53','\0','市辖区',2,0,4522666,'\0'),(4522668,'2013-07-30 15:37:53','\0','宁江区',2,0,4522666,'\0'),(4522669,'2013-07-30 15:37:53','\0','前郭尔罗斯蒙古族自治县',2,0,4522666,'\0'),(4522670,'2013-07-30 15:37:53','\0','长岭县',2,0,4522666,'\0'),(4522671,'2013-07-30 15:37:53','\0','乾安县',2,0,4522666,'\0'),(4522672,'2013-07-30 15:37:53','\0','扶余县',2,0,4522666,'\0'),(4522673,'2013-07-30 15:37:53','\0','白城市',1,0,4522611,'\0'),(4522674,'2013-07-30 15:37:53','\0','市辖区',2,0,4522673,'\0'),(4522675,'2013-07-30 15:37:53','\0','洮北区',2,0,4522673,'\0'),(4522676,'2013-07-30 15:37:53','\0','镇赉县',2,0,4522673,'\0'),(4522677,'2013-07-30 15:37:53','\0','通榆县',2,0,4522673,'\0'),(4522678,'2013-07-30 15:37:53','\0','洮南市',2,0,4522673,'\0'),(4522679,'2013-07-30 15:37:53','\0','大安市',2,0,4522673,'\0'),(4522680,'2013-07-30 15:37:53','\0','延边朝鲜族自治州',1,0,4522611,'\0'),(4522681,'2013-07-30 15:37:53','\0','延吉市',2,0,4522680,'\0'),(4522682,'2013-07-30 15:37:54','\0','图们市',2,0,4522680,'\0'),(4522683,'2013-07-30 15:37:54','\0','敦化市',2,0,4522680,'\0'),(4522684,'2013-07-30 15:37:54','\0','珲春市',2,0,4522680,'\0'),(4522685,'2013-07-30 15:37:54','\0','龙井市',2,0,4522680,'\0'),(4522686,'2013-07-30 15:37:54','\0','和龙市',2,0,4522680,'\0'),(4522687,'2013-07-30 15:37:54','\0','汪清县',2,0,4522680,'\0'),(4522688,'2013-07-30 15:37:54','\0','安图县',2,0,4522680,'\0'),(4522689,'2013-07-30 15:37:54','\0','黑龙江省',0,0,NULL,'\0'),(4522690,'2013-07-30 15:37:54','\0','哈尔滨市',1,0,4522689,''),(4522691,'2013-07-30 15:37:54','\0','市辖区',2,0,4522690,'\0'),(4522692,'2013-07-30 15:37:54','\0','道里区',2,0,4522690,'\0'),(4522693,'2013-07-30 15:37:54','\0','南岗区',2,0,4522690,'\0'),(4522694,'2013-07-30 15:37:54','\0','道外区',2,0,4522690,'\0'),(4522695,'2013-07-30 15:37:54','\0','平房区',2,0,4522690,'\0'),(4522696,'2013-07-30 15:37:54','\0','松北区',2,0,4522690,'\0'),(4522697,'2013-07-30 15:37:54','\0','香坊区',2,0,4522690,'\0'),(4522698,'2013-07-30 15:37:54','\0','呼兰区',2,0,4522690,'\0'),(4522699,'2013-07-30 15:37:54','\0','阿城区',2,0,4522690,'\0'),(4522700,'2013-07-30 15:37:54','\0','依兰县',2,0,4522690,'\0'),(4522701,'2013-07-30 15:37:54','\0','方正县',2,0,4522690,'\0'),(4522702,'2013-07-30 15:37:54','\0','宾县',2,0,4522690,'\0'),(4522703,'2013-07-30 15:37:54','\0','巴彦县',2,0,4522690,'\0'),(4522704,'2013-07-30 15:37:54','\0','木兰县',2,0,4522690,'\0'),(4522705,'2013-07-30 15:37:54','\0','通河县',2,0,4522690,'\0'),(4522706,'2013-07-30 15:37:54','\0','延寿县',2,0,4522690,'\0'),(4522707,'2013-07-30 15:37:54','\0','双城市',2,0,4522690,'\0'),(4522708,'2013-07-30 15:37:54','\0','尚志市',2,0,4522690,'\0'),(4522709,'2013-07-30 15:37:55','\0','五常市',2,0,4522690,'\0'),(4522710,'2013-07-30 15:37:55','\0','齐齐哈尔市',1,0,4522689,'\0'),(4522711,'2013-07-30 15:37:55','\0','市辖区',2,0,4522710,'\0'),(4522712,'2013-07-30 15:37:55','\0','龙沙区',2,0,4522710,'\0'),(4522713,'2013-07-30 15:37:55','\0','建华区',2,0,4522710,'\0'),(4522714,'2013-07-30 15:37:55','\0','铁锋区',2,0,4522710,'\0'),(4522715,'2013-07-30 15:37:55','\0','昂昂溪区',2,0,4522710,'\0'),(4522716,'2013-07-30 15:37:55','\0','富拉尔基区',2,0,4522710,'\0'),(4522717,'2013-07-30 15:37:55','\0','碾子山区',2,0,4522710,'\0'),(4522718,'2013-07-30 15:37:55','\0','梅里斯达斡尔族区',2,0,4522710,'\0'),(4522719,'2013-07-30 15:37:55','\0','龙江县',2,0,4522710,'\0'),(4522720,'2013-07-30 15:37:55','\0','依安县',2,0,4522710,'\0'),(4522721,'2013-07-30 15:37:55','\0','泰来县',2,0,4522710,'\0'),(4522722,'2013-07-30 15:37:55','\0','甘南县',2,0,4522710,'\0'),(4522723,'2013-07-30 15:37:55','\0','富裕县',2,0,4522710,'\0'),(4522724,'2013-07-30 15:37:55','\0','克山县',2,0,4522710,'\0'),(4522725,'2013-07-30 15:37:55','\0','克东县',2,0,4522710,'\0'),(4522726,'2013-07-30 15:37:55','\0','拜泉县',2,0,4522710,'\0'),(4522727,'2013-07-30 15:37:55','\0','讷河市',2,0,4522710,'\0'),(4522728,'2013-07-30 15:37:55','\0','鸡西市',1,0,4522689,'\0'),(4522729,'2013-07-30 15:37:55','\0','市辖区',2,0,4522728,'\0'),(4522730,'2013-07-30 15:37:55','\0','鸡冠区',2,0,4522728,'\0'),(4522731,'2013-07-30 15:37:55','\0','恒山区',2,0,4522728,'\0'),(4522732,'2013-07-30 15:37:56','\0','滴道区',2,0,4522728,'\0'),(4522733,'2013-07-30 15:37:56','\0','梨树区',2,0,4522728,'\0'),(4522734,'2013-07-30 15:37:56','\0','城子河区',2,0,4522728,'\0'),(4522735,'2013-07-30 15:37:56','\0','麻山区',2,0,4522728,'\0'),(4522736,'2013-07-30 15:37:56','\0','鸡东县',2,0,4522728,'\0'),(4522737,'2013-07-30 15:37:56','\0','虎林市',2,0,4522728,'\0'),(4522738,'2013-07-30 15:37:56','\0','密山市',2,0,4522728,'\0'),(4522739,'2013-07-30 15:37:56','\0','鹤岗市',1,0,4522689,'\0'),(4522740,'2013-07-30 15:37:56','\0','市辖区',2,0,4522739,'\0'),(4522741,'2013-07-30 15:37:56','\0','向阳区',2,0,4522739,'\0'),(4522742,'2013-07-30 15:37:56','\0','工农区',2,0,4522739,'\0'),(4522743,'2013-07-30 15:37:56','\0','南山区',2,0,4522739,'\0'),(4522744,'2013-07-30 15:37:56','\0','兴安区',2,0,4522739,'\0'),(4522745,'2013-07-30 15:37:56','\0','东山区',2,0,4522739,'\0'),(4522746,'2013-07-30 15:37:56','\0','兴山区',2,0,4522739,'\0'),(4522747,'2013-07-30 15:37:56','\0','萝北县',2,0,4522739,'\0'),(4522748,'2013-07-30 15:37:56','\0','绥滨县',2,0,4522739,'\0'),(4522749,'2013-07-30 15:37:56','\0','双鸭山市',1,0,4522689,'\0'),(4522750,'2013-07-30 15:37:56','\0','市辖区',2,0,4522749,'\0'),(4522751,'2013-07-30 15:37:56','\0','尖山区',2,0,4522749,'\0'),(4522752,'2013-07-30 15:37:56','\0','岭东区',2,0,4522749,'\0'),(4522753,'2013-07-30 15:37:56','\0','四方台区',2,0,4522749,'\0'),(4522754,'2013-07-30 15:37:56','\0','宝山区',2,0,4522749,'\0'),(4522755,'2013-07-30 15:37:56','\0','集贤县',2,0,4522749,'\0'),(4522756,'2013-07-30 15:37:57','\0','友谊县',2,0,4522749,'\0'),(4522757,'2013-07-30 15:37:57','\0','宝清县',2,0,4522749,'\0'),(4522758,'2013-07-30 15:37:57','\0','饶河县',2,0,4522749,'\0'),(4522759,'2013-07-30 15:37:57','\0','大庆市',1,0,4522689,'\0'),(4522760,'2013-07-30 15:37:57','\0','市辖区',2,0,4522759,'\0'),(4522761,'2013-07-30 15:37:57','\0','萨尔图区',2,0,4522759,'\0'),(4522762,'2013-07-30 15:37:57','\0','龙凤区',2,0,4522759,'\0'),(4522763,'2013-07-30 15:37:57','\0','让胡路区',2,0,4522759,'\0'),(4522764,'2013-07-30 15:37:57','\0','红岗区',2,0,4522759,'\0'),(4522765,'2013-07-30 15:37:57','\0','大同区',2,0,4522759,'\0'),(4522766,'2013-07-30 15:37:57','\0','肇州县',2,0,4522759,'\0'),(4522767,'2013-07-30 15:37:57','\0','肇源县',2,0,4522759,'\0'),(4522768,'2013-07-30 15:37:57','\0','林甸县',2,0,4522759,'\0'),(4522769,'2013-07-30 15:37:57','\0','杜尔伯特蒙古族自治县',2,0,4522759,'\0'),(4522770,'2013-07-30 15:37:57','\0','伊春市',1,0,4522689,'\0'),(4522771,'2013-07-30 15:37:57','\0','市辖区',2,0,4522770,'\0'),(4522772,'2013-07-30 15:37:57','\0','伊春区',2,0,4522770,'\0'),(4522773,'2013-07-30 15:37:57','\0','南岔区',2,0,4522770,'\0'),(4522774,'2013-07-30 15:37:57','\0','友好区',2,0,4522770,'\0'),(4522775,'2013-07-30 15:37:57','\0','西林区',2,0,4522770,'\0'),(4522776,'2013-07-30 15:37:57','\0','翠峦区',2,0,4522770,'\0'),(4522777,'2013-07-30 15:37:57','\0','新青区',2,0,4522770,'\0'),(4522778,'2013-07-30 15:37:57','\0','美溪区',2,0,4522770,'\0'),(4522779,'2013-07-30 15:37:58','\0','金山屯区',2,0,4522770,'\0'),(4522780,'2013-07-30 15:37:58','\0','五营区',2,0,4522770,'\0'),(4522781,'2013-07-30 15:37:58','\0','乌马河区',2,0,4522770,'\0'),(4522782,'2013-07-30 15:37:58','\0','汤旺河区',2,0,4522770,'\0'),(4522783,'2013-07-30 15:37:58','\0','带岭区',2,0,4522770,'\0'),(4522784,'2013-07-30 15:37:58','\0','乌伊岭区',2,0,4522770,'\0'),(4522785,'2013-07-30 15:37:58','\0','红星区',2,0,4522770,'\0'),(4522786,'2013-07-30 15:37:58','\0','上甘岭区',2,0,4522770,'\0'),(4522787,'2013-07-30 15:37:58','\0','嘉荫县',2,0,4522770,'\0'),(4522788,'2013-07-30 15:37:58','\0','铁力市',2,0,4522770,'\0'),(4522789,'2013-07-30 15:37:58','\0','佳木斯市',1,0,4522689,'\0'),(4522790,'2013-07-30 15:37:58','\0','市辖区',2,0,4522789,'\0'),(4522791,'2013-07-30 15:37:58','\0','向阳区',2,0,4522789,'\0'),(4522792,'2013-07-30 15:37:58','\0','前进区',2,0,4522789,'\0'),(4522793,'2013-07-30 15:37:58','\0','东风区',2,0,4522789,'\0'),(4522794,'2013-07-30 15:37:58','\0','郊区',2,0,4522789,'\0'),(4522795,'2013-07-30 15:37:58','\0','桦南县',2,0,4522789,'\0'),(4522796,'2013-07-30 15:37:58','\0','桦川县',2,0,4522789,'\0'),(4522797,'2013-07-30 15:37:58','\0','汤原县',2,0,4522789,'\0'),(4522798,'2013-07-30 15:37:58','\0','抚远县',2,0,4522789,'\0'),(4522799,'2013-07-30 15:37:58','\0','同江市',2,0,4522789,'\0'),(4522800,'2013-07-30 15:37:58','\0','富锦市',2,0,4522789,'\0'),(4522801,'2013-07-30 15:37:58','\0','七台河市',1,0,4522689,'\0'),(4522802,'2013-07-30 15:37:58','\0','市辖区',2,0,4522801,'\0'),(4522803,'2013-07-30 15:37:59','\0','新兴区',2,0,4522801,'\0'),(4522804,'2013-07-30 15:37:59','\0','桃山区',2,0,4522801,'\0'),(4522805,'2013-07-30 15:37:59','\0','茄子河区',2,0,4522801,'\0'),(4522806,'2013-07-30 15:37:59','\0','勃利县',2,0,4522801,'\0'),(4522807,'2013-07-30 15:37:59','\0','牡丹江市',1,0,4522689,'\0'),(4522808,'2013-07-30 15:37:59','\0','市辖区',2,0,4522807,'\0'),(4522809,'2013-07-30 15:37:59','\0','东安区',2,0,4522807,'\0'),(4522810,'2013-07-30 15:37:59','\0','阳明区',2,0,4522807,'\0'),(4522811,'2013-07-30 15:37:59','\0','爱民区',2,0,4522807,'\0'),(4522812,'2013-07-30 15:37:59','\0','西安区',2,0,4522807,'\0'),(4522813,'2013-07-30 15:37:59','\0','东宁县',2,0,4522807,'\0'),(4522814,'2013-07-30 15:37:59','\0','林口县',2,0,4522807,'\0'),(4522815,'2013-07-30 15:37:59','\0','绥芬河市',2,0,4522807,'\0'),(4522816,'2013-07-30 15:37:59','\0','海林市',2,0,4522807,'\0'),(4522817,'2013-07-30 15:37:59','\0','宁安市',2,0,4522807,'\0'),(4522818,'2013-07-30 15:37:59','\0','穆棱市',2,0,4522807,'\0'),(4522819,'2013-07-30 15:37:59','\0','黑河市',1,0,4522689,'\0'),(4522820,'2013-07-30 15:37:59','\0','市辖区',2,0,4522819,'\0'),(4522821,'2013-07-30 15:37:59','\0','爱辉区',2,0,4522819,'\0'),(4522822,'2013-07-30 15:37:59','\0','嫩江县',2,0,4522819,'\0'),(4522823,'2013-07-30 15:37:59','\0','逊克县',2,0,4522819,'\0'),(4522824,'2013-07-30 15:37:59','\0','孙吴县',2,0,4522819,'\0'),(4522825,'2013-07-30 15:38:00','\0','北安市',2,0,4522819,'\0'),(4522826,'2013-07-30 15:38:00','\0','五大连池市',2,0,4522819,'\0'),(4522827,'2013-07-30 15:38:00','\0','绥化市',1,0,4522689,'\0'),(4522828,'2013-07-30 15:38:00','\0','市辖区',2,0,4522827,'\0'),(4522829,'2013-07-30 15:38:00','\0','北林区',2,0,4522827,'\0'),(4522830,'2013-07-30 15:38:00','\0','望奎县',2,0,4522827,'\0'),(4522831,'2013-07-30 15:38:00','\0','兰西县',2,0,4522827,'\0'),(4522832,'2013-07-30 15:38:00','\0','青冈县',2,0,4522827,'\0'),(4522833,'2013-07-30 15:38:00','\0','庆安县',2,0,4522827,'\0'),(4522834,'2013-07-30 15:38:00','\0','明水县',2,0,4522827,'\0'),(4522835,'2013-07-30 15:38:00','\0','绥棱县',2,0,4522827,'\0'),(4522836,'2013-07-30 15:38:00','\0','安达市',2,0,4522827,'\0'),(4522837,'2013-07-30 15:38:00','\0','肇东市',2,0,4522827,'\0'),(4522838,'2013-07-30 15:38:00','\0','海伦市',2,0,4522827,'\0'),(4522839,'2013-07-30 15:38:00','\0','大兴安岭地区',1,0,4522689,'\0'),(4522840,'2013-07-30 15:38:00','\0','加格达奇区',2,0,4522839,'\0'),(4522841,'2013-07-30 15:38:00','\0','松岭区',2,0,4522839,'\0'),(4522842,'2013-07-30 15:38:00','\0','新林区',2,0,4522839,'\0'),(4522843,'2013-07-30 15:38:00','\0','呼中区',2,0,4522839,'\0'),(4522844,'2013-07-30 15:38:00','\0','呼玛县',2,0,4522839,'\0'),(4522845,'2013-07-30 15:38:00','\0','塔河县',2,0,4522839,'\0'),(4522846,'2013-07-30 15:38:00','\0','漠河县',2,0,4522839,'\0'),(4522847,'2013-07-30 15:38:00','\0','上海市',0,0,NULL,''),(4522848,'2013-07-30 15:38:01','\0','上海市',1,0,4522847,'\0'),(4522849,'2013-07-30 15:38:01','\0','黄浦区',2,0,4522848,'\0'),(4522850,'2013-07-30 15:38:01','\0','卢湾区',2,0,4522848,'\0'),(4522851,'2013-07-30 15:38:01','\0','徐汇区',2,0,4522848,'\0'),(4522852,'2013-07-30 15:38:01','\0','长宁区',2,0,4522848,'\0'),(4522853,'2013-07-30 15:38:01','\0','静安区',2,0,4522848,'\0'),(4522854,'2013-07-30 15:38:01','\0','普陀区',2,0,4522848,'\0'),(4522855,'2013-07-30 15:38:01','\0','闸北区',2,0,4522848,'\0'),(4522856,'2013-07-30 15:38:01','\0','虹口区',2,0,4522848,'\0'),(4522857,'2013-07-30 15:38:01','\0','杨浦区',2,0,4522848,'\0'),(4522858,'2013-07-30 15:38:01','\0','闵行区',2,0,4522848,'\0'),(4522859,'2013-07-30 15:38:01','\0','宝山区',2,0,4522848,'\0'),(4522860,'2013-07-30 15:38:01','\0','嘉定区',2,0,4522848,'\0'),(4522861,'2013-07-30 15:38:01','\0','浦东新区',2,0,4522848,'\0'),(4522862,'2013-07-30 15:38:01','\0','金山区',2,0,4522848,'\0'),(4522863,'2013-07-30 15:38:01','\0','松江区',2,0,4522848,'\0'),(4522864,'2013-07-30 15:38:01','\0','青浦区',2,0,4522848,'\0'),(4522865,'2013-07-30 15:38:01','\0','奉贤区',2,0,4522848,'\0'),(4522867,'2013-07-30 15:38:01','\0','崇明县',2,0,4522848,'\0'),(4522868,'2013-07-30 15:38:01','\0','江苏省',0,0,NULL,'\0'),(4522869,'2013-07-30 15:38:02','\0','南京市',1,0,4522868,''),(4522870,'2013-07-30 15:38:02','\0','市辖区',2,0,4522869,'\0'),(4522871,'2013-07-30 15:38:02','\0','玄武区',2,0,4522869,'\0'),(4522872,'2013-07-30 15:38:02','\0','白下区',2,0,4522869,'\0'),(4522873,'2013-07-30 15:38:02','\0','秦淮区',2,0,4522869,'\0'),(4522874,'2013-07-30 15:38:02','\0','建邺区',2,0,4522869,'\0'),(4522875,'2013-07-30 15:38:02','\0','鼓楼区',2,0,4522869,'\0'),(4522876,'2013-07-30 15:38:02','\0','下关区',2,0,4522869,'\0'),(4522877,'2013-07-30 15:38:02','\0','浦口区',2,0,4522869,'\0'),(4522878,'2013-07-30 15:38:02','\0','栖霞区',2,0,4522869,'\0'),(4522879,'2013-07-30 15:38:02','\0','雨花台区',2,0,4522869,'\0'),(4522880,'2013-07-30 15:38:02','\0','江宁区',2,0,4522869,'\0'),(4522881,'2013-07-30 15:38:02','\0','六合区',2,0,4522869,'\0'),(4522882,'2013-07-30 15:38:02','\0','溧水县',2,0,4522869,'\0'),(4522883,'2013-07-30 15:38:02','\0','高淳县',2,0,4522869,'\0'),(4522884,'2013-07-30 15:38:02','\0','无锡市',1,0,4522868,'\0'),(4522885,'2013-07-30 15:38:02','\0','市辖区',2,0,4522884,'\0'),(4522886,'2013-07-30 15:38:02','\0','崇安区',2,0,4522884,'\0'),(4522887,'2013-07-30 15:38:02','\0','南长区',2,0,4522884,'\0'),(4522888,'2013-07-30 15:38:02','\0','北塘区',2,0,4522884,'\0'),(4522889,'2013-07-30 15:38:02','\0','锡山区',2,0,4522884,'\0'),(4522890,'2013-07-30 15:38:02','\0','惠山区',2,0,4522884,'\0'),(4522891,'2013-07-30 15:38:03','\0','滨湖区',2,0,4522884,'\0'),(4522892,'2013-07-30 15:38:03','\0','江阴市',2,0,4522884,'\0'),(4522893,'2013-07-30 15:38:03','\0','宜兴市',2,0,4522884,'\0'),(4522894,'2013-07-30 15:38:03','\0','徐州市',1,0,4522868,'\0'),(4522895,'2013-07-30 15:38:03','\0','市辖区',2,0,4522894,'\0'),(4522896,'2013-07-30 15:38:03','\0','鼓楼区',2,0,4522894,'\0'),(4522897,'2013-07-30 15:38:03','\0','云龙区',2,0,4522894,'\0'),(4522898,'2013-07-30 15:38:03','\0','贾汪区',2,0,4522894,'\0'),(4522899,'2013-07-30 15:38:03','\0','泉山区',2,0,4522894,'\0'),(4522900,'2013-07-30 15:38:03','\0','铜山区',2,0,4522894,'\0'),(4522901,'2013-07-30 15:38:03','\0','丰县',2,0,4522894,'\0'),(4522902,'2013-07-30 15:38:03','\0','沛县',2,0,4522894,'\0'),(4522903,'2013-07-30 15:38:03','\0','睢宁县',2,0,4522894,'\0'),(4522904,'2013-07-30 15:38:03','\0','新沂市',2,0,4522894,'\0'),(4522905,'2013-07-30 15:38:03','\0','邳州市',2,0,4522894,'\0'),(4522906,'2013-07-30 15:38:03','\0','常州市',1,0,4522868,'\0'),(4522907,'2013-07-30 15:38:03','\0','市辖区',2,0,4522906,'\0'),(4522908,'2013-07-30 15:38:03','\0','天宁区',2,0,4522906,'\0'),(4522909,'2013-07-30 15:38:03','\0','钟楼区',2,0,4522906,'\0'),(4522910,'2013-07-30 15:38:03','\0','戚墅堰区',2,0,4522906,'\0'),(4522911,'2013-07-30 15:38:03','\0','新北区',2,0,4522906,'\0'),(4522912,'2013-07-30 15:38:03','\0','武进区',2,0,4522906,'\0'),(4522913,'2013-07-30 15:38:04','\0','溧阳市',2,0,4522906,'\0'),(4522914,'2013-07-30 15:38:04','\0','金坛市',2,0,4522906,'\0'),(4522915,'2013-07-30 15:38:04','\0','苏州市',1,0,4522868,'\0'),(4522916,'2013-07-30 15:38:04','\0','市辖区',2,0,4522915,'\0'),(4522917,'2013-07-30 15:38:04','\0','沧浪区',2,0,4522915,'\0'),(4522918,'2013-07-30 15:38:04','\0','平江区',2,0,4522915,'\0'),(4522919,'2013-07-30 15:38:04','\0','金阊区',2,0,4522915,'\0'),(4522920,'2013-07-30 15:38:04','\0','虎丘区',2,0,4522915,'\0'),(4522921,'2013-07-30 15:38:04','\0','吴中区',2,0,4522915,'\0'),(4522922,'2013-07-30 15:38:04','\0','相城区',2,0,4522915,'\0'),(4522923,'2013-07-30 15:38:04','\0','常熟市',2,0,4522915,'\0'),(4522924,'2013-07-30 15:38:04','\0','张家港市',2,0,4522915,'\0'),(4522925,'2013-07-30 15:38:04','\0','昆山市',2,0,4522915,'\0'),(4522926,'2013-07-30 15:38:04','\0','吴江市',2,0,4522915,'\0'),(4522927,'2013-07-30 15:38:04','\0','太仓市',2,0,4522915,'\0'),(4522928,'2013-07-30 15:38:04','\0','南通市',1,0,4522868,'\0'),(4522929,'2013-07-30 15:38:04','\0','市辖区',2,0,4522928,'\0'),(4522930,'2013-07-30 15:38:04','\0','崇川区',2,0,4522928,'\0'),(4522931,'2013-07-30 15:38:04','\0','港闸区',2,0,4522928,'\0'),(4522932,'2013-07-30 15:38:04','\0','通州区',2,0,4522928,'\0'),(4522933,'2013-07-30 15:38:04','\0','海安县',2,0,4522928,'\0'),(4522934,'2013-07-30 15:38:04','\0','如东县',2,0,4522928,'\0'),(4522935,'2013-07-30 15:38:05','\0','启东市',2,0,4522928,'\0'),(4522936,'2013-07-30 15:38:05','\0','如皋市',2,0,4522928,'\0'),(4522937,'2013-07-30 15:38:05','\0','海门市',2,0,4522928,'\0'),(4522938,'2013-07-30 15:38:05','\0','连云港市',1,0,4522868,'\0'),(4522939,'2013-07-30 15:38:05','\0','市辖区',2,0,4522938,'\0'),(4522940,'2013-07-30 15:38:05','\0','连云区',2,0,4522938,'\0'),(4522941,'2013-07-30 15:38:05','\0','新浦区',2,0,4522938,'\0'),(4522942,'2013-07-30 15:38:05','\0','海州区',2,0,4522938,'\0'),(4522943,'2013-07-30 15:38:05','\0','赣榆县',2,0,4522938,'\0'),(4522944,'2013-07-30 15:38:05','\0','东海县',2,0,4522938,'\0'),(4522945,'2013-07-30 15:38:05','\0','灌云县',2,0,4522938,'\0'),(4522946,'2013-07-30 15:38:05','\0','灌南县',2,0,4522938,'\0'),(4522947,'2013-07-30 15:38:05','\0','淮安市',1,0,4522868,'\0'),(4522948,'2013-07-30 15:38:05','\0','市辖区',2,0,4522947,'\0'),(4522949,'2013-07-30 15:38:05','\0','清河区',2,0,4522947,'\0'),(4522950,'2013-07-30 15:38:05','\0','楚州区',2,0,4522947,'\0'),(4522951,'2013-07-30 15:38:05','\0','淮阴区',2,0,4522947,'\0'),(4522952,'2013-07-30 15:38:05','\0','清浦区',2,0,4522947,'\0'),(4522953,'2013-07-30 15:38:05','\0','涟水县',2,0,4522947,'\0'),(4522954,'2013-07-30 15:38:05','\0','洪泽县',2,0,4522947,'\0'),(4522955,'2013-07-30 15:38:05','\0','盱眙县',2,0,4522947,'\0'),(4522956,'2013-07-30 15:38:05','\0','金湖县',2,0,4522947,'\0'),(4522957,'2013-07-30 15:38:06','\0','盐城市',1,0,4522868,'\0'),(4522958,'2013-07-30 15:38:06','\0','市辖区',2,0,4522957,'\0'),(4522959,'2013-07-30 15:38:06','\0','亭湖区',2,0,4522957,'\0'),(4522960,'2013-07-30 15:38:06','\0','盐都区',2,0,4522957,'\0'),(4522961,'2013-07-30 15:38:06','\0','响水县',2,0,4522957,'\0'),(4522962,'2013-07-30 15:38:06','\0','滨海县',2,0,4522957,'\0'),(4522963,'2013-07-30 15:38:06','\0','阜宁县',2,0,4522957,'\0'),(4522964,'2013-07-30 15:38:06','\0','射阳县',2,0,4522957,'\0'),(4522965,'2013-07-30 15:38:06','\0','建湖县',2,0,4522957,'\0'),(4522966,'2013-07-30 15:38:06','\0','东台市',2,0,4522957,'\0'),(4522967,'2013-07-30 15:38:06','\0','大丰市',2,0,4522957,'\0'),(4522968,'2013-07-30 15:38:06','\0','扬州市',1,0,4522868,'\0'),(4522969,'2013-07-30 15:38:06','\0','市辖区',2,0,4522968,'\0'),(4522970,'2013-07-30 15:38:06','\0','广陵区',2,0,4522968,'\0'),(4522971,'2013-07-30 15:38:06','\0','邗江区',2,0,4522968,'\0'),(4522972,'2013-07-30 15:38:06','\0','维扬区',2,0,4522968,'\0'),(4522973,'2013-07-30 15:38:06','\0','宝应县',2,0,4522968,'\0'),(4522974,'2013-07-30 15:38:06','\0','仪征市',2,0,4522968,'\0'),(4522975,'2013-07-30 15:38:06','\0','高邮市',2,0,4522968,'\0'),(4522976,'2013-07-30 15:38:06','\0','江都市',2,0,4522968,'\0'),(4522977,'2013-07-30 15:38:06','\0','镇江市',1,0,4522868,'\0'),(4522978,'2013-07-30 15:38:07','\0','市辖区',2,0,4522977,'\0'),(4522979,'2013-07-30 15:38:07','\0','京口区',2,0,4522977,'\0'),(4522980,'2013-07-30 15:38:07','\0','润州区',2,0,4522977,'\0'),(4522981,'2013-07-30 15:38:07','\0','丹徒区',2,0,4522977,'\0'),(4522982,'2013-07-30 15:38:07','\0','丹阳市',2,0,4522977,'\0'),(4522983,'2013-07-30 15:38:07','\0','扬中市',2,0,4522977,'\0'),(4522984,'2013-07-30 15:38:07','\0','句容市',2,0,4522977,'\0'),(4522985,'2013-07-30 15:38:07','\0','泰州市',1,0,4522868,'\0'),(4522986,'2013-07-30 15:38:07','\0','市辖区',2,0,4522985,'\0'),(4522987,'2013-07-30 15:38:07','\0','海陵区',2,0,4522985,'\0'),(4522988,'2013-07-30 15:38:07','\0','高港区',2,0,4522985,'\0'),(4522989,'2013-07-30 15:38:07','\0','兴化市',2,0,4522985,'\0'),(4522990,'2013-07-30 15:38:07','\0','靖江市',2,0,4522985,'\0'),(4522991,'2013-07-30 15:38:07','\0','泰兴市',2,0,4522985,'\0'),(4522992,'2013-07-30 15:38:07','\0','姜堰市',2,0,4522985,'\0'),(4522993,'2013-07-30 15:38:07','\0','宿迁市',1,0,4522868,'\0'),(4522994,'2013-07-30 15:38:07','\0','市辖区',2,0,4522993,'\0'),(4522995,'2013-07-30 15:38:07','\0','宿城区',2,0,4522993,'\0'),(4522996,'2013-07-30 15:38:07','\0','宿豫区',2,0,4522993,'\0'),(4522997,'2013-07-30 15:38:07','\0','沭阳县',2,0,4522993,'\0'),(4522998,'2013-07-30 15:38:07','\0','泗阳县',2,0,4522993,'\0'),(4522999,'2013-07-30 15:38:08','\0','泗洪县',2,0,4522993,'\0'),(4523000,'2013-07-30 15:38:08','\0','浙江省',0,0,NULL,'\0'),(4523001,'2013-07-30 15:38:08','\0','杭州市',1,0,4523000,'\0'),(4523002,'2013-07-30 15:38:08','\0','市辖区',2,0,4523001,'\0'),(4523003,'2013-07-30 15:38:08','\0','上城区',2,0,4523001,'\0'),(4523004,'2013-07-30 15:38:08','\0','下城区',2,0,4523001,'\0'),(4523005,'2013-07-30 15:38:08','\0','江干区',2,0,4523001,'\0'),(4523006,'2013-07-30 15:38:08','\0','拱墅区',2,0,4523001,'\0'),(4523007,'2013-07-30 15:38:08','\0','西湖区',2,0,4523001,'\0'),(4523008,'2013-07-30 15:38:08','\0','滨江区',2,0,4523001,'\0'),(4523009,'2013-07-30 15:38:08','\0','萧山区',2,0,4523001,'\0'),(4523010,'2013-07-30 15:38:08','\0','余杭区',2,0,4523001,'\0'),(4523011,'2013-07-30 15:38:08','\0','桐庐县',2,0,4523001,'\0'),(4523012,'2013-07-30 15:38:08','\0','淳安县',2,0,4523001,'\0'),(4523013,'2013-07-30 15:38:08','\0','建德市',2,0,4523001,'\0'),(4523014,'2013-07-30 15:38:08','\0','富阳市',2,0,4523001,'\0'),(4523015,'2013-07-30 15:38:08','\0','临安市',2,0,4523001,'\0'),(4523016,'2013-07-30 15:38:08','\0','宁波市',1,0,4523000,'\0'),(4523017,'2013-07-30 15:38:08','\0','市辖区',2,0,4523016,'\0'),(4523018,'2013-07-30 15:38:08','\0','海曙区',2,0,4523016,'\0'),(4523019,'2013-07-30 15:38:08','\0','江东区',2,0,4523016,'\0'),(4523020,'2013-07-30 15:38:09','\0','江北区',2,0,4523016,'\0'),(4523021,'2013-07-30 15:38:09','\0','北仑区',2,0,4523016,'\0'),(4523022,'2013-07-30 15:38:09','\0','镇海区',2,0,4523016,'\0'),(4523023,'2013-07-30 15:38:09','\0','鄞州区',2,0,4523016,'\0'),(4523024,'2013-07-30 15:38:09','\0','象山县',2,0,4523016,'\0'),(4523025,'2013-07-30 15:38:09','\0','宁海县',2,0,4523016,'\0'),(4523026,'2013-07-30 15:38:09','\0','余姚市',2,0,4523016,'\0'),(4523027,'2013-07-30 15:38:09','\0','慈溪市',2,0,4523016,'\0'),(4523028,'2013-07-30 15:38:09','\0','奉化市',2,0,4523016,'\0'),(4523029,'2013-07-30 15:38:09','\0','温州市',1,0,4523000,'\0'),(4523030,'2013-07-30 15:38:09','\0','市辖区',2,0,4523029,'\0'),(4523031,'2013-07-30 15:38:09','\0','鹿城区',2,0,4523029,'\0'),(4523032,'2013-07-30 15:38:09','\0','龙湾区',2,0,4523029,'\0'),(4523033,'2013-07-30 15:38:09','\0','瓯海区',2,0,4523029,'\0'),(4523034,'2013-07-30 15:38:09','\0','洞头县',2,0,4523029,'\0'),(4523035,'2013-07-30 15:38:09','\0','永嘉县',2,0,4523029,'\0'),(4523036,'2013-07-30 15:38:09','\0','平阳县',2,0,4523029,'\0'),(4523037,'2013-07-30 15:38:09','\0','苍南县',2,0,4523029,'\0'),(4523038,'2013-07-30 15:38:09','\0','文成县',2,0,4523029,'\0'),(4523039,'2013-07-30 15:38:10','\0','泰顺县',2,0,4523029,'\0'),(4523040,'2013-07-30 15:38:10','\0','瑞安市',2,0,4523029,'\0'),(4523041,'2013-07-30 15:38:10','\0','乐清市',2,0,4523029,'\0'),(4523042,'2013-07-30 15:38:10','\0','嘉兴市',1,0,4523000,'\0'),(4523043,'2013-07-30 15:38:10','\0','市辖区',2,0,4523042,'\0'),(4523044,'2013-07-30 15:38:10','\0','南湖区',2,0,4523042,'\0'),(4523045,'2013-07-30 15:38:10','\0','秀洲区',2,0,4523042,'\0'),(4523046,'2013-07-30 15:38:10','\0','嘉善县',2,0,4523042,'\0'),(4523047,'2013-07-30 15:38:10','\0','海盐县',2,0,4523042,'\0'),(4523048,'2013-07-30 15:38:10','\0','海宁市',2,0,4523042,'\0'),(4523049,'2013-07-30 15:38:10','\0','平湖市',2,0,4523042,'\0'),(4523050,'2013-07-30 15:38:10','\0','桐乡市',2,0,4523042,'\0'),(4523051,'2013-07-30 15:38:10','\0','湖州市',1,0,4523000,'\0'),(4523052,'2013-07-30 15:38:10','\0','市辖区',2,0,4523051,'\0'),(4523053,'2013-07-30 15:38:10','\0','吴兴区',2,0,4523051,'\0'),(4523054,'2013-07-30 15:38:10','\0','南浔区',2,0,4523051,'\0'),(4523055,'2013-07-30 15:38:10','\0','德清县',2,0,4523051,'\0'),(4523056,'2013-07-30 15:38:10','\0','长兴县',2,0,4523051,'\0'),(4523057,'2013-07-30 15:38:10','\0','安吉县',2,0,4523051,'\0'),(4523058,'2013-07-30 15:38:10','\0','绍兴市',1,0,4523000,'\0'),(4523059,'2013-07-30 15:38:11','\0','市辖区',2,0,4523058,'\0'),(4523060,'2013-07-30 15:38:11','\0','越城区',2,0,4523058,'\0'),(4523061,'2013-07-30 15:38:11','\0','绍兴县',2,0,4523058,'\0'),(4523062,'2013-07-30 15:38:11','\0','新昌县',2,0,4523058,'\0'),(4523063,'2013-07-30 15:38:11','\0','诸暨市',2,0,4523058,'\0'),(4523064,'2013-07-30 15:38:11','\0','上虞市',2,0,4523058,'\0'),(4523065,'2013-07-30 15:38:11','\0','嵊州市',2,0,4523058,'\0'),(4523066,'2013-07-30 15:38:11','\0','金华市',1,0,4523000,'\0'),(4523067,'2013-07-30 15:38:11','\0','市辖区',2,0,4523066,'\0'),(4523068,'2013-07-30 15:38:11','\0','婺城区',2,0,4523066,'\0'),(4523069,'2013-07-30 15:38:11','\0','金东区',2,0,4523066,'\0'),(4523070,'2013-07-30 15:38:11','\0','武义县',2,0,4523066,'\0'),(4523071,'2013-07-30 15:38:11','\0','浦江县',2,0,4523066,'\0'),(4523072,'2013-07-30 15:38:11','\0','磐安县',2,0,4523066,'\0'),(4523073,'2013-07-30 15:38:11','\0','兰溪市',2,0,4523066,'\0'),(4523074,'2013-07-30 15:38:11','\0','义乌市',2,0,4523066,'\0'),(4523075,'2013-07-30 15:38:11','\0','东阳市',2,0,4523066,'\0'),(4523076,'2013-07-30 15:38:11','\0','永康市',2,0,4523066,'\0'),(4523077,'2013-07-30 15:38:11','\0','衢州市',1,0,4523000,'\0'),(4523078,'2013-07-30 15:38:12','\0','市辖区',2,0,4523077,'\0'),(4523079,'2013-07-30 15:38:12','\0','柯城区',2,0,4523077,'\0'),(4523080,'2013-07-30 15:38:12','\0','衢江区',2,0,4523077,'\0'),(4523081,'2013-07-30 15:38:12','\0','常山县',2,0,4523077,'\0'),(4523082,'2013-07-30 15:38:12','\0','开化县',2,0,4523077,'\0'),(4523083,'2013-07-30 15:38:12','\0','龙游县',2,0,4523077,'\0'),(4523084,'2013-07-30 15:38:12','\0','江山市',2,0,4523077,'\0'),(4523085,'2013-07-30 15:38:12','\0','舟山市',1,0,4523000,'\0'),(4523086,'2013-07-30 15:38:12','\0','市辖区',2,0,4523085,'\0'),(4523087,'2013-07-30 15:38:12','\0','定海区',2,0,4523085,'\0'),(4523088,'2013-07-30 15:38:12','\0','普陀区',2,0,4523085,'\0'),(4523089,'2013-07-30 15:38:12','\0','岱山县',2,0,4523085,'\0'),(4523090,'2013-07-30 15:38:12','\0','嵊泗县',2,0,4523085,'\0'),(4523091,'2013-07-30 15:38:12','\0','台州市',1,0,4523000,'\0'),(4523092,'2013-07-30 15:38:12','\0','市辖区',2,0,4523091,'\0'),(4523093,'2013-07-30 15:38:12','\0','椒江区',2,0,4523091,'\0'),(4523094,'2013-07-30 15:38:12','\0','黄岩区',2,0,4523091,'\0'),(4523095,'2013-07-30 15:38:12','\0','路桥区',2,0,4523091,'\0'),(4523096,'2013-07-30 15:38:12','\0','玉环县',2,0,4523091,'\0'),(4523097,'2013-07-30 15:38:13','\0','三门县',2,0,4523091,'\0'),(4523098,'2013-07-30 15:38:13','\0','天台县',2,0,4523091,'\0'),(4523099,'2013-07-30 15:38:13','\0','仙居县',2,0,4523091,'\0'),(4523100,'2013-07-30 15:38:13','\0','温岭市',2,0,4523091,'\0'),(4523101,'2013-07-30 15:38:13','\0','临海市',2,0,4523091,'\0'),(4523102,'2013-07-30 15:38:13','\0','丽水市',1,0,4523000,'\0'),(4523103,'2013-07-30 15:38:13','\0','市辖区',2,0,4523102,'\0'),(4523104,'2013-07-30 15:38:13','\0','莲都区',2,0,4523102,'\0'),(4523105,'2013-07-30 15:38:13','\0','青田县',2,0,4523102,'\0'),(4523106,'2013-07-30 15:38:13','\0','缙云县',2,0,4523102,'\0'),(4523107,'2013-07-30 15:38:13','\0','遂昌县',2,0,4523102,'\0'),(4523108,'2013-07-30 15:38:13','\0','松阳县',2,0,4523102,'\0'),(4523109,'2013-07-30 15:38:13','\0','云和县',2,0,4523102,'\0'),(4523110,'2013-07-30 15:38:13','\0','庆元县',2,0,4523102,'\0'),(4523111,'2013-07-30 15:38:13','\0','景宁畲族自治县',2,0,4523102,'\0'),(4523112,'2013-07-30 15:38:13','\0','龙泉市',2,0,4523102,'\0'),(4523113,'2013-07-30 15:38:13','\0','安徽省',0,0,NULL,'\0'),(4523114,'2013-07-30 15:38:13','\0','合肥市',1,0,4523113,'\0'),(4523115,'2013-07-30 15:38:13','\0','市辖区',2,0,4523114,'\0'),(4523116,'2013-07-30 15:38:14','\0','瑶海区',2,0,4523114,'\0'),(4523117,'2013-07-30 15:38:14','\0','庐阳区',2,0,4523114,'\0'),(4523118,'2013-07-30 15:38:14','\0','蜀山区',2,0,4523114,'\0'),(4523119,'2013-07-30 15:38:14','\0','包河区',2,0,4523114,'\0'),(4523120,'2013-07-30 15:38:14','\0','长丰县',2,0,4523114,'\0'),(4523121,'2013-07-30 15:38:14','\0','肥东县',2,0,4523114,'\0'),(4523122,'2013-07-30 15:38:14','\0','肥西县',2,0,4523114,'\0'),(4523123,'2013-07-30 15:38:14','\0','芜湖市',1,0,4523113,'\0'),(4523124,'2013-07-30 15:38:14','\0','市辖区',2,0,4523123,'\0'),(4523125,'2013-07-30 15:38:14','\0','镜湖区',2,0,4523123,'\0'),(4523126,'2013-07-30 15:38:14','\0','弋江区',2,0,4523123,'\0'),(4523127,'2013-07-30 15:38:14','\0','鸠江区',2,0,4523123,'\0'),(4523128,'2013-07-30 15:38:14','\0','三山区',2,0,4523123,'\0'),(4523129,'2013-07-30 15:38:14','\0','芜湖县',2,0,4523123,'\0'),(4523130,'2013-07-30 15:38:14','\0','繁昌县',2,0,4523123,'\0'),(4523131,'2013-07-30 15:38:14','\0','南陵县',2,0,4523123,'\0'),(4523132,'2013-07-30 15:38:14','\0','蚌埠市',1,0,4523113,'\0'),(4523133,'2013-07-30 15:38:14','\0','市辖区',2,0,4523132,'\0'),(4523134,'2013-07-30 15:38:15','\0','龙子湖区',2,0,4523132,'\0'),(4523135,'2013-07-30 15:38:15','\0','蚌山区',2,0,4523132,'\0'),(4523136,'2013-07-30 15:38:15','\0','禹会区',2,0,4523132,'\0'),(4523137,'2013-07-30 15:38:15','\0','淮上区',2,0,4523132,'\0'),(4523138,'2013-07-30 15:38:15','\0','怀远县',2,0,4523132,'\0'),(4523139,'2013-07-30 15:38:15','\0','五河县',2,0,4523132,'\0'),(4523140,'2013-07-30 15:38:15','\0','固镇县',2,0,4523132,'\0'),(4523141,'2013-07-30 15:38:15','\0','淮南市',1,0,4523113,'\0'),(4523142,'2013-07-30 15:38:15','\0','市辖区',2,0,4523141,'\0'),(4523143,'2013-07-30 15:38:15','\0','大通区',2,0,4523141,'\0'),(4523144,'2013-07-30 15:38:15','\0','田家庵区',2,0,4523141,'\0'),(4523145,'2013-07-30 15:38:15','\0','谢家集区',2,0,4523141,'\0'),(4523146,'2013-07-30 15:38:15','\0','八公山区',2,0,4523141,'\0'),(4523147,'2013-07-30 15:38:15','\0','潘集区',2,0,4523141,'\0'),(4523148,'2013-07-30 15:38:15','\0','凤台县',2,0,4523141,'\0'),(4523149,'2013-07-30 15:38:15','\0','马鞍山市',1,0,4523113,'\0'),(4523150,'2013-07-30 15:38:16','\0','市辖区',2,0,4523149,'\0'),(4523151,'2013-07-30 15:38:16','\0','金家庄区',2,0,4523149,'\0'),(4523152,'2013-07-30 15:38:16','\0','花山区',2,0,4523149,'\0'),(4523153,'2013-07-30 15:38:16','\0','雨山区',2,0,4523149,'\0'),(4523154,'2013-07-30 15:38:16','\0','当涂县',2,0,4523149,'\0'),(4523155,'2013-07-30 15:38:16','\0','淮北市',1,0,4523113,'\0'),(4523156,'2013-07-30 15:38:16','\0','市辖区',2,0,4523155,'\0'),(4523157,'2013-07-30 15:38:16','\0','杜集区',2,0,4523155,'\0'),(4523158,'2013-07-30 15:38:16','\0','相山区',2,0,4523155,'\0'),(4523159,'2013-07-30 15:38:16','\0','烈山区',2,0,4523155,'\0'),(4523160,'2013-07-30 15:38:16','\0','濉溪县',2,0,4523155,'\0'),(4523161,'2013-07-30 15:38:16','\0','铜陵市',1,0,4523113,'\0'),(4523162,'2013-07-30 15:38:16','\0','市辖区',2,0,4523161,'\0'),(4523163,'2013-07-30 15:38:16','\0','铜官山区',2,0,4523161,'\0'),(4523164,'2013-07-30 15:38:16','\0','狮子山区',2,0,4523161,'\0'),(4523165,'2013-07-30 15:38:16','\0','郊区',2,0,4523161,'\0'),(4523166,'2013-07-30 15:38:16','\0','铜陵县',2,0,4523161,'\0'),(4523167,'2013-07-30 15:38:16','\0','安庆市',1,0,4523113,'\0'),(4523168,'2013-07-30 15:38:17','\0','市辖区',2,0,4523167,'\0'),(4523169,'2013-07-30 15:38:17','\0','迎江区',2,0,4523167,'\0'),(4523170,'2013-07-30 15:38:17','\0','大观区',2,0,4523167,'\0'),(4523171,'2013-07-30 15:38:17','\0','宜秀区',2,0,4523167,'\0'),(4523172,'2013-07-30 15:38:17','\0','怀宁县',2,0,4523167,'\0'),(4523173,'2013-07-30 15:38:17','\0','枞阳县',2,0,4523167,'\0'),(4523174,'2013-07-30 15:38:17','\0','潜山县',2,0,4523167,'\0'),(4523175,'2013-07-30 15:38:17','\0','太湖县',2,0,4523167,'\0'),(4523176,'2013-07-30 15:38:17','\0','宿松县',2,0,4523167,'\0'),(4523177,'2013-07-30 15:38:17','\0','望江县',2,0,4523167,'\0'),(4523178,'2013-07-30 15:38:17','\0','岳西县',2,0,4523167,'\0'),(4523179,'2013-07-30 15:38:17','\0','桐城市',2,0,4523167,'\0'),(4523180,'2013-07-30 15:38:17','\0','黄山市',1,0,4523113,'\0'),(4523181,'2013-07-30 15:38:17','\0','市辖区',2,0,4523180,'\0'),(4523182,'2013-07-30 15:38:17','\0','屯溪区',2,0,4523180,'\0'),(4523183,'2013-07-30 15:38:17','\0','黄山区',2,0,4523180,'\0'),(4523184,'2013-07-30 15:38:17','\0','徽州区',2,0,4523180,'\0'),(4523185,'2013-07-30 15:38:17','\0','歙县',2,0,4523180,'\0'),(4523186,'2013-07-30 15:38:17','\0','休宁县',2,0,4523180,'\0'),(4523187,'2013-07-30 15:38:18','\0','黟县',2,0,4523180,'\0'),(4523188,'2013-07-30 15:38:18','\0','祁门县',2,0,4523180,'\0'),(4523189,'2013-07-30 15:38:18','\0','滁州市',1,0,4523113,'\0'),(4523190,'2013-07-30 15:38:18','\0','市辖区',2,0,4523189,'\0'),(4523191,'2013-07-30 15:38:18','\0','琅琊区',2,0,4523189,'\0'),(4523192,'2013-07-30 15:38:18','\0','南谯区',2,0,4523189,'\0'),(4523193,'2013-07-30 15:38:18','\0','来安县',2,0,4523189,'\0'),(4523194,'2013-07-30 15:38:18','\0','全椒县',2,0,4523189,'\0'),(4523195,'2013-07-30 15:38:18','\0','定远县',2,0,4523189,'\0'),(4523196,'2013-07-30 15:38:18','\0','凤阳县',2,0,4523189,'\0'),(4523197,'2013-07-30 15:38:18','\0','天长市',2,0,4523189,'\0'),(4523198,'2013-07-30 15:38:18','\0','明光市',2,0,4523189,'\0'),(4523199,'2013-07-30 15:38:18','\0','阜阳市',1,0,4523113,'\0'),(4523200,'2013-07-30 15:38:18','\0','市辖区',2,0,4523199,'\0'),(4523201,'2013-07-30 15:38:18','\0','颍州区',2,0,4523199,'\0'),(4523202,'2013-07-30 15:38:18','\0','颍东区',2,0,4523199,'\0'),(4523203,'2013-07-30 15:38:18','\0','颍泉区',2,0,4523199,'\0'),(4523204,'2013-07-30 15:38:18','\0','临泉县',2,0,4523199,'\0'),(4523205,'2013-07-30 15:38:19','\0','太和县',2,0,4523199,'\0'),(4523206,'2013-07-30 15:38:19','\0','阜南县',2,0,4523199,'\0'),(4523207,'2013-07-30 15:38:19','\0','颍上县',2,0,4523199,'\0'),(4523208,'2013-07-30 15:38:19','\0','界首市',2,0,4523199,'\0'),(4523209,'2013-07-30 15:38:19','\0','宿州市',1,0,4523113,'\0'),(4523210,'2013-07-30 15:38:19','\0','市辖区',2,0,4523209,'\0'),(4523211,'2013-07-30 15:38:19','\0','埇桥区',2,0,4523209,'\0'),(4523212,'2013-07-30 15:38:19','\0','砀山县',2,0,4523209,'\0'),(4523213,'2013-07-30 15:38:19','\0','萧县',2,0,4523209,'\0'),(4523214,'2013-07-30 15:38:19','\0','灵璧县',2,0,4523209,'\0'),(4523215,'2013-07-30 15:38:19','\0','泗县',2,0,4523209,'\0'),(4523216,'2013-07-30 15:38:19','\0','巢湖市',1,0,4523113,'\0'),(4523217,'2013-07-30 15:38:19','\0','市辖区',2,0,4523216,'\0'),(4523218,'2013-07-30 15:38:19','\0','居巢区',2,0,4523216,'\0'),(4523219,'2013-07-30 15:38:19','\0','庐江县',2,0,4523216,'\0'),(4523220,'2013-07-30 15:38:19','\0','无为县',2,0,4523216,'\0'),(4523221,'2013-07-30 15:38:19','\0','含山县',2,0,4523216,'\0'),(4523222,'2013-07-30 15:38:19','\0','和县',2,0,4523216,'\0'),(4523223,'2013-07-30 15:38:20','\0','六安市',1,0,4523113,'\0'),(4523224,'2013-07-30 15:38:20','\0','市辖区',2,0,4523223,'\0'),(4523225,'2013-07-30 15:38:20','\0','金安区',2,0,4523223,'\0'),(4523226,'2013-07-30 15:38:20','\0','裕安区',2,0,4523223,'\0'),(4523227,'2013-07-30 15:38:20','\0','寿县',2,0,4523223,'\0'),(4523228,'2013-07-30 15:38:20','\0','霍邱县',2,0,4523223,'\0'),(4523229,'2013-07-30 15:38:20','\0','舒城县',2,0,4523223,'\0'),(4523230,'2013-07-30 15:38:20','\0','金寨县',2,0,4523223,'\0'),(4523231,'2013-07-30 15:38:20','\0','霍山县',2,0,4523223,'\0'),(4523232,'2013-07-30 15:38:20','\0','亳州市',1,0,4523113,'\0'),(4523233,'2013-07-30 15:38:20','\0','市辖区',2,0,4523232,'\0'),(4523234,'2013-07-30 15:38:20','\0','谯城区',2,0,4523232,'\0'),(4523235,'2013-07-30 15:38:20','\0','涡阳县',2,0,4523232,'\0'),(4523236,'2013-07-30 15:38:20','\0','蒙城县',2,0,4523232,'\0'),(4523237,'2013-07-30 15:38:20','\0','利辛县',2,0,4523232,'\0'),(4523238,'2013-07-30 15:38:20','\0','池州市',1,0,4523113,'\0'),(4523239,'2013-07-30 15:38:20','\0','市辖区',2,0,4523238,'\0'),(4523240,'2013-07-30 15:38:20','\0','贵池区',2,0,4523238,'\0'),(4523241,'2013-07-30 15:38:21','\0','东至县',2,0,4523238,'\0'),(4523242,'2013-07-30 15:38:21','\0','石台县',2,0,4523238,'\0'),(4523243,'2013-07-30 15:38:21','\0','青阳县',2,0,4523238,'\0'),(4523244,'2013-07-30 15:38:21','\0','宣城市',1,0,4523113,'\0'),(4523245,'2013-07-30 15:38:21','\0','市辖区',2,0,4523244,'\0'),(4523246,'2013-07-30 15:38:21','\0','宣州区',2,0,4523244,'\0'),(4523247,'2013-07-30 15:38:21','\0','郎溪县',2,0,4523244,'\0'),(4523248,'2013-07-30 15:38:21','\0','广德县',2,0,4523244,'\0'),(4523249,'2013-07-30 15:38:21','\0','泾县',2,0,4523244,'\0'),(4523250,'2013-07-30 15:38:21','\0','绩溪县',2,0,4523244,'\0'),(4523251,'2013-07-30 15:38:21','\0','旌德县',2,0,4523244,'\0'),(4523252,'2013-07-30 15:38:21','\0','宁国市',2,0,4523244,'\0'),(4523253,'2013-07-30 15:38:21','\0','福建省',0,0,NULL,'\0'),(4523254,'2013-07-30 15:38:21','\0','福州市',1,0,4523253,'\0'),(4523255,'2013-07-30 15:38:21','\0','市辖区',2,0,4523254,'\0'),(4523256,'2013-07-30 15:38:21','\0','鼓楼区',2,0,4523254,'\0'),(4523257,'2013-07-30 15:38:22','\0','台江区',2,0,4523254,'\0'),(4523258,'2013-07-30 15:38:22','\0','仓山区',2,0,4523254,'\0'),(4523259,'2013-07-30 15:38:22','\0','马尾区',2,0,4523254,'\0'),(4523260,'2013-07-30 15:38:22','\0','晋安区',2,0,4523254,'\0'),(4523261,'2013-07-30 15:38:22','\0','闽侯县',2,0,4523254,'\0'),(4523262,'2013-07-30 15:38:22','\0','连江县',2,0,4523254,'\0'),(4523263,'2013-07-30 15:38:22','\0','罗源县',2,0,4523254,'\0'),(4523264,'2013-07-30 15:38:22','\0','闽清县',2,0,4523254,'\0'),(4523265,'2013-07-30 15:38:22','\0','永泰县',2,0,4523254,'\0'),(4523266,'2013-07-30 15:38:22','\0','平潭县',2,0,4523254,'\0'),(4523267,'2013-07-30 15:38:22','\0','福清市',2,0,4523254,'\0'),(4523268,'2013-07-30 15:38:22','\0','长乐市',2,0,4523254,'\0'),(4523269,'2013-07-30 15:38:22','\0','厦门市',1,0,4523253,'\0'),(4523270,'2013-07-30 15:38:22','\0','市辖区',2,0,4523269,'\0'),(4523271,'2013-07-30 15:38:22','\0','思明区',2,0,4523269,'\0'),(4523272,'2013-07-30 15:38:22','\0','海沧区',2,0,4523269,'\0'),(4523273,'2013-07-30 15:38:22','\0','湖里区',2,0,4523269,'\0'),(4523274,'2013-07-30 15:38:22','\0','集美区',2,0,4523269,'\0'),(4523275,'2013-07-30 15:38:22','\0','同安区',2,0,4523269,'\0'),(4523276,'2013-07-30 15:38:23','\0','翔安区',2,0,4523269,'\0'),(4523277,'2013-07-30 15:38:23','\0','莆田市',1,0,4523253,'\0'),(4523278,'2013-07-30 15:38:23','\0','市辖区',2,0,4523277,'\0'),(4523279,'2013-07-30 15:38:23','\0','城厢区',2,0,4523277,'\0'),(4523280,'2013-07-30 15:38:23','\0','涵江区',2,0,4523277,'\0'),(4523281,'2013-07-30 15:38:23','\0','荔城区',2,0,4523277,'\0'),(4523282,'2013-07-30 15:38:23','\0','秀屿区',2,0,4523277,'\0'),(4523283,'2013-07-30 15:38:23','\0','仙游县',2,0,4523277,'\0'),(4523284,'2013-07-30 15:38:23','\0','三明市',1,0,4523253,'\0'),(4523285,'2013-07-30 15:38:23','\0','市辖区',2,0,4523284,'\0'),(4523286,'2013-07-30 15:38:23','\0','梅列区',2,0,4523284,'\0'),(4523287,'2013-07-30 15:38:23','\0','三元区',2,0,4523284,'\0'),(4523288,'2013-07-30 15:38:23','\0','明溪县',2,0,4523284,'\0'),(4523289,'2013-07-30 15:38:23','\0','清流县',2,0,4523284,'\0'),(4523290,'2013-07-30 15:38:23','\0','宁化县',2,0,4523284,'\0'),(4523291,'2013-07-30 15:38:23','\0','大田县',2,0,4523284,'\0'),(4523292,'2013-07-30 15:38:23','\0','尤溪县',2,0,4523284,'\0'),(4523293,'2013-07-30 15:38:23','\0','沙县',2,0,4523284,'\0'),(4523294,'2013-07-30 15:38:24','\0','将乐县',2,0,4523284,'\0'),(4523295,'2013-07-30 15:38:24','\0','泰宁县',2,0,4523284,'\0'),(4523296,'2013-07-30 15:38:24','\0','建宁县',2,0,4523284,'\0'),(4523297,'2013-07-30 15:38:24','\0','永安市',2,0,4523284,'\0'),(4523298,'2013-07-30 15:38:24','\0','泉州市',1,0,4523253,'\0'),(4523299,'2013-07-30 15:38:24','\0','市辖区',2,0,4523298,'\0'),(4523300,'2013-07-30 15:38:24','\0','鲤城区',2,0,4523298,'\0'),(4523301,'2013-07-30 15:38:24','\0','丰泽区',2,0,4523298,'\0'),(4523302,'2013-07-30 15:38:24','\0','洛江区',2,0,4523298,'\0'),(4523303,'2013-07-30 15:38:24','\0','泉港区',2,0,4523298,'\0'),(4523304,'2013-07-30 15:38:24','\0','惠安县',2,0,4523298,'\0'),(4523305,'2013-07-30 15:38:24','\0','安溪县',2,0,4523298,'\0'),(4523306,'2013-07-30 15:38:24','\0','永春县',2,0,4523298,'\0'),(4523307,'2013-07-30 15:38:24','\0','德化县',2,0,4523298,'\0'),(4523308,'2013-07-30 15:38:24','\0','金门县',2,0,4523298,'\0'),(4523309,'2013-07-30 15:38:24','\0','石狮市',2,0,4523298,'\0'),(4523310,'2013-07-30 15:38:24','\0','晋江市',2,0,4523298,'\0'),(4523311,'2013-07-30 15:38:24','\0','南安市',2,0,4523298,'\0'),(4523312,'2013-07-30 15:38:24','\0','漳州市',1,0,4523253,'\0'),(4523313,'2013-07-30 15:38:25','\0','市辖区',2,0,4523312,'\0'),(4523314,'2013-07-30 15:38:25','\0','芗城区',2,0,4523312,'\0'),(4523315,'2013-07-30 15:38:25','\0','龙文区',2,0,4523312,'\0'),(4523316,'2013-07-30 15:38:25','\0','云霄县',2,0,4523312,'\0'),(4523317,'2013-07-30 15:38:25','\0','漳浦县',2,0,4523312,'\0'),(4523318,'2013-07-30 15:38:25','\0','诏安县',2,0,4523312,'\0'),(4523319,'2013-07-30 15:38:25','\0','长泰县',2,0,4523312,'\0'),(4523320,'2013-07-30 15:38:25','\0','东山县',2,0,4523312,'\0'),(4523321,'2013-07-30 15:38:25','\0','南靖县',2,0,4523312,'\0'),(4523322,'2013-07-30 15:38:25','\0','平和县',2,0,4523312,'\0'),(4523323,'2013-07-30 15:38:25','\0','华安县',2,0,4523312,'\0'),(4523324,'2013-07-30 15:38:25','\0','龙海市',2,0,4523312,'\0'),(4523325,'2013-07-30 15:38:25','\0','南平市',1,0,4523253,'\0'),(4523326,'2013-07-30 15:38:25','\0','市辖区',2,0,4523325,'\0'),(4523327,'2013-07-30 15:38:25','\0','延平区',2,0,4523325,'\0'),(4523328,'2013-07-30 15:38:25','\0','顺昌县',2,0,4523325,'\0'),(4523329,'2013-07-30 15:38:25','\0','浦城县',2,0,4523325,'\0'),(4523330,'2013-07-30 15:38:25','\0','光泽县',2,0,4523325,'\0'),(4523331,'2013-07-30 15:38:25','\0','松溪县',2,0,4523325,'\0'),(4523332,'2013-07-30 15:38:26','\0','政和县',2,0,4523325,'\0'),(4523333,'2013-07-30 15:38:26','\0','邵武市',2,0,4523325,'\0'),(4523334,'2013-07-30 15:38:26','\0','武夷山市',2,0,4523325,'\0'),(4523335,'2013-07-30 15:38:26','\0','建瓯市',2,0,4523325,'\0'),(4523336,'2013-07-30 15:38:26','\0','建阳市',2,0,4523325,'\0'),(4523337,'2013-07-30 15:38:26','\0','龙岩市',1,0,4523253,'\0'),(4523338,'2013-07-30 15:38:26','\0','市辖区',2,0,4523337,'\0'),(4523339,'2013-07-30 15:38:26','\0','新罗区',2,0,4523337,'\0'),(4523340,'2013-07-30 15:38:26','\0','长汀县',2,0,4523337,'\0'),(4523341,'2013-07-30 15:38:26','\0','永定县',2,0,4523337,'\0'),(4523342,'2013-07-30 15:38:26','\0','上杭县',2,0,4523337,'\0'),(4523343,'2013-07-30 15:38:26','\0','武平县',2,0,4523337,'\0'),(4523344,'2013-07-30 15:38:26','\0','连城县',2,0,4523337,'\0'),(4523345,'2013-07-30 15:38:26','\0','漳平市',2,0,4523337,'\0'),(4523346,'2013-07-30 15:38:26','\0','宁德市',1,0,4523253,'\0'),(4523347,'2013-07-30 15:38:26','\0','市辖区',2,0,4523346,'\0'),(4523348,'2013-07-30 15:38:26','\0','蕉城区',2,0,4523346,'\0'),(4523349,'2013-07-30 15:38:26','\0','霞浦县',2,0,4523346,'\0'),(4523350,'2013-07-30 15:38:26','\0','古田县',2,0,4523346,'\0'),(4523351,'2013-07-30 15:38:27','\0','屏南县',2,0,4523346,'\0'),(4523352,'2013-07-30 15:38:27','\0','寿宁县',2,0,4523346,'\0'),(4523353,'2013-07-30 15:38:27','\0','周宁县',2,0,4523346,'\0'),(4523354,'2013-07-30 15:38:27','\0','柘荣县',2,0,4523346,'\0'),(4523355,'2013-07-30 15:38:27','\0','福安市',2,0,4523346,'\0'),(4523356,'2013-07-30 15:38:27','\0','福鼎市',2,0,4523346,'\0'),(4523357,'2013-07-30 15:38:27','\0','江西省',0,0,NULL,'\0'),(4523358,'2013-07-30 15:38:27','\0','南昌市',1,0,4523357,'\0'),(4523359,'2013-07-30 15:38:27','\0','市辖区',2,0,4523358,'\0'),(4523360,'2013-07-30 15:38:27','\0','东湖区',2,0,4523358,'\0'),(4523361,'2013-07-30 15:38:27','\0','西湖区',2,0,4523358,'\0'),(4523362,'2013-07-30 15:38:27','\0','青云谱区',2,0,4523358,'\0'),(4523363,'2013-07-30 15:38:27','\0','湾里区',2,0,4523358,'\0'),(4523364,'2013-07-30 15:38:27','\0','青山湖区',2,0,4523358,'\0'),(4523365,'2013-07-30 15:38:27','\0','南昌县',2,0,4523358,'\0'),(4523366,'2013-07-30 15:38:27','\0','新建县',2,0,4523358,'\0'),(4523367,'2013-07-30 15:38:27','\0','安义县',2,0,4523358,'\0'),(4523368,'2013-07-30 15:38:27','\0','进贤县',2,0,4523358,'\0'),(4523369,'2013-07-30 15:38:28','\0','景德镇市',1,0,4523357,'\0'),(4523370,'2013-07-30 15:38:28','\0','市辖区',2,0,4523369,'\0'),(4523371,'2013-07-30 15:38:28','\0','昌江区',2,0,4523369,'\0'),(4523372,'2013-07-30 15:38:28','\0','珠山区',2,0,4523369,'\0'),(4523373,'2013-07-30 15:38:28','\0','浮梁县',2,0,4523369,'\0'),(4523374,'2013-07-30 15:38:28','\0','乐平市',2,0,4523369,'\0'),(4523375,'2013-07-30 15:38:28','\0','萍乡市',1,0,4523357,'\0'),(4523376,'2013-07-30 15:38:28','\0','市辖区',2,0,4523375,'\0'),(4523377,'2013-07-30 15:38:28','\0','安源区',2,0,4523375,'\0'),(4523378,'2013-07-30 15:38:28','\0','湘东区',2,0,4523375,'\0'),(4523379,'2013-07-30 15:38:28','\0','莲花县',2,0,4523375,'\0'),(4523380,'2013-07-30 15:38:28','\0','上栗县',2,0,4523375,'\0'),(4523381,'2013-07-30 15:38:28','\0','芦溪县',2,0,4523375,'\0'),(4523382,'2013-07-30 15:38:28','\0','九江市',1,0,4523357,'\0'),(4523383,'2013-07-30 15:38:28','\0','市辖区',2,0,4523382,'\0'),(4523384,'2013-07-30 15:38:28','\0','庐山区',2,0,4523382,'\0'),(4523385,'2013-07-30 15:38:28','\0','浔阳区',2,0,4523382,'\0'),(4523386,'2013-07-30 15:38:28','\0','九江县',2,0,4523382,'\0'),(4523387,'2013-07-30 15:38:29','\0','武宁县',2,0,4523382,'\0'),(4523388,'2013-07-30 15:38:29','\0','修水县',2,0,4523382,'\0'),(4523389,'2013-07-30 15:38:29','\0','永修县',2,0,4523382,'\0'),(4523390,'2013-07-30 15:38:29','\0','德安县',2,0,4523382,'\0'),(4523391,'2013-07-30 15:38:29','\0','星子县',2,0,4523382,'\0'),(4523392,'2013-07-30 15:38:29','\0','都昌县',2,0,4523382,'\0'),(4523393,'2013-07-30 15:38:29','\0','湖口县',2,0,4523382,'\0'),(4523394,'2013-07-30 15:38:29','\0','彭泽县',2,0,4523382,'\0'),(4523395,'2013-07-30 15:38:29','\0','瑞昌市',2,0,4523382,'\0'),(4523396,'2013-07-30 15:38:29','\0','共青城市',2,0,4523382,'\0'),(4523397,'2013-07-30 15:38:29','\0','新余市',1,0,4523357,'\0'),(4523398,'2013-07-30 15:38:29','\0','市辖区',2,0,4523397,'\0'),(4523399,'2013-07-30 15:38:29','\0','渝水区',2,0,4523397,'\0'),(4523400,'2013-07-30 15:38:29','\0','分宜县',2,0,4523397,'\0'),(4523401,'2013-07-30 15:38:29','\0','鹰潭市',1,0,4523357,'\0'),(4523402,'2013-07-30 15:38:29','\0','市辖区',2,0,4523401,'\0'),(4523403,'2013-07-30 15:38:29','\0','月湖区',2,0,4523401,'\0'),(4523404,'2013-07-30 15:38:30','\0','余江县',2,0,4523401,'\0'),(4523405,'2013-07-30 15:38:30','\0','贵溪市',2,0,4523401,'\0'),(4523406,'2013-07-30 15:38:30','\0','赣州市',1,0,4523357,'\0'),(4523407,'2013-07-30 15:38:30','\0','市辖区',2,0,4523406,'\0'),(4523408,'2013-07-30 15:38:30','\0','章贡区',2,0,4523406,'\0'),(4523409,'2013-07-30 15:38:30','\0','赣县',2,0,4523406,'\0'),(4523410,'2013-07-30 15:38:30','\0','信丰县',2,0,4523406,'\0'),(4523411,'2013-07-30 15:38:30','\0','大余县',2,0,4523406,'\0'),(4523412,'2013-07-30 15:38:30','\0','上犹县',2,0,4523406,'\0'),(4523413,'2013-07-30 15:38:30','\0','崇义县',2,0,4523406,'\0'),(4523414,'2013-07-30 15:38:30','\0','安远县',2,0,4523406,'\0'),(4523415,'2013-07-30 15:38:30','\0','龙南县',2,0,4523406,'\0'),(4523416,'2013-07-30 15:38:30','\0','定南县',2,0,4523406,'\0'),(4523417,'2013-07-30 15:38:30','\0','全南县',2,0,4523406,'\0'),(4523418,'2013-07-30 15:38:30','\0','宁都县',2,0,4523406,'\0'),(4523419,'2013-07-30 15:38:30','\0','于都县',2,0,4523406,'\0'),(4523420,'2013-07-30 15:38:30','\0','兴国县',2,0,4523406,'\0'),(4523421,'2013-07-30 15:38:31','\0','会昌县',2,0,4523406,'\0'),(4523422,'2013-07-30 15:38:31','\0','寻乌县',2,0,4523406,'\0'),(4523423,'2013-07-30 15:38:31','\0','石城县',2,0,4523406,'\0'),(4523424,'2013-07-30 15:38:31','\0','瑞金市',2,0,4523406,'\0'),(4523425,'2013-07-30 15:38:31','\0','南康市',2,0,4523406,'\0'),(4523426,'2013-07-30 15:38:31','\0','吉安市',1,0,4523357,'\0'),(4523427,'2013-07-30 15:38:31','\0','市辖区',2,0,4523426,'\0'),(4523428,'2013-07-30 15:38:31','\0','吉州区',2,0,4523426,'\0'),(4523429,'2013-07-30 15:38:31','\0','青原区',2,0,4523426,'\0'),(4523430,'2013-07-30 15:38:31','\0','吉安县',2,0,4523426,'\0'),(4523431,'2013-07-30 15:38:31','\0','吉水县',2,0,4523426,'\0'),(4523432,'2013-07-30 15:38:31','\0','峡江县',2,0,4523426,'\0'),(4523433,'2013-07-30 15:38:31','\0','新干县',2,0,4523426,'\0'),(4523434,'2013-07-30 15:38:31','\0','永丰县',2,0,4523426,'\0'),(4523435,'2013-07-30 15:38:31','\0','泰和县',2,0,4523426,'\0'),(4523436,'2013-07-30 15:38:31','\0','遂川县',2,0,4523426,'\0'),(4523437,'2013-07-30 15:38:31','\0','万安县',2,0,4523426,'\0'),(4523438,'2013-07-30 15:38:31','\0','安福县',2,0,4523426,'\0'),(4523439,'2013-07-30 15:38:32','\0','永新县',2,0,4523426,'\0'),(4523440,'2013-07-30 15:38:32','\0','井冈山市',2,0,4523426,'\0'),(4523441,'2013-07-30 15:38:32','\0','宜春市',1,0,4523357,'\0'),(4523442,'2013-07-30 15:38:32','\0','市辖区',2,0,4523441,'\0'),(4523443,'2013-07-30 15:38:32','\0','袁州区',2,0,4523441,'\0'),(4523444,'2013-07-30 15:38:32','\0','奉新县',2,0,4523441,'\0'),(4523445,'2013-07-30 15:38:32','\0','万载县',2,0,4523441,'\0'),(4523446,'2013-07-30 15:38:32','\0','上高县',2,0,4523441,'\0'),(4523447,'2013-07-30 15:38:32','\0','宜丰县',2,0,4523441,'\0'),(4523448,'2013-07-30 15:38:32','\0','靖安县',2,0,4523441,'\0'),(4523449,'2013-07-30 15:38:32','\0','铜鼓县',2,0,4523441,'\0'),(4523450,'2013-07-30 15:38:32','\0','丰城市',2,0,4523441,'\0'),(4523451,'2013-07-30 15:38:32','\0','樟树市',2,0,4523441,'\0'),(4523452,'2013-07-30 15:38:32','\0','高安市',2,0,4523441,'\0'),(4523453,'2013-07-30 15:38:32','\0','抚州市',1,0,4523357,'\0'),(4523454,'2013-07-30 15:38:32','\0','市辖区',2,0,4523453,'\0'),(4523455,'2013-07-30 15:38:32','\0','临川区',2,0,4523453,'\0'),(4523456,'2013-07-30 15:38:33','\0','南城县',2,0,4523453,'\0'),(4523457,'2013-07-30 15:38:33','\0','黎川县',2,0,4523453,'\0'),(4523458,'2013-07-30 15:38:33','\0','南丰县',2,0,4523453,'\0'),(4523459,'2013-07-30 15:38:33','\0','崇仁县',2,0,4523453,'\0'),(4523460,'2013-07-30 15:38:33','\0','乐安县',2,0,4523453,'\0'),(4523461,'2013-07-30 15:38:33','\0','宜黄县',2,0,4523453,'\0'),(4523462,'2013-07-30 15:38:33','\0','金溪县',2,0,4523453,'\0'),(4523463,'2013-07-30 15:38:33','\0','资溪县',2,0,4523453,'\0'),(4523464,'2013-07-30 15:38:33','\0','东乡县',2,0,4523453,'\0'),(4523465,'2013-07-30 15:38:33','\0','广昌县',2,0,4523453,'\0'),(4523466,'2013-07-30 15:38:33','\0','上饶市',1,0,4523357,'\0'),(4523467,'2013-07-30 15:38:33','\0','市辖区',2,0,4523466,'\0'),(4523468,'2013-07-30 15:38:33','\0','信州区',2,0,4523466,'\0'),(4523469,'2013-07-30 15:38:33','\0','上饶县',2,0,4523466,'\0'),(4523470,'2013-07-30 15:38:33','\0','广丰县',2,0,4523466,'\0'),(4523471,'2013-07-30 15:38:33','\0','玉山县',2,0,4523466,'\0'),(4523472,'2013-07-30 15:38:33','\0','铅山县',2,0,4523466,'\0'),(4523473,'2013-07-30 15:38:34','\0','横峰县',2,0,4523466,'\0'),(4523474,'2013-07-30 15:38:34','\0','弋阳县',2,0,4523466,'\0'),(4523475,'2013-07-30 15:38:34','\0','余干县',2,0,4523466,'\0'),(4523476,'2013-07-30 15:38:34','\0','鄱阳县',2,0,4523466,'\0'),(4523477,'2013-07-30 15:38:34','\0','万年县',2,0,4523466,'\0'),(4523478,'2013-07-30 15:38:34','\0','婺源县',2,0,4523466,'\0'),(4523479,'2013-07-30 15:38:34','\0','德兴市',2,0,4523466,'\0'),(4523480,'2013-07-30 15:38:34','\0','山东省',0,0,NULL,'\0'),(4523481,'2013-07-30 15:38:34','\0','济南市',1,0,4523480,'\0'),(4523482,'2013-07-30 15:38:34','\0','市辖区',2,0,4523481,'\0'),(4523483,'2013-07-30 15:38:34','\0','历下区',2,0,4523481,'\0'),(4523484,'2013-07-30 15:38:34','\0','市中区',2,0,4523481,'\0'),(4523485,'2013-07-30 15:38:34','\0','槐荫区',2,0,4523481,'\0'),(4523486,'2013-07-30 15:38:34','\0','天桥区',2,0,4523481,'\0'),(4523487,'2013-07-30 15:38:34','\0','历城区',2,0,4523481,'\0'),(4523488,'2013-07-30 15:38:34','\0','长清区',2,0,4523481,'\0'),(4523489,'2013-07-30 15:38:34','\0','平阴县',2,0,4523481,'\0'),(4523490,'2013-07-30 15:38:35','\0','济阳县',2,0,4523481,'\0'),(4523491,'2013-07-30 15:38:35','\0','商河县',2,0,4523481,'\0'),(4523492,'2013-07-30 15:38:35','\0','章丘市',2,0,4523481,'\0'),(4523493,'2013-07-30 15:38:35','\0','青岛市',1,0,4523480,'\0'),(4523494,'2013-07-30 15:38:35','\0','市辖区',2,0,4523493,'\0'),(4523495,'2013-07-30 15:38:35','\0','市南区',2,0,4523493,'\0'),(4523496,'2013-07-30 15:38:35','\0','市北区',2,0,4523493,'\0'),(4523497,'2013-07-30 15:38:35','\0','四方区',2,0,4523493,'\0'),(4523498,'2013-07-30 15:38:35','\0','黄岛区',2,0,4523493,'\0'),(4523499,'2013-07-30 15:38:35','\0','崂山区',2,0,4523493,'\0'),(4523500,'2013-07-30 15:38:35','\0','李沧区',2,0,4523493,'\0'),(4523501,'2013-07-30 15:38:35','\0','城阳区',2,0,4523493,'\0'),(4523502,'2013-07-30 15:38:35','\0','胶州市',2,0,4523493,'\0'),(4523503,'2013-07-30 15:38:35','\0','即墨市',2,0,4523493,'\0'),(4523504,'2013-07-30 15:38:35','\0','平度市',2,0,4523493,'\0'),(4523505,'2013-07-30 15:38:35','\0','胶南市',2,0,4523493,'\0'),(4523506,'2013-07-30 15:38:35','\0','莱西市',2,0,4523493,'\0'),(4523507,'2013-07-30 15:38:36','\0','淄博市',1,0,4523480,'\0'),(4523508,'2013-07-30 15:38:36','\0','市辖区',2,0,4523507,'\0'),(4523509,'2013-07-30 15:38:36','\0','淄川区',2,0,4523507,'\0'),(4523510,'2013-07-30 15:38:36','\0','张店区',2,0,4523507,'\0'),(4523511,'2013-07-30 15:38:36','\0','博山区',2,0,4523507,'\0'),(4523512,'2013-07-30 15:38:36','\0','临淄区',2,0,4523507,'\0'),(4523513,'2013-07-30 15:38:36','\0','周村区',2,0,4523507,'\0'),(4523514,'2013-07-30 15:38:36','\0','桓台县',2,0,4523507,'\0'),(4523515,'2013-07-30 15:38:36','\0','高青县',2,0,4523507,'\0'),(4523516,'2013-07-30 15:38:36','\0','沂源县',2,0,4523507,'\0'),(4523517,'2013-07-30 15:38:36','\0','枣庄市',1,0,4523480,'\0'),(4523518,'2013-07-30 15:38:36','\0','市辖区',2,0,4523517,'\0'),(4523519,'2013-07-30 15:38:36','\0','市中区',2,0,4523517,'\0'),(4523520,'2013-07-30 15:38:36','\0','薛城区',2,0,4523517,'\0'),(4523521,'2013-07-30 15:38:36','\0','峄城区',2,0,4523517,'\0'),(4523522,'2013-07-30 15:38:36','\0','台儿庄区',2,0,4523517,'\0'),(4523523,'2013-07-30 15:38:36','\0','山亭区',2,0,4523517,'\0'),(4523524,'2013-07-30 15:38:36','\0','滕州市',2,0,4523517,'\0'),(4523525,'2013-07-30 15:38:37','\0','东营市',1,0,4523480,'\0'),(4523526,'2013-07-30 15:38:37','\0','市辖区',2,0,4523525,'\0'),(4523527,'2013-07-30 15:38:37','\0','东营区',2,0,4523525,'\0'),(4523528,'2013-07-30 15:38:37','\0','河口区',2,0,4523525,'\0'),(4523529,'2013-07-30 15:38:37','\0','垦利县',2,0,4523525,'\0'),(4523530,'2013-07-30 15:38:37','\0','利津县',2,0,4523525,'\0'),(4523531,'2013-07-30 15:38:37','\0','广饶县',2,0,4523525,'\0'),(4523532,'2013-07-30 15:38:37','\0','烟台市',1,0,4523480,'\0'),(4523533,'2013-07-30 15:38:37','\0','市辖区',2,0,4523532,'\0'),(4523534,'2013-07-30 15:38:37','\0','芝罘区',2,0,4523532,'\0'),(4523535,'2013-07-30 15:38:37','\0','福山区',2,0,4523532,'\0'),(4523536,'2013-07-30 15:38:37','\0','牟平区',2,0,4523532,'\0'),(4523537,'2013-07-30 15:38:37','\0','莱山区',2,0,4523532,'\0'),(4523538,'2013-07-30 15:38:37','\0','长岛县',2,0,4523532,'\0'),(4523539,'2013-07-30 15:38:37','\0','龙口市',2,0,4523532,'\0'),(4523540,'2013-07-30 15:38:37','\0','莱阳市',2,0,4523532,'\0'),(4523541,'2013-07-30 15:38:37','\0','莱州市',2,0,4523532,'\0'),(4523542,'2013-07-30 15:38:38','\0','蓬莱市',2,0,4523532,'\0'),(4523543,'2013-07-30 15:38:38','\0','招远市',2,0,4523532,'\0'),(4523544,'2013-07-30 15:38:38','\0','栖霞市',2,0,4523532,'\0'),(4523545,'2013-07-30 15:38:38','\0','海阳市',2,0,4523532,'\0'),(4523546,'2013-07-30 15:38:38','\0','潍坊市',1,0,4523480,'\0'),(4523547,'2013-07-30 15:38:38','\0','市辖区',2,0,4523546,'\0'),(4523548,'2013-07-30 15:38:38','\0','潍城区',2,0,4523546,'\0'),(4523549,'2013-07-30 15:38:38','\0','寒亭区',2,0,4523546,'\0'),(4523550,'2013-07-30 15:38:38','\0','坊子区',2,0,4523546,'\0'),(4523551,'2013-07-30 15:38:38','\0','奎文区',2,0,4523546,'\0'),(4523552,'2013-07-30 15:38:38','\0','临朐县',2,0,4523546,'\0'),(4523553,'2013-07-30 15:38:38','\0','昌乐县',2,0,4523546,'\0'),(4523554,'2013-07-30 15:38:38','\0','青州市',2,0,4523546,'\0'),(4523555,'2013-07-30 15:38:38','\0','诸城市',2,0,4523546,'\0'),(4523556,'2013-07-30 15:38:38','\0','寿光市',2,0,4523546,'\0'),(4523557,'2013-07-30 15:38:38','\0','安丘市',2,0,4523546,'\0'),(4523558,'2013-07-30 15:38:38','\0','高密市',2,0,4523546,'\0'),(4523559,'2013-07-30 15:38:39','\0','昌邑市',2,0,4523546,'\0'),(4523560,'2013-07-30 15:38:39','\0','济宁市',1,0,4523480,'\0'),(4523561,'2013-07-30 15:38:39','\0','市辖区',2,0,4523560,'\0'),(4523562,'2013-07-30 15:38:39','\0','市中区',2,0,4523560,'\0'),(4523563,'2013-07-30 15:38:39','\0','任城区',2,0,4523560,'\0'),(4523564,'2013-07-30 15:38:39','\0','微山县',2,0,4523560,'\0'),(4523565,'2013-07-30 15:38:39','\0','鱼台县',2,0,4523560,'\0'),(4523566,'2013-07-30 15:38:39','\0','金乡县',2,0,4523560,'\0'),(4523567,'2013-07-30 15:38:39','\0','嘉祥县',2,0,4523560,'\0'),(4523568,'2013-07-30 15:38:39','\0','汶上县',2,0,4523560,'\0'),(4523569,'2013-07-30 15:38:39','\0','泗水县',2,0,4523560,'\0'),(4523570,'2013-07-30 15:38:39','\0','梁山县',2,0,4523560,'\0'),(4523571,'2013-07-30 15:38:39','\0','曲阜市',2,0,4523560,'\0'),(4523572,'2013-07-30 15:38:39','\0','兖州市',2,0,4523560,'\0'),(4523573,'2013-07-30 15:38:39','\0','邹城市',2,0,4523560,'\0'),(4523574,'2013-07-30 15:38:39','\0','泰安市',1,0,4523480,'\0'),(4523575,'2013-07-30 15:38:40','\0','市辖区',2,0,4523574,'\0'),(4523576,'2013-07-30 15:38:40','\0','泰山区',2,0,4523574,'\0'),(4523577,'2013-07-30 15:38:40','\0','岱岳区',2,0,4523574,'\0'),(4523578,'2013-07-30 15:38:40','\0','宁阳县',2,0,4523574,'\0'),(4523579,'2013-07-30 15:38:40','\0','东平县',2,0,4523574,'\0'),(4523580,'2013-07-30 15:38:40','\0','新泰市',2,0,4523574,'\0'),(4523581,'2013-07-30 15:38:40','\0','肥城市',2,0,4523574,'\0'),(4523582,'2013-07-30 15:38:40','\0','威海市',1,0,4523480,'\0'),(4523583,'2013-07-30 15:38:40','\0','市辖区',2,0,4523582,'\0'),(4523584,'2013-07-30 15:38:40','\0','环翠区',2,0,4523582,'\0'),(4523585,'2013-07-30 15:38:40','\0','文登市',2,0,4523582,'\0'),(4523586,'2013-07-30 15:38:40','\0','荣成市',2,0,4523582,'\0'),(4523587,'2013-07-30 15:38:40','\0','乳山市',2,0,4523582,'\0'),(4523588,'2013-07-30 15:38:40','\0','日照市',1,0,4523480,'\0'),(4523589,'2013-07-30 15:38:40','\0','市辖区',2,0,4523588,'\0'),(4523590,'2013-07-30 15:38:40','\0','东港区',2,0,4523588,'\0'),(4523591,'2013-07-30 15:38:40','\0','岚山区',2,0,4523588,'\0'),(4523592,'2013-07-30 15:38:40','\0','五莲县',2,0,4523588,'\0'),(4523593,'2013-07-30 15:38:41','\0','莒县',2,0,4523588,'\0'),(4523594,'2013-07-30 15:38:41','\0','莱芜市',1,0,4523480,'\0'),(4523595,'2013-07-30 15:38:41','\0','市辖区',2,0,4523594,'\0'),(4523596,'2013-07-30 15:38:41','\0','莱城区',2,0,4523594,'\0'),(4523597,'2013-07-30 15:38:41','\0','钢城区',2,0,4523594,'\0'),(4523598,'2013-07-30 15:38:41','\0','临沂市',1,0,4523480,'\0'),(4523599,'2013-07-30 15:38:41','\0','市辖区',2,0,4523598,'\0'),(4523600,'2013-07-30 15:38:41','\0','兰山区',2,0,4523598,'\0'),(4523601,'2013-07-30 15:38:41','\0','罗庄区',2,0,4523598,'\0'),(4523602,'2013-07-30 15:38:41','\0','河东区',2,0,4523598,'\0'),(4523603,'2013-07-30 15:38:41','\0','沂南县',2,0,4523598,'\0'),(4523604,'2013-07-30 15:38:41','\0','郯城县',2,0,4523598,'\0'),(4523605,'2013-07-30 15:38:41','\0','沂水县',2,0,4523598,'\0'),(4523606,'2013-07-30 15:38:41','\0','苍山县',2,0,4523598,'\0'),(4523607,'2013-07-30 15:38:41','\0','费县',2,0,4523598,'\0'),(4523608,'2013-07-30 15:38:41','\0','平邑县',2,0,4523598,'\0'),(4523609,'2013-07-30 15:38:42','\0','莒南县',2,0,4523598,'\0'),(4523610,'2013-07-30 15:38:42','\0','蒙阴县',2,0,4523598,'\0'),(4523611,'2013-07-30 15:38:42','\0','临沭县',2,0,4523598,'\0'),(4523612,'2013-07-30 15:38:42','\0','德州市',1,0,4523480,'\0'),(4523613,'2013-07-30 15:38:42','\0','市辖区',2,0,4523612,'\0'),(4523614,'2013-07-30 15:38:42','\0','德城区',2,0,4523612,'\0'),(4523615,'2013-07-30 15:38:42','\0','陵县',2,0,4523612,'\0'),(4523616,'2013-07-30 15:38:42','\0','宁津县',2,0,4523612,'\0'),(4523617,'2013-07-30 15:38:42','\0','庆云县',2,0,4523612,'\0'),(4523618,'2013-07-30 15:38:42','\0','临邑县',2,0,4523612,'\0'),(4523619,'2013-07-30 15:38:42','\0','齐河县',2,0,4523612,'\0'),(4523620,'2013-07-30 15:38:42','\0','平原县',2,0,4523612,'\0'),(4523621,'2013-07-30 15:38:42','\0','夏津县',2,0,4523612,'\0'),(4523622,'2013-07-30 15:38:42','\0','武城县',2,0,4523612,'\0'),(4523623,'2013-07-30 15:38:42','\0','乐陵市',2,0,4523612,'\0'),(4523624,'2013-07-30 15:38:42','\0','禹城市',2,0,4523612,'\0'),(4523625,'2013-07-30 15:38:43','\0','聊城市',1,0,4523480,'\0'),(4523626,'2013-07-30 15:38:43','\0','市辖区',2,0,4523625,'\0'),(4523627,'2013-07-30 15:38:43','\0','东昌府区',2,0,4523625,'\0'),(4523628,'2013-07-30 15:38:43','\0','阳谷县',2,0,4523625,'\0'),(4523629,'2013-07-30 15:38:43','\0','莘县',2,0,4523625,'\0'),(4523630,'2013-07-30 15:38:43','\0','茌平县',2,0,4523625,'\0'),(4523631,'2013-07-30 15:38:43','\0','东阿县',2,0,4523625,'\0'),(4523632,'2013-07-30 15:38:43','\0','冠县',2,0,4523625,'\0'),(4523633,'2013-07-30 15:38:43','\0','高唐县',2,0,4523625,'\0'),(4523634,'2013-07-30 15:38:43','\0','临清市',2,0,4523625,'\0'),(4523635,'2013-07-30 15:38:43','\0','滨州市',1,0,4523480,'\0'),(4523636,'2013-07-30 15:38:43','\0','市辖区',2,0,4523635,'\0'),(4523637,'2013-07-30 15:38:43','\0','滨城区',2,0,4523635,'\0'),(4523638,'2013-07-30 15:38:43','\0','惠民县',2,0,4523635,'\0'),(4523639,'2013-07-30 15:38:43','\0','阳信县',2,0,4523635,'\0'),(4523640,'2013-07-30 15:38:43','\0','无棣县',2,0,4523635,'\0'),(4523641,'2013-07-30 15:38:44','\0','沾化县',2,0,4523635,'\0'),(4523642,'2013-07-30 15:38:44','\0','博兴县',2,0,4523635,'\0'),(4523643,'2013-07-30 15:38:44','\0','邹平县',2,0,4523635,'\0'),(4523644,'2013-07-30 15:38:44','\0','菏泽市',1,0,4523480,'\0'),(4523645,'2013-07-30 15:38:44','\0','市辖区',2,0,4523644,'\0'),(4523646,'2013-07-30 15:38:44','\0','牡丹区',2,0,4523644,'\0'),(4523647,'2013-07-30 15:38:44','\0','曹县',2,0,4523644,'\0'),(4523648,'2013-07-30 15:38:44','\0','单县',2,0,4523644,'\0'),(4523649,'2013-07-30 15:38:44','\0','成武县',2,0,4523644,'\0'),(4523650,'2013-07-30 15:38:44','\0','巨野县',2,0,4523644,'\0'),(4523651,'2013-07-30 15:38:44','\0','郓城县',2,0,4523644,'\0'),(4523652,'2013-07-30 15:38:44','\0','鄄城县',2,0,4523644,'\0'),(4523653,'2013-07-30 15:38:44','\0','定陶县',2,0,4523644,'\0'),(4523654,'2013-07-30 15:38:44','\0','东明县',2,0,4523644,'\0'),(4523655,'2013-07-30 15:38:44','\0','河南省',0,0,NULL,'\0'),(4523656,'2013-07-30 15:38:44','\0','郑州市',1,0,4523655,'\0'),(4523657,'2013-07-30 15:38:44','\0','市辖区',2,0,4523656,'\0'),(4523658,'2013-07-30 15:38:45','\0','中原区',2,0,4523656,'\0'),(4523659,'2013-07-30 15:38:45','\0','二七区',2,0,4523656,'\0'),(4523660,'2013-07-30 15:38:45','\0','管城回族区',2,0,4523656,'\0'),(4523661,'2013-07-30 15:38:45','\0','金水区',2,0,4523656,'\0'),(4523662,'2013-07-30 15:38:45','\0','上街区',2,0,4523656,'\0'),(4523663,'2013-07-30 15:38:45','\0','惠济区',2,0,4523656,'\0'),(4523664,'2013-07-30 15:38:45','\0','中牟县',2,0,4523656,'\0'),(4523665,'2013-07-30 15:38:45','\0','巩义市',2,0,4523656,'\0'),(4523666,'2013-07-30 15:38:45','\0','荥阳市',2,0,4523656,'\0'),(4523667,'2013-07-30 15:38:45','\0','新密市',2,0,4523656,'\0'),(4523668,'2013-07-30 15:38:45','\0','新郑市',2,0,4523656,'\0'),(4523669,'2013-07-30 15:38:45','\0','登封市',2,0,4523656,'\0'),(4523670,'2013-07-30 15:38:45','\0','开封市',1,0,4523655,'\0'),(4523671,'2013-07-30 15:38:45','\0','市辖区',2,0,4523670,'\0'),(4523672,'2013-07-30 15:38:45','\0','龙亭区',2,0,4523670,'\0'),(4523673,'2013-07-30 15:38:45','\0','顺河回族区',2,0,4523670,'\0'),(4523674,'2013-07-30 15:38:46','\0','鼓楼区',2,0,4523670,'\0'),(4523675,'2013-07-30 15:38:46','\0','禹王台区',2,0,4523670,'\0'),(4523676,'2013-07-30 15:38:46','\0','金明区',2,0,4523670,'\0'),(4523677,'2013-07-30 15:38:46','\0','杞县',2,0,4523670,'\0'),(4523678,'2013-07-30 15:38:46','\0','通许县',2,0,4523670,'\0'),(4523679,'2013-07-30 15:38:46','\0','尉氏县',2,0,4523670,'\0'),(4523680,'2013-07-30 15:38:46','\0','开封县',2,0,4523670,'\0'),(4523681,'2013-07-30 15:38:46','\0','兰考县',2,0,4523670,'\0'),(4523682,'2013-07-30 15:38:46','\0','洛阳市',1,0,4523655,'\0'),(4523683,'2013-07-30 15:38:46','\0','市辖区',2,0,4523682,'\0'),(4523684,'2013-07-30 15:38:46','\0','老城区',2,0,4523682,'\0'),(4523685,'2013-07-30 15:38:46','\0','西工区',2,0,4523682,'\0'),(4523686,'2013-07-30 15:38:46','\0','瀍河回族区',2,0,4523682,'\0'),(4523687,'2013-07-30 15:38:46','\0','涧西区',2,0,4523682,'\0'),(4523688,'2013-07-30 15:38:46','\0','吉利区',2,0,4523682,'\0'),(4523689,'2013-07-30 15:38:46','\0','洛龙区',2,0,4523682,'\0'),(4523690,'2013-07-30 15:38:47','\0','孟津县',2,0,4523682,'\0'),(4523691,'2013-07-30 15:38:47','\0','新安县',2,0,4523682,'\0'),(4523692,'2013-07-30 15:38:47','\0','栾川县',2,0,4523682,'\0'),(4523693,'2013-07-30 15:38:47','\0','嵩县',2,0,4523682,'\0'),(4523694,'2013-07-30 15:38:47','\0','汝阳县',2,0,4523682,'\0'),(4523695,'2013-07-30 15:38:47','\0','宜阳县',2,0,4523682,'\0'),(4523696,'2013-07-30 15:38:47','\0','洛宁县',2,0,4523682,'\0'),(4523697,'2013-07-30 15:38:47','\0','伊川县',2,0,4523682,'\0'),(4523698,'2013-07-30 15:38:47','\0','偃师市',2,0,4523682,'\0'),(4523699,'2013-07-30 15:38:47','\0','平顶山市',1,0,4523655,'\0'),(4523700,'2013-07-30 15:38:47','\0','市辖区',2,0,4523699,'\0'),(4523701,'2013-07-30 15:38:47','\0','新华区',2,0,4523699,'\0'),(4523702,'2013-07-30 15:38:47','\0','卫东区',2,0,4523699,'\0'),(4523703,'2013-07-30 15:38:47','\0','石龙区',2,0,4523699,'\0'),(4523704,'2013-07-30 15:38:47','\0','湛河区',2,0,4523699,'\0'),(4523705,'2013-07-30 15:38:47','\0','宝丰县',2,0,4523699,'\0'),(4523706,'2013-07-30 15:38:47','\0','叶县',2,0,4523699,'\0'),(4523707,'2013-07-30 15:38:48','\0','鲁山县',2,0,4523699,'\0'),(4523708,'2013-07-30 15:38:48','\0','郏县',2,0,4523699,'\0'),(4523709,'2013-07-30 15:38:48','\0','舞钢市',2,0,4523699,'\0'),(4523710,'2013-07-30 15:38:48','\0','汝州市',2,0,4523699,'\0'),(4523711,'2013-07-30 15:38:48','\0','安阳市',1,0,4523655,'\0'),(4523712,'2013-07-30 15:38:48','\0','市辖区',2,0,4523711,'\0'),(4523713,'2013-07-30 15:38:48','\0','文峰区',2,0,4523711,'\0'),(4523714,'2013-07-30 15:38:48','\0','北关区',2,0,4523711,'\0'),(4523715,'2013-07-30 15:38:48','\0','殷都区',2,0,4523711,'\0'),(4523716,'2013-07-30 15:38:48','\0','龙安区',2,0,4523711,'\0'),(4523717,'2013-07-30 15:38:48','\0','安阳县',2,0,4523711,'\0'),(4523718,'2013-07-30 15:38:48','\0','汤阴县',2,0,4523711,'\0'),(4523719,'2013-07-30 15:38:48','\0','滑县',2,0,4523711,'\0'),(4523720,'2013-07-30 15:38:48','\0','内黄县',2,0,4523711,'\0'),(4523721,'2013-07-30 15:38:48','\0','林州市',2,0,4523711,'\0'),(4523722,'2013-07-30 15:38:48','\0','鹤壁市',1,0,4523655,'\0'),(4523723,'2013-07-30 15:38:49','\0','市辖区',2,0,4523722,'\0'),(4523724,'2013-07-30 15:38:49','\0','鹤山区',2,0,4523722,'\0'),(4523725,'2013-07-30 15:38:49','\0','山城区',2,0,4523722,'\0'),(4523726,'2013-07-30 15:38:49','\0','淇滨区',2,0,4523722,'\0'),(4523727,'2013-07-30 15:38:49','\0','浚县',2,0,4523722,'\0'),(4523728,'2013-07-30 15:38:49','\0','淇县',2,0,4523722,'\0'),(4523729,'2013-07-30 15:38:49','\0','新乡市',1,0,4523655,'\0'),(4523730,'2013-07-30 15:38:49','\0','市辖区',2,0,4523729,'\0'),(4523731,'2013-07-30 15:38:49','\0','红旗区',2,0,4523729,'\0'),(4523732,'2013-07-30 15:38:49','\0','卫滨区',2,0,4523729,'\0'),(4523733,'2013-07-30 15:38:49','\0','凤泉区',2,0,4523729,'\0'),(4523734,'2013-07-30 15:38:49','\0','牧野区',2,0,4523729,'\0'),(4523735,'2013-07-30 15:38:49','\0','新乡县',2,0,4523729,'\0'),(4523736,'2013-07-30 15:38:49','\0','获嘉县',2,0,4523729,'\0'),(4523737,'2013-07-30 15:38:49','\0','原阳县',2,0,4523729,'\0'),(4523738,'2013-07-30 15:38:49','\0','延津县',2,0,4523729,'\0'),(4523739,'2013-07-30 15:38:50','\0','封丘县',2,0,4523729,'\0'),(4523740,'2013-07-30 15:38:50','\0','长垣县',2,0,4523729,'\0'),(4523741,'2013-07-30 15:38:50','\0','卫辉市',2,0,4523729,'\0'),(4523742,'2013-07-30 15:38:50','\0','辉县市',2,0,4523729,'\0'),(4523743,'2013-07-30 15:38:50','\0','焦作市',1,0,4523655,'\0'),(4523744,'2013-07-30 15:38:50','\0','市辖区',2,0,4523743,'\0'),(4523745,'2013-07-30 15:38:50','\0','解放区',2,0,4523743,'\0'),(4523746,'2013-07-30 15:38:50','\0','中站区',2,0,4523743,'\0'),(4523747,'2013-07-30 15:38:50','\0','马村区',2,0,4523743,'\0'),(4523748,'2013-07-30 15:38:50','\0','山阳区',2,0,4523743,'\0'),(4523749,'2013-07-30 15:38:50','\0','修武县',2,0,4523743,'\0'),(4523750,'2013-07-30 15:38:50','\0','博爱县',2,0,4523743,'\0'),(4523751,'2013-07-30 15:38:50','\0','武陟县',2,0,4523743,'\0'),(4523752,'2013-07-30 15:38:50','\0','温县',2,0,4523743,'\0'),(4523753,'2013-07-30 15:38:50','\0','沁阳市',2,0,4523743,'\0'),(4523754,'2013-07-30 15:38:51','\0','孟州市',2,0,4523743,'\0'),(4523755,'2013-07-30 15:38:51','\0','濮阳市',1,0,4523655,'\0'),(4523756,'2013-07-30 15:38:51','\0','市辖区',2,0,4523755,'\0'),(4523757,'2013-07-30 15:38:51','\0','华龙区',2,0,4523755,'\0'),(4523758,'2013-07-30 15:38:51','\0','清丰县',2,0,4523755,'\0'),(4523759,'2013-07-30 15:38:51','\0','南乐县',2,0,4523755,'\0'),(4523760,'2013-07-30 15:38:51','\0','范县',2,0,4523755,'\0'),(4523761,'2013-07-30 15:38:51','\0','台前县',2,0,4523755,'\0'),(4523762,'2013-07-30 15:38:51','\0','濮阳县',2,0,4523755,'\0'),(4523763,'2013-07-30 15:38:51','\0','许昌市',1,0,4523655,'\0'),(4523764,'2013-07-30 15:38:51','\0','市辖区',2,0,4523763,'\0'),(4523765,'2013-07-30 15:38:51','\0','魏都区',2,0,4523763,'\0'),(4523766,'2013-07-30 15:38:51','\0','许昌县',2,0,4523763,'\0'),(4523767,'2013-07-30 15:38:51','\0','鄢陵县',2,0,4523763,'\0'),(4523768,'2013-07-30 15:38:51','\0','襄城县',2,0,4523763,'\0'),(4523769,'2013-07-30 15:38:51','\0','禹州市',2,0,4523763,'\0'),(4523770,'2013-07-30 15:38:52','\0','长葛市',2,0,4523763,'\0'),(4523771,'2013-07-30 15:38:52','\0','漯河市',1,0,4523655,'\0'),(4523772,'2013-07-30 15:38:52','\0','市辖区',2,0,4523771,'\0'),(4523773,'2013-07-30 15:38:52','\0','源汇区',2,0,4523771,'\0'),(4523774,'2013-07-30 15:38:52','\0','郾城区',2,0,4523771,'\0'),(4523775,'2013-07-30 15:38:52','\0','召陵区',2,0,4523771,'\0'),(4523776,'2013-07-30 15:38:52','\0','舞阳县',2,0,4523771,'\0'),(4523777,'2013-07-30 15:38:52','\0','临颍县',2,0,4523771,'\0'),(4523778,'2013-07-30 15:38:52','\0','三门峡市',1,0,4523655,'\0'),(4523779,'2013-07-30 15:38:52','\0','市辖区',2,0,4523778,'\0'),(4523780,'2013-07-30 15:38:52','\0','湖滨区',2,0,4523778,'\0'),(4523781,'2013-07-30 15:38:52','\0','渑池县',2,0,4523778,'\0'),(4523782,'2013-07-30 15:38:52','\0','陕县',2,0,4523778,'\0'),(4523783,'2013-07-30 15:38:52','\0','卢氏县',2,0,4523778,'\0'),(4523784,'2013-07-30 15:38:53','\0','义马市',2,0,4523778,'\0'),(4523785,'2013-07-30 15:38:53','\0','灵宝市',2,0,4523778,'\0'),(4523786,'2013-07-30 15:38:53','\0','南阳市',1,0,4523655,'\0'),(4523787,'2013-07-30 15:38:53','\0','市辖区',2,0,4523786,'\0'),(4523788,'2013-07-30 15:38:53','\0','宛城区',2,0,4523786,'\0'),(4523789,'2013-07-30 15:38:53','\0','卧龙区',2,0,4523786,'\0'),(4523790,'2013-07-30 15:38:53','\0','南召县',2,0,4523786,'\0'),(4523791,'2013-07-30 15:38:53','\0','方城县',2,0,4523786,'\0'),(4523792,'2013-07-30 15:38:53','\0','西峡县',2,0,4523786,'\0'),(4523793,'2013-07-30 15:38:53','\0','镇平县',2,0,4523786,'\0'),(4523794,'2013-07-30 15:38:53','\0','内乡县',2,0,4523786,'\0'),(4523795,'2013-07-30 15:38:53','\0','淅川县',2,0,4523786,'\0'),(4523796,'2013-07-30 15:38:53','\0','社旗县',2,0,4523786,'\0'),(4523797,'2013-07-30 15:38:53','\0','唐河县',2,0,4523786,'\0'),(4523798,'2013-07-30 15:38:53','\0','新野县',2,0,4523786,'\0'),(4523799,'2013-07-30 15:38:53','\0','桐柏县',2,0,4523786,'\0'),(4523800,'2013-07-30 15:38:53','\0','邓州市',2,0,4523786,'\0'),(4523801,'2013-07-30 15:38:54','\0','商丘市',1,0,4523655,'\0'),(4523802,'2013-07-30 15:38:54','\0','市辖区',2,0,4523801,'\0'),(4523803,'2013-07-30 15:38:54','\0','梁园区',2,0,4523801,'\0'),(4523804,'2013-07-30 15:38:54','\0','睢阳区',2,0,4523801,'\0'),(4523805,'2013-07-30 15:38:54','\0','民权县',2,0,4523801,'\0'),(4523806,'2013-07-30 15:38:54','\0','睢县',2,0,4523801,'\0'),(4523807,'2013-07-30 15:38:54','\0','宁陵县',2,0,4523801,'\0'),(4523808,'2013-07-30 15:38:54','\0','柘城县',2,0,4523801,'\0'),(4523809,'2013-07-30 15:38:54','\0','虞城县',2,0,4523801,'\0'),(4523810,'2013-07-30 15:38:54','\0','夏邑县',2,0,4523801,'\0'),(4523811,'2013-07-30 15:38:54','\0','永城市',2,0,4523801,'\0'),(4523812,'2013-07-30 15:38:54','\0','信阳市',1,0,4523655,'\0'),(4523813,'2013-07-30 15:38:54','\0','市辖区',2,0,4523812,'\0'),(4523814,'2013-07-30 15:38:54','\0','浉河区',2,0,4523812,'\0'),(4523815,'2013-07-30 15:38:54','\0','平桥区',2,0,4523812,'\0'),(4523816,'2013-07-30 15:38:54','\0','罗山县',2,0,4523812,'\0'),(4523817,'2013-07-30 15:38:55','\0','光山县',2,0,4523812,'\0'),(4523818,'2013-07-30 15:38:55','\0','新县',2,0,4523812,'\0'),(4523819,'2013-07-30 15:38:55','\0','商城县',2,0,4523812,'\0'),(4523820,'2013-07-30 15:38:55','\0','固始县',2,0,4523812,'\0'),(4523821,'2013-07-30 15:38:55','\0','潢川县',2,0,4523812,'\0'),(4523822,'2013-07-30 15:38:55','\0','淮滨县',2,0,4523812,'\0'),(4523823,'2013-07-30 15:38:55','\0','息县',2,0,4523812,'\0'),(4523824,'2013-07-30 15:38:55','\0','周口市',1,0,4523655,'\0'),(4523825,'2013-07-30 15:38:55','\0','市辖区',2,0,4523824,'\0'),(4523826,'2013-07-30 15:38:55','\0','川汇区',2,0,4523824,'\0'),(4523827,'2013-07-30 15:38:55','\0','扶沟县',2,0,4523824,'\0'),(4523828,'2013-07-30 15:38:55','\0','西华县',2,0,4523824,'\0'),(4523829,'2013-07-30 15:38:55','\0','商水县',2,0,4523824,'\0'),(4523830,'2013-07-30 15:38:55','\0','沈丘县',2,0,4523824,'\0'),(4523831,'2013-07-30 15:38:55','\0','郸城县',2,0,4523824,'\0'),(4523832,'2013-07-30 15:38:55','\0','淮阳县',2,0,4523824,'\0'),(4523833,'2013-07-30 15:38:56','\0','太康县',2,0,4523824,'\0'),(4523834,'2013-07-30 15:38:56','\0','鹿邑县',2,0,4523824,'\0'),(4523835,'2013-07-30 15:38:56','\0','项城市',2,0,4523824,'\0'),(4523836,'2013-07-30 15:38:56','\0','驻马店市',1,0,4523655,'\0'),(4523837,'2013-07-30 15:38:56','\0','市辖区',2,0,4523836,'\0'),(4523838,'2013-07-30 15:38:56','\0','驿城区',2,0,4523836,'\0'),(4523839,'2013-07-30 15:38:56','\0','西平县',2,0,4523836,'\0'),(4523840,'2013-07-30 15:38:56','\0','上蔡县',2,0,4523836,'\0'),(4523841,'2013-07-30 15:38:56','\0','平舆县',2,0,4523836,'\0'),(4523842,'2013-07-30 15:38:56','\0','正阳县',2,0,4523836,'\0'),(4523843,'2013-07-30 15:38:56','\0','确山县',2,0,4523836,'\0'),(4523844,'2013-07-30 15:38:56','\0','泌阳县',2,0,4523836,'\0'),(4523845,'2013-07-30 15:38:56','\0','汝南县',2,0,4523836,'\0'),(4523846,'2013-07-30 15:38:56','\0','遂平县',2,0,4523836,'\0'),(4523847,'2013-07-30 15:38:56','\0','新蔡县',2,0,4523836,'\0'),(4523848,'2013-07-30 15:38:56','\0','省直辖县级行政区划',1,0,4523655,'\0'),(4523849,'2013-07-30 15:38:57','\0','济源市',2,0,4523848,'\0'),(4523850,'2013-07-30 15:38:57','\0','湖北省',0,0,NULL,'\0'),(4523851,'2013-07-30 15:38:57','\0','武汉市',1,0,4523850,'\0'),(4523852,'2013-07-30 15:38:57','\0','市辖区',2,0,4523851,'\0'),(4523853,'2013-07-30 15:38:57','\0','江岸区',2,0,4523851,'\0'),(4523854,'2013-07-30 15:38:57','\0','江汉区',2,0,4523851,'\0'),(4523855,'2013-07-30 15:38:57','\0','硚口区',2,0,4523851,'\0'),(4523856,'2013-07-30 15:38:57','\0','汉阳区',2,0,4523851,'\0'),(4523857,'2013-07-30 15:38:57','\0','武昌区',2,0,4523851,'\0'),(4523858,'2013-07-30 15:38:57','\0','青山区',2,0,4523851,'\0'),(4523859,'2013-07-30 15:38:57','\0','洪山区',2,0,4523851,'\0'),(4523860,'2013-07-30 15:38:57','\0','东西湖区',2,0,4523851,'\0'),(4523861,'2013-07-30 15:38:57','\0','汉南区',2,0,4523851,'\0'),(4523862,'2013-07-30 15:38:57','\0','蔡甸区',2,0,4523851,'\0'),(4523863,'2013-07-30 15:38:57','\0','江夏区',2,0,4523851,'\0'),(4523864,'2013-07-30 15:38:57','\0','黄陂区',2,0,4523851,'\0'),(4523865,'2013-07-30 15:38:58','\0','新洲区',2,0,4523851,'\0'),(4523866,'2013-07-30 15:38:58','\0','黄石市',1,0,4523850,'\0'),(4523867,'2013-07-30 15:38:58','\0','市辖区',2,0,4523866,'\0'),(4523868,'2013-07-30 15:38:58','\0','黄石港区',2,0,4523866,'\0'),(4523869,'2013-07-30 15:38:58','\0','西塞山区',2,0,4523866,'\0'),(4523870,'2013-07-30 15:38:58','\0','下陆区',2,0,4523866,'\0'),(4523871,'2013-07-30 15:38:58','\0','铁山区',2,0,4523866,'\0'),(4523872,'2013-07-30 15:38:58','\0','阳新县',2,0,4523866,'\0'),(4523873,'2013-07-30 15:38:58','\0','大冶市',2,0,4523866,'\0'),(4523874,'2013-07-30 15:38:58','\0','十堰市',1,0,4523850,'\0'),(4523875,'2013-07-30 15:38:58','\0','市辖区',2,0,4523874,'\0'),(4523876,'2013-07-30 15:38:58','\0','茅箭区',2,0,4523874,'\0'),(4523877,'2013-07-30 15:38:58','\0','张湾区',2,0,4523874,'\0'),(4523878,'2013-07-30 15:38:58','\0','郧县',2,0,4523874,'\0'),(4523879,'2013-07-30 15:38:58','\0','郧西县',2,0,4523874,'\0'),(4523880,'2013-07-30 15:38:59','\0','竹山县',2,0,4523874,'\0'),(4523881,'2013-07-30 15:38:59','\0','竹溪县',2,0,4523874,'\0'),(4523882,'2013-07-30 15:38:59','\0','房县',2,0,4523874,'\0'),(4523883,'2013-07-30 15:38:59','\0','丹江口市',2,0,4523874,'\0'),(4523884,'2013-07-30 15:38:59','\0','宜昌市',1,0,4523850,'\0'),(4523885,'2013-07-30 15:38:59','\0','市辖区',2,0,4523884,'\0'),(4523886,'2013-07-30 15:38:59','\0','西陵区',2,0,4523884,'\0'),(4523887,'2013-07-30 15:38:59','\0','伍家岗区',2,0,4523884,'\0'),(4523888,'2013-07-30 15:38:59','\0','点军区',2,0,4523884,'\0'),(4523889,'2013-07-30 15:38:59','\0','猇亭区',2,0,4523884,'\0'),(4523890,'2013-07-30 15:38:59','\0','夷陵区',2,0,4523884,'\0'),(4523891,'2013-07-30 15:38:59','\0','远安县',2,0,4523884,'\0'),(4523892,'2013-07-30 15:38:59','\0','兴山县',2,0,4523884,'\0'),(4523893,'2013-07-30 15:38:59','\0','秭归县',2,0,4523884,'\0'),(4523894,'2013-07-30 15:38:59','\0','长阳土家族自治县',2,0,4523884,'\0'),(4523895,'2013-07-30 15:39:00','\0','五峰土家族自治县',2,0,4523884,'\0'),(4523896,'2013-07-30 15:39:00','\0','宜都市',2,0,4523884,'\0'),(4523897,'2013-07-30 15:39:00','\0','当阳市',2,0,4523884,'\0'),(4523898,'2013-07-30 15:39:00','\0','枝江市',2,0,4523884,'\0'),(4523899,'2013-07-30 15:39:00','\0','襄樊市',1,0,4523850,'\0'),(4523900,'2013-07-30 15:39:00','\0','市辖区',2,0,4523899,'\0'),(4523901,'2013-07-30 15:39:00','\0','襄城区',2,0,4523899,'\0'),(4523902,'2013-07-30 15:39:00','\0','樊城区',2,0,4523899,'\0'),(4523903,'2013-07-30 15:39:00','\0','襄阳区',2,0,4523899,'\0'),(4523904,'2013-07-30 15:39:00','\0','南漳县',2,0,4523899,'\0'),(4523905,'2013-07-30 15:39:00','\0','谷城县',2,0,4523899,'\0'),(4523906,'2013-07-30 15:39:00','\0','保康县',2,0,4523899,'\0'),(4523907,'2013-07-30 15:39:00','\0','老河口市',2,0,4523899,'\0'),(4523908,'2013-07-30 15:39:00','\0','枣阳市',2,0,4523899,'\0'),(4523909,'2013-07-30 15:39:00','\0','宜城市',2,0,4523899,'\0'),(4523910,'2013-07-30 15:39:01','\0','鄂州市',1,0,4523850,'\0'),(4523911,'2013-07-30 15:39:01','\0','市辖区',2,0,4523910,'\0'),(4523912,'2013-07-30 15:39:01','\0','梁子湖区',2,0,4523910,'\0'),(4523913,'2013-07-30 15:39:01','\0','华容区',2,0,4523910,'\0'),(4523914,'2013-07-30 15:39:01','\0','鄂城区',2,0,4523910,'\0'),(4523915,'2013-07-30 15:39:01','\0','荆门市',1,0,4523850,'\0'),(4523916,'2013-07-30 15:39:01','\0','市辖区',2,0,4523915,'\0'),(4523917,'2013-07-30 15:39:01','\0','东宝区',2,0,4523915,'\0'),(4523918,'2013-07-30 15:39:01','\0','掇刀区',2,0,4523915,'\0'),(4523919,'2013-07-30 15:39:01','\0','京山县',2,0,4523915,'\0'),(4523920,'2013-07-30 15:39:01','\0','沙洋县',2,0,4523915,'\0'),(4523921,'2013-07-30 15:39:01','\0','钟祥市',2,0,4523915,'\0'),(4523922,'2013-07-30 15:39:01','\0','孝感市',1,0,4523850,'\0'),(4523923,'2013-07-30 15:39:01','\0','市辖区',2,0,4523922,'\0'),(4523924,'2013-07-30 15:39:01','\0','孝南区',2,0,4523922,'\0'),(4523925,'2013-07-30 15:39:02','\0','孝昌县',2,0,4523922,'\0'),(4523926,'2013-07-30 15:39:02','\0','大悟县',2,0,4523922,'\0'),(4523927,'2013-07-30 15:39:02','\0','云梦县',2,0,4523922,'\0'),(4523928,'2013-07-30 15:39:02','\0','应城市',2,0,4523922,'\0'),(4523929,'2013-07-30 15:39:02','\0','安陆市',2,0,4523922,'\0'),(4523930,'2013-07-30 15:39:02','\0','汉川市',2,0,4523922,'\0'),(4523931,'2013-07-30 15:39:02','\0','荆州市',1,0,4523850,'\0'),(4523932,'2013-07-30 15:39:02','\0','市辖区',2,0,4523931,'\0'),(4523933,'2013-07-30 15:39:02','\0','沙市区',2,0,4523931,'\0'),(4523934,'2013-07-30 15:39:02','\0','荆州区',2,0,4523931,'\0'),(4523935,'2013-07-30 15:39:02','\0','公安县',2,0,4523931,'\0'),(4523936,'2013-07-30 15:39:02','\0','监利县',2,0,4523931,'\0'),(4523937,'2013-07-30 15:39:02','\0','江陵县',2,0,4523931,'\0'),(4523938,'2013-07-30 15:39:03','\0','石首市',2,0,4523931,'\0'),(4523939,'2013-07-30 15:39:03','\0','洪湖市',2,0,4523931,'\0'),(4523940,'2013-07-30 15:39:03','\0','松滋市',2,0,4523931,'\0'),(4523941,'2013-07-30 15:39:03','\0','黄冈市',1,0,4523850,'\0'),(4523942,'2013-07-30 15:39:03','\0','市辖区',2,0,4523941,'\0'),(4523943,'2013-07-30 15:39:03','\0','黄州区',2,0,4523941,'\0'),(4523944,'2013-07-30 15:39:03','\0','团风县',2,0,4523941,'\0'),(4523945,'2013-07-30 15:39:03','\0','红安县',2,0,4523941,'\0'),(4523946,'2013-07-30 15:39:03','\0','罗田县',2,0,4523941,'\0'),(4523947,'2013-07-30 15:39:03','\0','英山县',2,0,4523941,'\0'),(4523948,'2013-07-30 15:39:03','\0','浠水县',2,0,4523941,'\0'),(4523949,'2013-07-30 15:39:03','\0','蕲春县',2,0,4523941,'\0'),(4523950,'2013-07-30 15:39:03','\0','黄梅县',2,0,4523941,'\0'),(4523951,'2013-07-30 15:39:03','\0','麻城市',2,0,4523941,'\0'),(4523952,'2013-07-30 15:39:04','\0','武穴市',2,0,4523941,'\0'),(4523953,'2013-07-30 15:39:04','\0','咸宁市',1,0,4523850,'\0'),(4523954,'2013-07-30 15:39:04','\0','市辖区',2,0,4523953,'\0'),(4523955,'2013-07-30 15:39:04','\0','咸安区',2,0,4523953,'\0'),(4523956,'2013-07-30 15:39:04','\0','嘉鱼县',2,0,4523953,'\0'),(4523957,'2013-07-30 15:39:04','\0','通城县',2,0,4523953,'\0'),(4523958,'2013-07-30 15:39:04','\0','崇阳县',2,0,4523953,'\0'),(4523959,'2013-07-30 15:39:04','\0','通山县',2,0,4523953,'\0'),(4523960,'2013-07-30 15:39:04','\0','赤壁市',2,0,4523953,'\0'),(4523961,'2013-07-30 15:39:04','\0','随州市',1,0,4523850,'\0'),(4523962,'2013-07-30 15:39:04','\0','市辖区',2,0,4523961,'\0'),(4523963,'2013-07-30 15:39:04','\0','曾都区',2,0,4523961,'\0'),(4523964,'2013-07-30 15:39:04','\0','随县',2,0,4523961,'\0'),(4523965,'2013-07-30 15:39:04','\0','广水市',2,0,4523961,'\0'),(4523966,'2013-07-30 15:39:05','\0','恩施土家族苗族自治州',1,0,4523850,'\0'),(4523967,'2013-07-30 15:39:05','\0','恩施市',2,0,4523966,'\0'),(4523968,'2013-07-30 15:39:05','\0','利川市',2,0,4523966,'\0'),(4523969,'2013-07-30 15:39:05','\0','建始县',2,0,4523966,'\0'),(4523970,'2013-07-30 15:39:05','\0','巴东县',2,0,4523966,'\0'),(4523971,'2013-07-30 15:39:05','\0','宣恩县',2,0,4523966,'\0'),(4523972,'2013-07-30 15:39:05','\0','咸丰县',2,0,4523966,'\0'),(4523973,'2013-07-30 15:39:05','\0','来凤县',2,0,4523966,'\0'),(4523974,'2013-07-30 15:39:05','\0','鹤峰县',2,0,4523966,'\0'),(4523975,'2013-07-30 15:39:05','\0','省直辖县级行政区划',1,0,4523850,'\0'),(4523976,'2013-07-30 15:39:05','\0','仙桃市',2,0,4523975,'\0'),(4523977,'2013-07-30 15:39:05','\0','潜江市',2,0,4523975,'\0'),(4523978,'2013-07-30 15:39:05','\0','天门市',2,0,4523975,'\0'),(4523979,'2013-07-30 15:39:05','\0','神农架林区',2,0,4523975,'\0'),(4523980,'2013-07-30 15:39:05','\0','湖南省',0,0,NULL,'\0'),(4523981,'2013-07-30 15:39:06','\0','长沙市',1,0,4523980,'\0'),(4523982,'2013-07-30 15:39:06','\0','市辖区',2,0,4523981,'\0'),(4523983,'2013-07-30 15:39:06','\0','芙蓉区',2,0,4523981,'\0'),(4523984,'2013-07-30 15:39:06','\0','天心区',2,0,4523981,'\0'),(4523985,'2013-07-30 15:39:06','\0','岳麓区',2,0,4523981,'\0'),(4523986,'2013-07-30 15:39:06','\0','开福区',2,0,4523981,'\0'),(4523987,'2013-07-30 15:39:06','\0','雨花区',2,0,4523981,'\0'),(4523988,'2013-07-30 15:39:06','\0','长沙县',2,0,4523981,'\0'),(4523989,'2013-07-30 15:39:06','\0','望城县',2,0,4523981,'\0'),(4523990,'2013-07-30 15:39:06','\0','宁乡县',2,0,4523981,'\0'),(4523991,'2013-07-30 15:39:06','\0','浏阳市',2,0,4523981,'\0'),(4523992,'2013-07-30 15:39:06','\0','株洲市',1,0,4523980,'\0'),(4523993,'2013-07-30 15:39:06','\0','市辖区',2,0,4523992,'\0'),(4523994,'2013-07-30 15:39:06','\0','荷塘区',2,0,4523992,'\0'),(4523995,'2013-07-30 15:39:06','\0','芦淞区',2,0,4523992,'\0'),(4523996,'2013-07-30 15:39:07','\0','石峰区',2,0,4523992,'\0'),(4523997,'2013-07-30 15:39:07','\0','天元区',2,0,4523992,'\0'),(4523998,'2013-07-30 15:39:07','\0','株洲县',2,0,4523992,'\0'),(4523999,'2013-07-30 15:39:07','\0','攸县',2,0,4523992,'\0'),(4524000,'2013-07-30 15:39:07','\0','茶陵县',2,0,4523992,'\0'),(4524001,'2013-07-30 15:39:07','\0','炎陵县',2,0,4523992,'\0'),(4524002,'2013-07-30 15:39:07','\0','醴陵市',2,0,4523992,'\0'),(4524003,'2013-07-30 15:39:07','\0','湘潭市',1,0,4523980,'\0'),(4524004,'2013-07-30 15:39:07','\0','市辖区',2,0,4524003,'\0'),(4524005,'2013-07-30 15:39:07','\0','雨湖区',2,0,4524003,'\0'),(4524006,'2013-07-30 15:39:07','\0','岳塘区',2,0,4524003,'\0'),(4524007,'2013-07-30 15:39:07','\0','湘潭县',2,0,4524003,'\0'),(4524008,'2013-07-30 15:39:07','\0','湘乡市',2,0,4524003,'\0'),(4524009,'2013-07-30 15:39:07','\0','韶山市',2,0,4524003,'\0'),(4524010,'2013-07-30 15:39:08','\0','衡阳市',1,0,4523980,'\0'),(4524011,'2013-07-30 15:39:08','\0','市辖区',2,0,4524010,'\0'),(4524012,'2013-07-30 15:39:08','\0','珠晖区',2,0,4524010,'\0'),(4524013,'2013-07-30 15:39:08','\0','雁峰区',2,0,4524010,'\0'),(4524014,'2013-07-30 15:39:08','\0','石鼓区',2,0,4524010,'\0'),(4524015,'2013-07-30 15:39:08','\0','蒸湘区',2,0,4524010,'\0'),(4524016,'2013-07-30 15:39:08','\0','南岳区',2,0,4524010,'\0'),(4524017,'2013-07-30 15:39:08','\0','衡阳县',2,0,4524010,'\0'),(4524018,'2013-07-30 15:39:08','\0','衡南县',2,0,4524010,'\0'),(4524019,'2013-07-30 15:39:08','\0','衡山县',2,0,4524010,'\0'),(4524020,'2013-07-30 15:39:08','\0','衡东县',2,0,4524010,'\0'),(4524021,'2013-07-30 15:39:08','\0','祁东县',2,0,4524010,'\0'),(4524022,'2013-07-30 15:39:08','\0','耒阳市',2,0,4524010,'\0'),(4524023,'2013-07-30 15:39:08','\0','常宁市',2,0,4524010,'\0'),(4524024,'2013-07-30 15:39:08','\0','邵阳市',1,0,4523980,'\0'),(4524025,'2013-07-30 15:39:09','\0','市辖区',2,0,4524024,'\0'),(4524026,'2013-07-30 15:39:09','\0','双清区',2,0,4524024,'\0'),(4524027,'2013-07-30 15:39:09','\0','大祥区',2,0,4524024,'\0'),(4524028,'2013-07-30 15:39:09','\0','北塔区',2,0,4524024,'\0'),(4524029,'2013-07-30 15:39:09','\0','邵东县',2,0,4524024,'\0'),(4524030,'2013-07-30 15:39:09','\0','新邵县',2,0,4524024,'\0'),(4524031,'2013-07-30 15:39:09','\0','邵阳县',2,0,4524024,'\0'),(4524032,'2013-07-30 15:39:09','\0','隆回县',2,0,4524024,'\0'),(4524033,'2013-07-30 15:39:09','\0','洞口县',2,0,4524024,'\0'),(4524034,'2013-07-30 15:39:09','\0','绥宁县',2,0,4524024,'\0'),(4524035,'2013-07-30 15:39:09','\0','新宁县',2,0,4524024,'\0'),(4524036,'2013-07-30 15:39:09','\0','城步苗族自治县',2,0,4524024,'\0'),(4524037,'2013-07-30 15:39:09','\0','武冈市',2,0,4524024,'\0'),(4524038,'2013-07-30 15:39:09','\0','岳阳市',1,0,4523980,'\0'),(4524039,'2013-07-30 15:39:10','\0','市辖区',2,0,4524038,'\0'),(4524040,'2013-07-30 15:39:10','\0','岳阳楼区',2,0,4524038,'\0'),(4524041,'2013-07-30 15:39:10','\0','云溪区',2,0,4524038,'\0'),(4524042,'2013-07-30 15:39:10','\0','君山区',2,0,4524038,'\0'),(4524043,'2013-07-30 15:39:10','\0','岳阳县',2,0,4524038,'\0'),(4524044,'2013-07-30 15:39:10','\0','华容县',2,0,4524038,'\0'),(4524045,'2013-07-30 15:39:10','\0','湘阴县',2,0,4524038,'\0'),(4524046,'2013-07-30 15:39:10','\0','平江县',2,0,4524038,'\0'),(4524047,'2013-07-30 15:39:10','\0','汨罗市',2,0,4524038,'\0'),(4524048,'2013-07-30 15:39:10','\0','临湘市',2,0,4524038,'\0'),(4524049,'2013-07-30 15:39:10','\0','常德市',1,0,4523980,'\0'),(4524050,'2013-07-30 15:39:10','\0','市辖区',2,0,4524049,'\0'),(4524051,'2013-07-30 15:39:10','\0','武陵区',2,0,4524049,'\0'),(4524052,'2013-07-30 15:39:10','\0','鼎城区',2,0,4524049,'\0'),(4524053,'2013-07-30 15:39:10','\0','安乡县',2,0,4524049,'\0'),(4524054,'2013-07-30 15:39:11','\0','汉寿县',2,0,4524049,'\0'),(4524055,'2013-07-30 15:39:11','\0','澧县',2,0,4524049,'\0'),(4524056,'2013-07-30 15:39:11','\0','临澧县',2,0,4524049,'\0'),(4524057,'2013-07-30 15:39:11','\0','桃源县',2,0,4524049,'\0'),(4524058,'2013-07-30 15:39:11','\0','石门县',2,0,4524049,'\0'),(4524059,'2013-07-30 15:39:11','\0','津市市',2,0,4524049,'\0'),(4524060,'2013-07-30 15:39:11','\0','张家界市',1,0,4523980,'\0'),(4524061,'2013-07-30 15:39:11','\0','市辖区',2,0,4524060,'\0'),(4524062,'2013-07-30 15:39:11','\0','永定区',2,0,4524060,'\0'),(4524063,'2013-07-30 15:39:11','\0','武陵源区',2,0,4524060,'\0'),(4524064,'2013-07-30 15:39:11','\0','慈利县',2,0,4524060,'\0'),(4524065,'2013-07-30 15:39:11','\0','桑植县',2,0,4524060,'\0'),(4524066,'2013-07-30 15:39:11','\0','益阳市',1,0,4523980,'\0'),(4524067,'2013-07-30 15:39:11','\0','市辖区',2,0,4524066,'\0'),(4524068,'2013-07-30 15:39:11','\0','资阳区',2,0,4524066,'\0'),(4524069,'2013-07-30 15:39:12','\0','赫山区',2,0,4524066,'\0'),(4524070,'2013-07-30 15:39:12','\0','南县',2,0,4524066,'\0'),(4524071,'2013-07-30 15:39:12','\0','桃江县',2,0,4524066,'\0'),(4524072,'2013-07-30 15:39:12','\0','安化县',2,0,4524066,'\0'),(4524073,'2013-07-30 15:39:12','\0','沅江市',2,0,4524066,'\0'),(4524074,'2013-07-30 15:39:12','\0','郴州市',1,0,4523980,'\0'),(4524075,'2013-07-30 15:39:12','\0','市辖区',2,0,4524074,'\0'),(4524076,'2013-07-30 15:39:12','\0','北湖区',2,0,4524074,'\0'),(4524077,'2013-07-30 15:39:12','\0','苏仙区',2,0,4524074,'\0'),(4524078,'2013-07-30 15:39:12','\0','桂阳县',2,0,4524074,'\0'),(4524079,'2013-07-30 15:39:12','\0','宜章县',2,0,4524074,'\0'),(4524080,'2013-07-30 15:39:12','\0','永兴县',2,0,4524074,'\0'),(4524081,'2013-07-30 15:39:12','\0','嘉禾县',2,0,4524074,'\0'),(4524082,'2013-07-30 15:39:12','\0','临武县',2,0,4524074,'\0'),(4524083,'2013-07-30 15:39:13','\0','汝城县',2,0,4524074,'\0'),(4524084,'2013-07-30 15:39:13','\0','桂东县',2,0,4524074,'\0'),(4524085,'2013-07-30 15:39:13','\0','安仁县',2,0,4524074,'\0'),(4524086,'2013-07-30 15:39:13','\0','资兴市',2,0,4524074,'\0'),(4524087,'2013-07-30 15:39:13','\0','永州市',1,0,4523980,'\0'),(4524088,'2013-07-30 15:39:13','\0','市辖区',2,0,4524087,'\0'),(4524089,'2013-07-30 15:39:13','\0','零陵区',2,0,4524087,'\0'),(4524090,'2013-07-30 15:39:13','\0','冷水滩区',2,0,4524087,'\0'),(4524091,'2013-07-30 15:39:13','\0','祁阳县',2,0,4524087,'\0'),(4524092,'2013-07-30 15:39:13','\0','东安县',2,0,4524087,'\0'),(4524093,'2013-07-30 15:39:13','\0','双牌县',2,0,4524087,'\0'),(4524094,'2013-07-30 15:39:13','\0','道县',2,0,4524087,'\0'),(4524095,'2013-07-30 15:39:13','\0','江永县',2,0,4524087,'\0'),(4524096,'2013-07-30 15:39:14','\0','宁远县',2,0,4524087,'\0'),(4524097,'2013-07-30 15:39:14','\0','蓝山县',2,0,4524087,'\0'),(4524098,'2013-07-30 15:39:14','\0','新田县',2,0,4524087,'\0'),(4524099,'2013-07-30 15:39:14','\0','江华瑶族自治县',2,0,4524087,'\0'),(4524100,'2013-07-30 15:39:14','\0','怀化市',1,0,4523980,'\0'),(4524101,'2013-07-30 15:39:14','\0','市辖区',2,0,4524100,'\0'),(4524102,'2013-07-30 15:39:14','\0','鹤城区',2,0,4524100,'\0'),(4524103,'2013-07-30 15:39:14','\0','中方县',2,0,4524100,'\0'),(4524104,'2013-07-30 15:39:14','\0','沅陵县',2,0,4524100,'\0'),(4524105,'2013-07-30 15:39:14','\0','辰溪县',2,0,4524100,'\0'),(4524106,'2013-07-30 15:39:14','\0','溆浦县',2,0,4524100,'\0'),(4524107,'2013-07-30 15:39:14','\0','会同县',2,0,4524100,'\0'),(4524108,'2013-07-30 15:39:14','\0','麻阳苗族自治县',2,0,4524100,'\0'),(4524109,'2013-07-30 15:39:14','\0','新晃侗族自治县',2,0,4524100,'\0'),(4524110,'2013-07-30 15:39:14','\0','芷江侗族自治县',2,0,4524100,'\0'),(4524111,'2013-07-30 15:39:15','\0','靖州苗族侗族自治县',2,0,4524100,'\0'),(4524112,'2013-07-30 15:39:15','\0','通道侗族自治县',2,0,4524100,'\0'),(4524113,'2013-07-30 15:39:15','\0','洪江市',2,0,4524100,'\0'),(4524114,'2013-07-30 15:39:15','\0','娄底市',1,0,4523980,'\0'),(4524115,'2013-07-30 15:39:15','\0','市辖区',2,0,4524114,'\0'),(4524116,'2013-07-30 15:39:15','\0','娄星区',2,0,4524114,'\0'),(4524117,'2013-07-30 15:39:15','\0','双峰县',2,0,4524114,'\0'),(4524118,'2013-07-30 15:39:15','\0','新化县',2,0,4524114,'\0'),(4524119,'2013-07-30 15:39:15','\0','冷水江市',2,0,4524114,'\0'),(4524120,'2013-07-30 15:39:15','\0','涟源市',2,0,4524114,'\0'),(4524121,'2013-07-30 15:39:15','\0','湘西土家族苗族自治州',1,0,4523980,'\0'),(4524122,'2013-07-30 15:39:15','\0','吉首市',2,0,4524121,'\0'),(4524123,'2013-07-30 15:39:15','\0','泸溪县',2,0,4524121,'\0'),(4524124,'2013-07-30 15:39:16','\0','凤凰县',2,0,4524121,'\0'),(4524125,'2013-07-30 15:39:16','\0','花垣县',2,0,4524121,'\0'),(4524126,'2013-07-30 15:39:16','\0','保靖县',2,0,4524121,'\0'),(4524127,'2013-07-30 15:39:16','\0','古丈县',2,0,4524121,'\0'),(4524128,'2013-07-30 15:39:16','\0','永顺县',2,0,4524121,'\0'),(4524129,'2013-07-30 15:39:16','\0','龙山县',2,0,4524121,'\0'),(4524130,'2013-07-30 15:39:16','\0','广东省',0,0,NULL,'\0'),(4524131,'2013-07-30 15:39:16','\0','广州市',1,0,4524130,'\0'),(4524132,'2013-07-30 15:39:16','\0','市辖区',2,0,4524131,'\0'),(4524133,'2013-07-30 15:39:16','\0','荔湾区',2,0,4524131,'\0'),(4524134,'2013-07-30 15:39:16','\0','越秀区',2,0,4524131,'\0'),(4524135,'2013-07-30 15:39:16','\0','海珠区',2,0,4524131,'\0'),(4524136,'2013-07-30 15:39:16','\0','天河区',2,0,4524131,'\0'),(4524137,'2013-07-30 15:39:17','\0','白云区',2,0,4524131,'\0'),(4524138,'2013-07-30 15:39:17','\0','黄埔区',2,0,4524131,'\0'),(4524139,'2013-07-30 15:39:17','\0','番禺区',2,0,4524131,'\0'),(4524140,'2013-07-30 15:39:17','\0','花都区',2,0,4524131,'\0'),(4524141,'2013-07-30 15:39:17','\0','南沙区',2,0,4524131,'\0'),(4524142,'2013-07-30 15:39:17','\0','萝岗区',2,0,4524131,'\0'),(4524143,'2013-07-30 15:39:17','\0','增城市',2,0,4524131,'\0'),(4524144,'2013-07-30 15:39:17','\0','从化市',2,0,4524131,'\0'),(4524145,'2013-07-30 15:39:17','\0','韶关市',1,0,4524130,'\0'),(4524146,'2013-07-30 15:39:17','\0','市辖区',2,0,4524145,'\0'),(4524147,'2013-07-30 15:39:17','\0','武江区',2,0,4524145,'\0'),(4524148,'2013-07-30 15:39:17','\0','浈江区',2,0,4524145,'\0'),(4524149,'2013-07-30 15:39:17','\0','曲江区',2,0,4524145,'\0'),(4524150,'2013-07-30 15:39:17','\0','始兴县',2,0,4524145,'\0'),(4524151,'2013-07-30 15:39:18','\0','仁化县',2,0,4524145,'\0'),(4524152,'2013-07-30 15:39:18','\0','翁源县',2,0,4524145,'\0'),(4524153,'2013-07-30 15:39:18','\0','乳源瑶族自治县',2,0,4524145,'\0'),(4524154,'2013-07-30 15:39:18','\0','新丰县',2,0,4524145,'\0'),(4524155,'2013-07-30 15:39:18','\0','乐昌市',2,0,4524145,'\0'),(4524156,'2013-07-30 15:39:18','\0','南雄市',2,0,4524145,'\0'),(4524157,'2013-07-30 15:39:18','\0','深圳市',1,0,4524130,'\0'),(4524158,'2013-07-30 15:39:18','\0','市辖区',2,0,4524157,'\0'),(4524159,'2013-07-30 15:39:18','\0','罗湖区',2,0,4524157,'\0'),(4524160,'2013-07-30 15:39:18','\0','福田区',2,0,4524157,'\0'),(4524161,'2013-07-30 15:39:18','\0','南山区',2,0,4524157,'\0'),(4524162,'2013-07-30 15:39:18','\0','宝安区',2,0,4524157,'\0'),(4524163,'2013-07-30 15:39:18','\0','龙岗区',2,0,4524157,'\0'),(4524164,'2013-07-30 15:39:19','\0','盐田区',2,0,4524157,'\0'),(4524165,'2013-07-30 15:39:19','\0','珠海市',1,0,4524130,'\0'),(4524166,'2013-07-30 15:39:19','\0','市辖区',2,0,4524165,'\0'),(4524167,'2013-07-30 15:39:19','\0','香洲区',2,0,4524165,'\0'),(4524168,'2013-07-30 15:39:19','\0','斗门区',2,0,4524165,'\0'),(4524169,'2013-07-30 15:39:19','\0','金湾区',2,0,4524165,'\0'),(4524170,'2013-07-30 15:39:19','\0','汕头市',1,0,4524130,'\0'),(4524171,'2013-07-30 15:39:19','\0','市辖区',2,0,4524170,'\0'),(4524172,'2013-07-30 15:39:19','\0','龙湖区',2,0,4524170,'\0'),(4524173,'2013-07-30 15:39:19','\0','金平区',2,0,4524170,'\0'),(4524174,'2013-07-30 15:39:19','\0','濠江区',2,0,4524170,'\0'),(4524175,'2013-07-30 15:39:20','\0','潮阳区',2,0,4524170,'\0'),(4524176,'2013-07-30 15:39:20','\0','潮南区',2,0,4524170,'\0'),(4524177,'2013-07-30 15:39:20','\0','澄海区',2,0,4524170,'\0'),(4524178,'2013-07-30 15:39:20','\0','南澳县',2,0,4524170,'\0'),(4524179,'2013-07-30 15:39:20','\0','佛山市',1,0,4524130,'\0'),(4524180,'2013-07-30 15:39:20','\0','市辖区',2,0,4524179,'\0'),(4524181,'2013-07-30 15:39:20','\0','禅城区',2,0,4524179,'\0'),(4524182,'2013-07-30 15:39:20','\0','南海区',2,0,4524179,'\0'),(4524183,'2013-07-30 15:39:20','\0','顺德区',2,0,4524179,'\0'),(4524184,'2013-07-30 15:39:20','\0','三水区',2,0,4524179,'\0'),(4524185,'2013-07-30 15:39:20','\0','高明区',2,0,4524179,'\0'),(4524186,'2013-07-30 15:39:20','\0','江门市',1,0,4524130,'\0'),(4524187,'2013-07-30 15:39:20','\0','市辖区',2,0,4524186,'\0'),(4524188,'2013-07-30 15:39:21','\0','蓬江区',2,0,4524186,'\0'),(4524189,'2013-07-30 15:39:21','\0','江海区',2,0,4524186,'\0'),(4524190,'2013-07-30 15:39:21','\0','新会区',2,0,4524186,'\0'),(4524191,'2013-07-30 15:39:21','\0','台山市',2,0,4524186,'\0'),(4524192,'2013-07-30 15:39:21','\0','开平市',2,0,4524186,'\0'),(4524193,'2013-07-30 15:39:21','\0','鹤山市',2,0,4524186,'\0'),(4524194,'2013-07-30 15:39:21','\0','恩平市',2,0,4524186,'\0'),(4524195,'2013-07-30 15:39:21','\0','湛江市',1,0,4524130,'\0'),(4524196,'2013-07-30 15:39:21','\0','市辖区',2,0,4524195,'\0'),(4524197,'2013-07-30 15:39:21','\0','赤坎区',2,0,4524195,'\0'),(4524198,'2013-07-30 15:39:21','\0','霞山区',2,0,4524195,'\0'),(4524199,'2013-07-30 15:39:21','\0','坡头区',2,0,4524195,'\0'),(4524200,'2013-07-30 15:39:21','\0','麻章区',2,0,4524195,'\0'),(4524201,'2013-07-30 15:39:21','\0','遂溪县',2,0,4524195,'\0'),(4524202,'2013-07-30 15:39:22','\0','徐闻县',2,0,4524195,'\0'),(4524203,'2013-07-30 15:39:22','\0','廉江市',2,0,4524195,'\0'),(4524204,'2013-07-30 15:39:22','\0','雷州市',2,0,4524195,'\0'),(4524205,'2013-07-30 15:39:22','\0','吴川市',2,0,4524195,'\0'),(4524206,'2013-07-30 15:39:22','\0','茂名市',1,0,4524130,'\0'),(4524207,'2013-07-30 15:39:22','\0','市辖区',2,0,4524206,'\0'),(4524208,'2013-07-30 15:39:22','\0','茂南区',2,0,4524206,'\0'),(4524209,'2013-07-30 15:39:22','\0','茂港区',2,0,4524206,'\0'),(4524210,'2013-07-30 15:39:22','\0','电白县',2,0,4524206,'\0'),(4524211,'2013-07-30 15:39:22','\0','高州市',2,0,4524206,'\0'),(4524212,'2013-07-30 15:39:22','\0','化州市',2,0,4524206,'\0'),(4524213,'2013-07-30 15:39:22','\0','信宜市',2,0,4524206,'\0'),(4524214,'2013-07-30 15:39:22','\0','肇庆市',1,0,4524130,'\0'),(4524215,'2013-07-30 15:39:22','\0','市辖区',2,0,4524214,'\0'),(4524216,'2013-07-30 15:39:22','\0','端州区',2,0,4524214,'\0'),(4524217,'2013-07-30 15:39:23','\0','鼎湖区',2,0,4524214,'\0'),(4524218,'2013-07-30 15:39:23','\0','广宁县',2,0,4524214,'\0'),(4524219,'2013-07-30 15:39:23','\0','怀集县',2,0,4524214,'\0'),(4524220,'2013-07-30 15:39:23','\0','封开县',2,0,4524214,'\0'),(4524221,'2013-07-30 15:39:23','\0','德庆县',2,0,4524214,'\0'),(4524222,'2013-07-30 15:39:23','\0','高要市',2,0,4524214,'\0'),(4524223,'2013-07-30 15:39:23','\0','四会市',2,0,4524214,'\0'),(4524224,'2013-07-30 15:39:23','\0','惠州市',1,0,4524130,'\0'),(4524225,'2013-07-30 15:39:23','\0','市辖区',2,0,4524224,'\0'),(4524226,'2013-07-30 15:39:23','\0','惠城区',2,0,4524224,'\0'),(4524227,'2013-07-30 15:39:23','\0','惠阳区',2,0,4524224,'\0'),(4524228,'2013-07-30 15:39:23','\0','博罗县',2,0,4524224,'\0'),(4524229,'2013-07-30 15:39:24','\0','惠东县',2,0,4524224,'\0'),(4524230,'2013-07-30 15:39:24','\0','龙门县',2,0,4524224,'\0'),(4524231,'2013-07-30 15:39:24','\0','梅州市',1,0,4524130,'\0'),(4524232,'2013-07-30 15:39:24','\0','市辖区',2,0,4524231,'\0'),(4524233,'2013-07-30 15:39:24','\0','梅江区',2,0,4524231,'\0'),(4524234,'2013-07-30 15:39:24','\0','梅县',2,0,4524231,'\0'),(4524235,'2013-07-30 15:39:24','\0','大埔县',2,0,4524231,'\0'),(4524236,'2013-07-30 15:39:24','\0','丰顺县',2,0,4524231,'\0'),(4524237,'2013-07-30 15:39:24','\0','五华县',2,0,4524231,'\0'),(4524238,'2013-07-30 15:39:24','\0','平远县',2,0,4524231,'\0'),(4524239,'2013-07-30 15:39:24','\0','蕉岭县',2,0,4524231,'\0'),(4524240,'2013-07-30 15:39:24','\0','兴宁市',2,0,4524231,'\0'),(4524241,'2013-07-30 15:39:24','\0','汕尾市',1,0,4524130,'\0'),(4524242,'2013-07-30 15:39:24','\0','市辖区',2,0,4524241,'\0'),(4524243,'2013-07-30 15:39:25','\0','城区',2,0,4524241,'\0'),(4524244,'2013-07-30 15:39:25','\0','海丰县',2,0,4524241,'\0'),(4524245,'2013-07-30 15:39:25','\0','陆河县',2,0,4524241,'\0'),(4524246,'2013-07-30 15:39:25','\0','陆丰市',2,0,4524241,'\0'),(4524247,'2013-07-30 15:39:25','\0','河源市',1,0,4524130,'\0'),(4524248,'2013-07-30 15:39:25','\0','市辖区',2,0,4524247,'\0'),(4524249,'2013-07-30 15:39:25','\0','源城区',2,0,4524247,'\0'),(4524250,'2013-07-30 15:39:25','\0','紫金县',2,0,4524247,'\0'),(4524251,'2013-07-30 15:39:25','\0','龙川县',2,0,4524247,'\0'),(4524252,'2013-07-30 15:39:25','\0','连平县',2,0,4524247,'\0'),(4524253,'2013-07-30 15:39:25','\0','和平县',2,0,4524247,'\0'),(4524254,'2013-07-30 15:39:25','\0','东源县',2,0,4524247,'\0'),(4524255,'2013-07-30 15:39:26','\0','阳江市',1,0,4524130,'\0'),(4524256,'2013-07-30 15:39:26','\0','市辖区',2,0,4524255,'\0'),(4524257,'2013-07-30 15:39:26','\0','江城区',2,0,4524255,'\0'),(4524258,'2013-07-30 15:39:26','\0','阳西县',2,0,4524255,'\0'),(4524259,'2013-07-30 15:39:26','\0','阳东县',2,0,4524255,'\0'),(4524260,'2013-07-30 15:39:26','\0','阳春市',2,0,4524255,'\0'),(4524261,'2013-07-30 15:39:26','\0','清远市',1,0,4524130,'\0'),(4524262,'2013-07-30 15:39:26','\0','市辖区',2,0,4524261,'\0'),(4524263,'2013-07-30 15:39:26','\0','清城区',2,0,4524261,'\0'),(4524264,'2013-07-30 15:39:26','\0','佛冈县',2,0,4524261,'\0'),(4524265,'2013-07-30 15:39:26','\0','阳山县',2,0,4524261,'\0'),(4524266,'2013-07-30 15:39:26','\0','连山壮族瑶族自治县',2,0,4524261,'\0'),(4524267,'2013-07-30 15:39:27','\0','连南瑶族自治县',2,0,4524261,'\0'),(4524268,'2013-07-30 15:39:27','\0','清新县',2,0,4524261,'\0'),(4524269,'2013-07-30 15:39:27','\0','英德市',2,0,4524261,'\0'),(4524270,'2013-07-30 15:39:27','\0','连州市',2,0,4524261,'\0'),(4524271,'2013-07-30 15:39:27','\0','东莞市',1,0,4524130,'\0'),(4524272,'2013-07-30 15:39:27','\0','中山市',1,0,4524130,'\0'),(4524273,'2013-07-30 15:39:27','\0','潮州市',1,0,4524130,'\0'),(4524274,'2013-07-30 15:39:27','\0','市辖区',2,0,4524273,'\0'),(4524275,'2013-07-30 15:39:27','\0','湘桥区',2,0,4524273,'\0'),(4524276,'2013-07-30 15:39:27','\0','潮安县',2,0,4524273,'\0'),(4524277,'2013-07-30 15:39:27','\0','饶平县',2,0,4524273,'\0'),(4524278,'2013-07-30 15:39:27','\0','揭阳市',1,0,4524130,'\0'),(4524279,'2013-07-30 15:39:28','\0','市辖区',2,0,4524278,'\0'),(4524280,'2013-07-30 15:39:28','\0','榕城区',2,0,4524278,'\0'),(4524281,'2013-07-30 15:39:28','\0','揭东县',2,0,4524278,'\0'),(4524282,'2013-07-30 15:39:28','\0','揭西县',2,0,4524278,'\0'),(4524283,'2013-07-30 15:39:28','\0','惠来县',2,0,4524278,'\0'),(4524284,'2013-07-30 15:39:28','\0','普宁市',2,0,4524278,'\0'),(4524285,'2013-07-30 15:39:28','\0','云浮市',1,0,4524130,'\0'),(4524286,'2013-07-30 15:39:28','\0','市辖区',2,0,4524285,'\0'),(4524287,'2013-07-30 15:39:28','\0','云城区',2,0,4524285,'\0'),(4524288,'2013-07-30 15:39:28','\0','新兴县',2,0,4524285,'\0'),(4524289,'2013-07-30 15:39:28','\0','郁南县',2,0,4524285,'\0'),(4524290,'2013-07-30 15:39:28','\0','云安县',2,0,4524285,'\0'),(4524291,'2013-07-30 15:39:28','\0','罗定市',2,0,4524285,'\0'),(4524292,'2013-07-30 15:39:29','\0','广西壮族自治区',0,0,NULL,'\0'),(4524293,'2013-07-30 15:39:29','\0','南宁市',1,0,4524292,'\0'),(4524294,'2013-07-30 15:39:29','\0','市辖区',2,0,4524293,'\0'),(4524295,'2013-07-30 15:39:29','\0','兴宁区',2,0,4524293,'\0'),(4524296,'2013-07-30 15:39:29','\0','青秀区',2,0,4524293,'\0'),(4524297,'2013-07-30 15:39:29','\0','江南区',2,0,4524293,'\0'),(4524298,'2013-07-30 15:39:29','\0','西乡塘区',2,0,4524293,'\0'),(4524299,'2013-07-30 15:39:29','\0','良庆区',2,0,4524293,'\0'),(4524300,'2013-07-30 15:39:29','\0','邕宁区',2,0,4524293,'\0'),(4524301,'2013-07-30 15:39:29','\0','武鸣县',2,0,4524293,'\0'),(4524302,'2013-07-30 15:39:29','\0','隆安县',2,0,4524293,'\0'),(4524303,'2013-07-30 15:39:29','\0','马山县',2,0,4524293,'\0'),(4524304,'2013-07-30 15:39:30','\0','上林县',2,0,4524293,'\0'),(4524305,'2013-07-30 15:39:30','\0','宾阳县',2,0,4524293,'\0'),(4524306,'2013-07-30 15:39:30','\0','横县',2,0,4524293,'\0'),(4524307,'2013-07-30 15:39:30','\0','柳州市',1,0,4524292,'\0'),(4524308,'2013-07-30 15:39:30','\0','市辖区',2,0,4524307,'\0'),(4524309,'2013-07-30 15:39:30','\0','城中区',2,0,4524307,'\0'),(4524310,'2013-07-30 15:39:30','\0','鱼峰区',2,0,4524307,'\0'),(4524311,'2013-07-30 15:39:30','\0','柳南区',2,0,4524307,'\0'),(4524312,'2013-07-30 15:39:30','\0','柳北区',2,0,4524307,'\0'),(4524313,'2013-07-30 15:39:30','\0','柳江县',2,0,4524307,'\0'),(4524314,'2013-07-30 15:39:30','\0','柳城县',2,0,4524307,'\0'),(4524315,'2013-07-30 15:39:30','\0','鹿寨县',2,0,4524307,'\0'),(4524316,'2013-07-30 15:39:30','\0','融安县',2,0,4524307,'\0'),(4524317,'2013-07-30 15:39:30','\0','融水苗族自治县',2,0,4524307,'\0'),(4524318,'2013-07-30 15:39:31','\0','三江侗族自治县',2,0,4524307,'\0'),(4524319,'2013-07-30 15:39:31','\0','桂林市',1,0,4524292,'\0'),(4524320,'2013-07-30 15:39:31','\0','市辖区',2,0,4524319,'\0'),(4524321,'2013-07-30 15:39:31','\0','秀峰区',2,0,4524319,'\0'),(4524322,'2013-07-30 15:39:31','\0','叠彩区',2,0,4524319,'\0'),(4524323,'2013-07-30 15:39:31','\0','象山区',2,0,4524319,'\0'),(4524324,'2013-07-30 15:39:31','\0','七星区',2,0,4524319,'\0'),(4524325,'2013-07-30 15:39:31','\0','雁山区',2,0,4524319,'\0'),(4524326,'2013-07-30 15:39:31','\0','阳朔县',2,0,4524319,'\0'),(4524327,'2013-07-30 15:39:31','\0','临桂县',2,0,4524319,'\0'),(4524328,'2013-07-30 15:39:31','\0','灵川县',2,0,4524319,'\0'),(4524329,'2013-07-30 15:39:31','\0','全州县',2,0,4524319,'\0'),(4524330,'2013-07-30 15:39:31','\0','兴安县',2,0,4524319,'\0'),(4524331,'2013-07-30 15:39:32','\0','永福县',2,0,4524319,'\0'),(4524332,'2013-07-30 15:39:32','\0','灌阳县',2,0,4524319,'\0'),(4524333,'2013-07-30 15:39:32','\0','龙胜各族自治县',2,0,4524319,'\0'),(4524334,'2013-07-30 15:39:32','\0','资源县',2,0,4524319,'\0'),(4524335,'2013-07-30 15:39:32','\0','平乐县',2,0,4524319,'\0'),(4524336,'2013-07-30 15:39:32','\0','荔蒲县',2,0,4524319,'\0'),(4524337,'2013-07-30 15:39:32','\0','恭城瑶族自治县',2,0,4524319,'\0'),(4524338,'2013-07-30 15:39:32','\0','梧州市',1,0,4524292,'\0'),(4524339,'2013-07-30 15:39:32','\0','市辖区',2,0,4524338,'\0'),(4524340,'2013-07-30 15:39:32','\0','万秀区',2,0,4524338,'\0'),(4524341,'2013-07-30 15:39:32','\0','蝶山区',2,0,4524338,'\0'),(4524342,'2013-07-30 15:39:32','\0','长洲区',2,0,4524338,'\0'),(4524343,'2013-07-30 15:39:33','\0','苍梧县',2,0,4524338,'\0'),(4524344,'2013-07-30 15:39:33','\0','藤县',2,0,4524338,'\0'),(4524345,'2013-07-30 15:39:33','\0','蒙山县',2,0,4524338,'\0'),(4524346,'2013-07-30 15:39:33','\0','岑溪市',2,0,4524338,'\0'),(4524347,'2013-07-30 15:39:33','\0','北海市',1,0,4524292,'\0'),(4524348,'2013-07-30 15:39:33','\0','市辖区',2,0,4524347,'\0'),(4524349,'2013-07-30 15:39:33','\0','海城区',2,0,4524347,'\0'),(4524350,'2013-07-30 15:39:33','\0','银海区',2,0,4524347,'\0'),(4524351,'2013-07-30 15:39:33','\0','铁山港区',2,0,4524347,'\0'),(4524352,'2013-07-30 15:39:33','\0','合浦县',2,0,4524347,'\0'),(4524353,'2013-07-30 15:39:33','\0','防城港市',1,0,4524292,'\0'),(4524354,'2013-07-30 15:39:34','\0','市辖区',2,0,4524353,'\0'),(4524355,'2013-07-30 15:39:34','\0','港口区',2,0,4524353,'\0'),(4524356,'2013-07-30 15:39:34','\0','防城区',2,0,4524353,'\0'),(4524357,'2013-07-30 15:39:34','\0','上思县',2,0,4524353,'\0'),(4524358,'2013-07-30 15:39:34','\0','东兴市',2,0,4524353,'\0'),(4524359,'2013-07-30 15:39:34','\0','钦州市',1,0,4524292,'\0'),(4524360,'2013-07-30 15:39:34','\0','市辖区',2,0,4524359,'\0'),(4524361,'2013-07-30 15:39:34','\0','钦南区',2,0,4524359,'\0'),(4524362,'2013-07-30 15:39:34','\0','钦北区',2,0,4524359,'\0'),(4524363,'2013-07-30 15:39:34','\0','灵山县',2,0,4524359,'\0'),(4524364,'2013-07-30 15:39:34','\0','浦北县',2,0,4524359,'\0'),(4524365,'2013-07-30 15:39:34','\0','贵港市',1,0,4524292,'\0'),(4524366,'2013-07-30 15:39:34','\0','市辖区',2,0,4524365,'\0'),(4524367,'2013-07-30 15:39:35','\0','港北区',2,0,4524365,'\0'),(4524368,'2013-07-30 15:39:35','\0','港南区',2,0,4524365,'\0'),(4524369,'2013-07-30 15:39:35','\0','覃塘区',2,0,4524365,'\0'),(4524370,'2013-07-30 15:39:35','\0','平南县',2,0,4524365,'\0'),(4524371,'2013-07-30 15:39:35','\0','桂平市',2,0,4524365,'\0'),(4524372,'2013-07-30 15:39:35','\0','玉林市',1,0,4524292,'\0'),(4524373,'2013-07-30 15:39:35','\0','市辖区',2,0,4524372,'\0'),(4524374,'2013-07-30 15:39:35','\0','玉州区',2,0,4524372,'\0'),(4524375,'2013-07-30 15:39:35','\0','容县',2,0,4524372,'\0'),(4524376,'2013-07-30 15:39:35','\0','陆川县',2,0,4524372,'\0'),(4524377,'2013-07-30 15:39:35','\0','博白县',2,0,4524372,'\0'),(4524378,'2013-07-30 15:39:35','\0','兴业县',2,0,4524372,'\0'),(4524379,'2013-07-30 15:39:35','\0','北流市',2,0,4524372,'\0'),(4524380,'2013-07-30 15:39:35','\0','百色市',1,0,4524292,'\0'),(4524381,'2013-07-30 15:39:36','\0','市辖区',2,0,4524380,'\0'),(4524382,'2013-07-30 15:39:36','\0','右江区',2,0,4524380,'\0'),(4524383,'2013-07-30 15:39:36','\0','田阳县',2,0,4524380,'\0'),(4524384,'2013-07-30 15:39:36','\0','田东县',2,0,4524380,'\0'),(4524385,'2013-07-30 15:39:36','\0','平果县',2,0,4524380,'\0'),(4524386,'2013-07-30 15:39:36','\0','德保县',2,0,4524380,'\0'),(4524387,'2013-07-30 15:39:36','\0','靖西县',2,0,4524380,'\0'),(4524388,'2013-07-30 15:39:36','\0','那坡县',2,0,4524380,'\0'),(4524389,'2013-07-30 15:39:36','\0','凌云县',2,0,4524380,'\0'),(4524390,'2013-07-30 15:39:36','\0','乐业县',2,0,4524380,'\0'),(4524391,'2013-07-30 15:39:36','\0','田林县',2,0,4524380,'\0'),(4524392,'2013-07-30 15:39:36','\0','西林县',2,0,4524380,'\0'),(4524393,'2013-07-30 15:39:36','\0','隆林各族自治县',2,0,4524380,'\0'),(4524394,'2013-07-30 15:39:37','\0','贺州市',1,0,4524292,'\0'),(4524395,'2013-07-30 15:39:37','\0','市辖区',2,0,4524394,'\0'),(4524396,'2013-07-30 15:39:37','\0','八步区',2,0,4524394,'\0'),(4524397,'2013-07-30 15:39:37','\0','平桂管理区',2,0,4524394,'\0'),(4524398,'2013-07-30 15:39:37','\0','昭平县',2,0,4524394,'\0'),(4524399,'2013-07-30 15:39:37','\0','钟山县',2,0,4524394,'\0'),(4524400,'2013-07-30 15:39:37','\0','富川瑶族自治县',2,0,4524394,'\0'),(4524401,'2013-07-30 15:39:37','\0','河池市',1,0,4524292,'\0'),(4524402,'2013-07-30 15:39:37','\0','市辖区',2,0,4524401,'\0'),(4524403,'2013-07-30 15:39:37','\0','金城江区',2,0,4524401,'\0'),(4524404,'2013-07-30 15:39:37','\0','南丹县',2,0,4524401,'\0'),(4524405,'2013-07-30 15:39:37','\0','天峨县',2,0,4524401,'\0'),(4524406,'2013-07-30 15:39:37','\0','凤山县',2,0,4524401,'\0'),(4524407,'2013-07-30 15:39:38','\0','东兰县',2,0,4524401,'\0'),(4524408,'2013-07-30 15:39:38','\0','罗城仫佬族自治县',2,0,4524401,'\0'),(4524409,'2013-07-30 15:39:38','\0','环江毛南族自治县',2,0,4524401,'\0'),(4524410,'2013-07-30 15:39:38','\0','巴马瑶族自治县',2,0,4524401,'\0'),(4524411,'2013-07-30 15:39:38','\0','都安瑶族自治县',2,0,4524401,'\0'),(4524412,'2013-07-30 15:39:38','\0','大化瑶族自治县',2,0,4524401,'\0'),(4524413,'2013-07-30 15:39:38','\0','宜州市',2,0,4524401,'\0'),(4524414,'2013-07-30 15:39:38','\0','来宾市',1,0,4524292,'\0'),(4524415,'2013-07-30 15:39:38','\0','市辖区',2,0,4524414,'\0'),(4524416,'2013-07-30 15:39:38','\0','兴宾区',2,0,4524414,'\0'),(4524417,'2013-07-30 15:39:38','\0','忻城县',2,0,4524414,'\0'),(4524418,'2013-07-30 15:39:38','\0','象州县',2,0,4524414,'\0'),(4524419,'2013-07-30 15:39:38','\0','武宣县',2,0,4524414,'\0'),(4524420,'2013-07-30 15:39:39','\0','金秀瑶族自治县',2,0,4524414,'\0'),(4524421,'2013-07-30 15:39:39','\0','合山市',2,0,4524414,'\0'),(4524422,'2013-07-30 15:39:39','\0','崇左市',1,0,4524292,'\0'),(4524423,'2013-07-30 15:39:39','\0','市辖区',2,0,4524422,'\0'),(4524424,'2013-07-30 15:39:39','\0','江洲区',2,0,4524422,'\0'),(4524425,'2013-07-30 15:39:39','\0','扶绥县',2,0,4524422,'\0'),(4524426,'2013-07-30 15:39:39','\0','宁明县',2,0,4524422,'\0'),(4524427,'2013-07-30 15:39:39','\0','龙州县',2,0,4524422,'\0'),(4524428,'2013-07-30 15:39:39','\0','大新县',2,0,4524422,'\0'),(4524429,'2013-07-30 15:39:39','\0','天等县',2,0,4524422,'\0'),(4524430,'2013-07-30 15:39:39','\0','凭祥市',2,0,4524422,'\0'),(4524431,'2013-07-30 15:39:39','\0','海南省',0,0,NULL,'\0'),(4524432,'2013-07-30 15:39:39','\0','海口市',1,0,4524431,'\0'),(4524433,'2013-07-30 15:39:40','\0','市辖区',2,0,4524432,'\0'),(4524434,'2013-07-30 15:39:40','\0','秀英区',2,0,4524432,'\0'),(4524435,'2013-07-30 15:39:40','\0','龙华区',2,0,4524432,'\0'),(4524436,'2013-07-30 15:39:40','\0','琼山区',2,0,4524432,'\0'),(4524437,'2013-07-30 15:39:40','\0','美兰区',2,0,4524432,'\0'),(4524438,'2013-07-30 15:39:40','\0','三亚市',1,0,4524431,'\0'),(4524439,'2013-07-30 15:39:40','\0','市辖区',2,0,4524438,'\0'),(4524440,'2013-07-30 15:39:40','\0','省直辖县级行政区划',1,0,4524431,'\0'),(4524441,'2013-07-30 15:39:40','\0','五指山市',2,0,4524440,'\0'),(4524442,'2013-07-30 15:39:40','\0','琼海市',2,0,4524440,'\0'),(4524443,'2013-07-30 15:39:40','\0','儋州市',2,0,4524440,'\0'),(4524444,'2013-07-30 15:39:40','\0','文昌市',2,0,4524440,'\0'),(4524445,'2013-07-30 15:39:40','\0','万宁市',2,0,4524440,'\0'),(4524446,'2013-07-30 15:39:41','\0','东方市',2,0,4524440,'\0'),(4524447,'2013-07-30 15:39:41','\0','定安县',2,0,4524440,'\0'),(4524448,'2013-07-30 15:39:41','\0','屯昌县',2,0,4524440,'\0'),(4524449,'2013-07-30 15:39:41','\0','澄迈县',2,0,4524440,'\0'),(4524450,'2013-07-30 15:39:41','\0','临高县',2,0,4524440,'\0'),(4524451,'2013-07-30 15:39:41','\0','白沙黎族自治县',2,0,4524440,'\0'),(4524452,'2013-07-30 15:39:41','\0','昌江黎族自治县',2,0,4524440,'\0'),(4524453,'2013-07-30 15:39:41','\0','乐东黎族自治县',2,0,4524440,'\0'),(4524454,'2013-07-30 15:39:41','\0','陵水黎族自治县',2,0,4524440,'\0'),(4524455,'2013-07-30 15:39:41','\0','保亭黎族苗族自治县',2,0,4524440,'\0'),(4524456,'2013-07-30 15:39:41','\0','琼中黎族苗族自治县',2,0,4524440,'\0'),(4524457,'2013-07-30 15:39:41','\0','西沙群岛',2,0,4524440,'\0'),(4524458,'2013-07-30 15:39:41','\0','南沙群岛',2,0,4524440,'\0'),(4524459,'2013-07-30 15:39:42','\0','中沙群岛的岛礁及其海域',2,0,4524440,'\0'),(4524460,'2013-07-30 15:39:42','\0','重庆市',0,0,NULL,''),(4524461,'2013-07-30 15:39:42','\0','重庆市',1,0,4524460,'\0'),(4524462,'2013-07-30 15:39:42','\0','万州区',2,0,4524461,'\0'),(4524463,'2013-07-30 15:39:42','\0','涪陵区',2,0,4524461,'\0'),(4524464,'2013-07-30 15:39:42','\0','渝中区',2,0,4524461,'\0'),(4524465,'2013-07-30 15:39:42','\0','大渡口区',2,0,4524461,'\0'),(4524466,'2013-07-30 15:39:42','\0','江北区',2,0,4524461,'\0'),(4524467,'2013-07-30 15:39:42','\0','沙坪坝区',2,0,4524461,'\0'),(4524468,'2013-07-30 15:39:42','\0','九龙坡区',2,0,4524461,'\0'),(4524469,'2013-07-30 15:39:42','\0','南岸区',2,0,4524461,'\0'),(4524470,'2013-07-30 15:39:42','\0','北碚区',2,0,4524461,'\0'),(4524471,'2013-07-30 15:39:43','\0','万盛区',2,0,4524461,'\0'),(4524472,'2013-07-30 15:39:43','\0','双桥区',2,0,4524461,'\0'),(4524473,'2013-07-30 15:39:43','\0','渝北区',2,0,4524461,'\0'),(4524474,'2013-07-30 15:39:43','\0','巴南区',2,0,4524461,'\0'),(4524475,'2013-07-30 15:39:43','\0','黔江区',2,0,4524461,'\0'),(4524476,'2013-07-30 15:39:43','\0','长寿区',2,0,4524461,'\0'),(4524477,'2013-07-30 15:39:43','\0','江津区',2,0,4524461,'\0'),(4524478,'2013-07-30 15:39:43','\0','合川区',2,0,4524461,'\0'),(4524479,'2013-07-30 15:39:43','\0','永川区',2,0,4524461,'\0'),(4524480,'2013-07-30 15:39:43','\0','南川区',2,0,4524461,'\0'),(4524482,'2013-07-30 15:39:43','\0','綦江县',2,0,4524461,'\0'),(4524483,'2013-07-30 15:39:44','\0','潼南县',2,0,4524461,'\0'),(4524484,'2013-07-30 15:39:44','\0','铜梁县',2,0,4524461,'\0'),(4524485,'2013-07-30 15:39:44','\0','大足县',2,0,4524461,'\0'),(4524486,'2013-07-30 15:39:44','\0','荣昌县',2,0,4524461,'\0'),(4524487,'2013-07-30 15:39:44','\0','璧山县',2,0,4524461,'\0'),(4524488,'2013-07-30 15:39:44','\0','梁平县',2,0,4524461,'\0'),(4524489,'2013-07-30 15:39:44','\0','城口县',2,0,4524461,'\0'),(4524490,'2013-07-30 15:39:44','\0','丰都县',2,0,4524461,'\0'),(4524491,'2013-07-30 15:39:44','\0','垫江县',2,0,4524461,'\0'),(4524492,'2013-07-30 15:39:44','\0','武隆县',2,0,4524461,'\0'),(4524493,'2013-07-30 15:39:44','\0','忠县',2,0,4524461,'\0'),(4524494,'2013-07-30 15:39:44','\0','开县',2,0,4524461,'\0'),(4524495,'2013-07-30 15:39:44','\0','云阳县',2,0,4524461,'\0'),(4524496,'2013-07-30 15:39:45','\0','奉节县',2,0,4524461,'\0'),(4524497,'2013-07-30 15:39:45','\0','巫山县',2,0,4524461,'\0'),(4524498,'2013-07-30 15:39:45','\0','巫溪县',2,0,4524461,'\0'),(4524499,'2013-07-30 15:39:45','\0','石柱土家族自治县',2,0,4524461,'\0'),(4524500,'2013-07-30 15:39:45','\0','秀山土家族苗族自治县',2,0,4524461,'\0'),(4524501,'2013-07-30 15:39:45','\0','酉阳土家族苗族自治县',2,0,4524461,'\0'),(4524502,'2013-07-30 15:39:45','\0','彭水苗族土家族自治县',2,0,4524461,'\0'),(4524503,'2013-07-30 15:39:45','\0','四川省',0,0,NULL,'\0'),(4524504,'2013-07-30 15:39:45','\0','成都市',1,0,4524503,'\0'),(4524505,'2013-07-30 15:39:45','\0','市辖区',2,0,4524504,'\0'),(4524506,'2013-07-30 15:39:45','\0','锦江区',2,0,4524504,'\0'),(4524507,'2013-07-30 15:39:45','\0','青羊区',2,0,4524504,'\0'),(4524508,'2013-07-30 15:39:45','\0','金牛区',2,0,4524504,'\0'),(4524509,'2013-07-30 15:39:46','\0','武侯区',2,0,4524504,'\0'),(4524510,'2013-07-30 15:39:46','\0','成华区',2,0,4524504,'\0'),(4524511,'2013-07-30 15:39:46','\0','龙泉驿区',2,0,4524504,'\0'),(4524512,'2013-07-30 15:39:46','\0','青白江区',2,0,4524504,'\0'),(4524513,'2013-07-30 15:39:46','\0','新都区',2,0,4524504,'\0'),(4524514,'2013-07-30 15:39:46','\0','温江区',2,0,4524504,'\0'),(4524515,'2013-07-30 15:39:46','\0','金堂县',2,0,4524504,'\0'),(4524516,'2013-07-30 15:39:46','\0','双流县',2,0,4524504,'\0'),(4524517,'2013-07-30 15:39:46','\0','郫县',2,0,4524504,'\0'),(4524518,'2013-07-30 15:39:46','\0','大邑县',2,0,4524504,'\0'),(4524519,'2013-07-30 15:39:46','\0','蒲江县',2,0,4524504,'\0'),(4524520,'2013-07-30 15:39:46','\0','新津县',2,0,4524504,'\0'),(4524521,'2013-07-30 15:39:47','\0','都江堰市',2,0,4524504,'\0'),(4524522,'2013-07-30 15:39:47','\0','彭州市',2,0,4524504,'\0'),(4524523,'2013-07-30 15:39:47','\0','邛崃市',2,0,4524504,'\0'),(4524524,'2013-07-30 15:39:47','\0','崇州市',2,0,4524504,'\0'),(4524525,'2013-07-30 15:39:47','\0','自贡市',1,0,4524503,'\0'),(4524526,'2013-07-30 15:39:47','\0','市辖区',2,0,4524525,'\0'),(4524527,'2013-07-30 15:39:47','\0','自流井区',2,0,4524525,'\0'),(4524528,'2013-07-30 15:39:47','\0','贡井区',2,0,4524525,'\0'),(4524529,'2013-07-30 15:39:47','\0','大安区',2,0,4524525,'\0'),(4524530,'2013-07-30 15:39:47','\0','沿滩区',2,0,4524525,'\0'),(4524531,'2013-07-30 15:39:47','\0','荣县',2,0,4524525,'\0'),(4524532,'2013-07-30 15:39:47','\0','富顺县',2,0,4524525,'\0'),(4524533,'2013-07-30 15:39:48','\0','攀枝花市',1,0,4524503,'\0'),(4524534,'2013-07-30 15:39:48','\0','市辖区',2,0,4524533,'\0'),(4524535,'2013-07-30 15:39:48','\0','东区',2,0,4524533,'\0'),(4524536,'2013-07-30 15:39:48','\0','西区',2,0,4524533,'\0'),(4524537,'2013-07-30 15:39:48','\0','仁和区',2,0,4524533,'\0'),(4524538,'2013-07-30 15:39:48','\0','米易县',2,0,4524533,'\0'),(4524539,'2013-07-30 15:39:48','\0','盐边县',2,0,4524533,'\0'),(4524540,'2013-07-30 15:39:48','\0','泸州市',1,0,4524503,'\0'),(4524541,'2013-07-30 15:39:48','\0','市辖区',2,0,4524540,'\0'),(4524542,'2013-07-30 15:39:48','\0','江阳区',2,0,4524540,'\0'),(4524543,'2013-07-30 15:39:48','\0','纳溪区',2,0,4524540,'\0'),(4524544,'2013-07-30 15:39:48','\0','龙马潭区',2,0,4524540,'\0'),(4524545,'2013-07-30 15:39:48','\0','泸县',2,0,4524540,'\0'),(4524546,'2013-07-30 15:39:49','\0','合江县',2,0,4524540,'\0'),(4524547,'2013-07-30 15:39:49','\0','叙永县',2,0,4524540,'\0'),(4524548,'2013-07-30 15:39:49','\0','古蔺县',2,0,4524540,'\0'),(4524549,'2013-07-30 15:39:49','\0','德阳市',1,0,4524503,'\0'),(4524550,'2013-07-30 15:39:49','\0','市辖区',2,0,4524549,'\0'),(4524551,'2013-07-30 15:39:49','\0','旌阳区',2,0,4524549,'\0'),(4524552,'2013-07-30 15:39:49','\0','中江县',2,0,4524549,'\0'),(4524553,'2013-07-30 15:39:49','\0','罗江县',2,0,4524549,'\0'),(4524554,'2013-07-30 15:39:49','\0','广汉市',2,0,4524549,'\0'),(4524555,'2013-07-30 15:39:49','\0','什邡市',2,0,4524549,'\0'),(4524556,'2013-07-30 15:39:49','\0','绵竹市',2,0,4524549,'\0'),(4524557,'2013-07-30 15:39:49','\0','绵阳市',1,0,4524503,'\0'),(4524558,'2013-07-30 15:39:50','\0','市辖区',2,0,4524557,'\0'),(4524559,'2013-07-30 15:39:50','\0','涪城区',2,0,4524557,'\0'),(4524560,'2013-07-30 15:39:50','\0','游仙区',2,0,4524557,'\0'),(4524561,'2013-07-30 15:39:50','\0','三台县',2,0,4524557,'\0'),(4524562,'2013-07-30 15:39:50','\0','盐亭县',2,0,4524557,'\0'),(4524563,'2013-07-30 15:39:50','\0','安县',2,0,4524557,'\0'),(4524564,'2013-07-30 15:39:50','\0','梓潼县',2,0,4524557,'\0'),(4524565,'2013-07-30 15:39:50','\0','北川羌族自治县',2,0,4524557,'\0'),(4524566,'2013-07-30 15:39:50','\0','平武县',2,0,4524557,'\0'),(4524567,'2013-07-30 15:39:50','\0','江油市',2,0,4524557,'\0'),(4524568,'2013-07-30 15:39:50','\0','广元市',1,0,4524503,'\0'),(4524569,'2013-07-30 15:39:50','\0','市辖区',2,0,4524568,'\0'),(4524570,'2013-07-30 15:39:50','\0','利州区',2,0,4524568,'\0'),(4524571,'2013-07-30 15:39:51','\0','元坝区',2,0,4524568,'\0'),(4524572,'2013-07-30 15:39:51','\0','朝天区',2,0,4524568,'\0'),(4524573,'2013-07-30 15:39:51','\0','旺苍县',2,0,4524568,'\0'),(4524574,'2013-07-30 15:39:51','\0','青川县',2,0,4524568,'\0'),(4524575,'2013-07-30 15:39:51','\0','剑阁县',2,0,4524568,'\0'),(4524576,'2013-07-30 15:39:51','\0','苍溪县',2,0,4524568,'\0'),(4524577,'2013-07-30 15:39:51','\0','遂宁市',1,0,4524503,'\0'),(4524578,'2013-07-30 15:39:51','\0','市辖区',2,0,4524577,'\0'),(4524579,'2013-07-30 15:39:51','\0','船山区',2,0,4524577,'\0'),(4524580,'2013-07-30 15:39:51','\0','安居区',2,0,4524577,'\0'),(4524581,'2013-07-30 15:39:51','\0','蓬溪县',2,0,4524577,'\0'),(4524582,'2013-07-30 15:39:51','\0','射洪县',2,0,4524577,'\0'),(4524583,'2013-07-30 15:39:52','\0','大英县',2,0,4524577,'\0'),(4524584,'2013-07-30 15:39:52','\0','内江市',1,0,4524503,'\0'),(4524585,'2013-07-30 15:39:52','\0','市辖区',2,0,4524584,'\0'),(4524586,'2013-07-30 15:39:52','\0','市中区',2,0,4524584,'\0'),(4524587,'2013-07-30 15:39:52','\0','东兴区',2,0,4524584,'\0'),(4524588,'2013-07-30 15:39:52','\0','威远县',2,0,4524584,'\0'),(4524589,'2013-07-30 15:39:52','\0','资中县',2,0,4524584,'\0'),(4524590,'2013-07-30 15:39:52','\0','隆昌县',2,0,4524584,'\0'),(4524591,'2013-07-30 15:39:52','\0','乐山市',1,0,4524503,'\0'),(4524592,'2013-07-30 15:39:52','\0','市辖区',2,0,4524591,'\0'),(4524593,'2013-07-30 15:39:52','\0','市中区',2,0,4524591,'\0'),(4524594,'2013-07-30 15:39:52','\0','沙湾区',2,0,4524591,'\0'),(4524595,'2013-07-30 15:39:52','\0','五通桥区',2,0,4524591,'\0'),(4524596,'2013-07-30 15:39:53','\0','金口河区',2,0,4524591,'\0'),(4524597,'2013-07-30 15:39:53','\0','犍为县',2,0,4524591,'\0'),(4524598,'2013-07-30 15:39:53','\0','井研县',2,0,4524591,'\0'),(4524599,'2013-07-30 15:39:53','\0','夹江县',2,0,4524591,'\0'),(4524600,'2013-07-30 15:39:53','\0','沐川县',2,0,4524591,'\0'),(4524601,'2013-07-30 15:39:53','\0','峨边彝族自治县',2,0,4524591,'\0'),(4524602,'2013-07-30 15:39:53','\0','马边彝族自治县',2,0,4524591,'\0'),(4524603,'2013-07-30 15:39:53','\0','峨眉山市',2,0,4524591,'\0'),(4524604,'2013-07-30 15:39:53','\0','南充市',1,0,4524503,'\0'),(4524605,'2013-07-30 15:39:54','\0','市辖区',2,0,4524604,'\0'),(4524606,'2013-07-30 15:39:54','\0','顺庆区',2,0,4524604,'\0'),(4524607,'2013-07-30 15:39:54','\0','高坪区',2,0,4524604,'\0'),(4524608,'2013-07-30 15:39:54','\0','嘉陵区',2,0,4524604,'\0'),(4524609,'2013-07-30 15:39:54','\0','南部县',2,0,4524604,'\0'),(4524610,'2013-07-30 15:39:54','\0','营山县',2,0,4524604,'\0'),(4524611,'2013-07-30 15:39:54','\0','蓬安县',2,0,4524604,'\0'),(4524612,'2013-07-30 15:39:54','\0','仪陇县',2,0,4524604,'\0'),(4524613,'2013-07-30 15:39:54','\0','西充县',2,0,4524604,'\0'),(4524614,'2013-07-30 15:39:54','\0','阆中市',2,0,4524604,'\0'),(4524615,'2013-07-30 15:39:54','\0','眉山市',1,0,4524503,'\0'),(4524616,'2013-07-30 15:39:54','\0','市辖区',2,0,4524615,'\0'),(4524617,'2013-07-30 15:39:55','\0','东坡区',2,0,4524615,'\0'),(4524618,'2013-07-30 15:39:55','\0','仁寿县',2,0,4524615,'\0'),(4524619,'2013-07-30 15:39:55','\0','彭山县',2,0,4524615,'\0'),(4524620,'2013-07-30 15:39:55','\0','洪雅县',2,0,4524615,'\0'),(4524621,'2013-07-30 15:39:55','\0','丹棱县',2,0,4524615,'\0'),(4524622,'2013-07-30 15:39:55','\0','青神县',2,0,4524615,'\0'),(4524623,'2013-07-30 15:39:55','\0','宜宾市',1,0,4524503,'\0'),(4524624,'2013-07-30 15:39:55','\0','市辖区',2,0,4524623,'\0'),(4524625,'2013-07-30 15:39:55','\0','翠屏区',2,0,4524623,'\0'),(4524626,'2013-07-30 15:39:55','\0','宜宾县',2,0,4524623,'\0'),(4524627,'2013-07-30 15:39:55','\0','南溪县',2,0,4524623,'\0'),(4524628,'2013-07-30 15:39:55','\0','江安县',2,0,4524623,'\0'),(4524629,'2013-07-30 15:39:55','\0','长宁县',2,0,4524623,'\0'),(4524630,'2013-07-30 15:39:56','\0','高县',2,0,4524623,'\0'),(4524631,'2013-07-30 15:39:56','\0','珙县',2,0,4524623,'\0'),(4524632,'2013-07-30 15:39:56','\0','筠连县',2,0,4524623,'\0'),(4524633,'2013-07-30 15:39:56','\0','兴文县',2,0,4524623,'\0'),(4524634,'2013-07-30 15:39:56','\0','屏山县',2,0,4524623,'\0'),(4524635,'2013-07-30 15:39:56','\0','广安市',1,0,4524503,'\0'),(4524636,'2013-07-30 15:39:56','\0','市辖区',2,0,4524635,'\0'),(4524637,'2013-07-30 15:39:56','\0','广安区',2,0,4524635,'\0'),(4524638,'2013-07-30 15:39:56','\0','岳池县',2,0,4524635,'\0'),(4524639,'2013-07-30 15:39:56','\0','武胜县',2,0,4524635,'\0'),(4524640,'2013-07-30 15:39:56','\0','邻水县',2,0,4524635,'\0'),(4524641,'2013-07-30 15:39:56','\0','华蓥市',2,0,4524635,'\0'),(4524642,'2013-07-30 15:39:56','\0','达州市',1,0,4524503,'\0'),(4524643,'2013-07-30 15:39:57','\0','市辖区',2,0,4524642,'\0'),(4524644,'2013-07-30 15:39:57','\0','通川区',2,0,4524642,'\0'),(4524645,'2013-07-30 15:39:57','\0','达县',2,0,4524642,'\0'),(4524646,'2013-07-30 15:39:57','\0','宣汉县',2,0,4524642,'\0'),(4524647,'2013-07-30 15:39:57','\0','开江县',2,0,4524642,'\0'),(4524648,'2013-07-30 15:39:57','\0','大竹县',2,0,4524642,'\0'),(4524649,'2013-07-30 15:39:57','\0','渠县',2,0,4524642,'\0'),(4524650,'2013-07-30 15:39:57','\0','万源市',2,0,4524642,'\0'),(4524651,'2013-07-30 15:39:57','\0','雅安市',1,0,4524503,'\0'),(4524652,'2013-07-30 15:39:57','\0','市辖区',2,0,4524651,'\0'),(4524653,'2013-07-30 15:39:57','\0','雨城区',2,0,4524651,'\0'),(4524654,'2013-07-30 15:39:57','\0','名山县',2,0,4524651,'\0'),(4524655,'2013-07-30 15:39:58','\0','荥经县',2,0,4524651,'\0'),(4524656,'2013-07-30 15:39:58','\0','汉源县',2,0,4524651,'\0'),(4524657,'2013-07-30 15:39:58','\0','石棉县',2,0,4524651,'\0'),(4524658,'2013-07-30 15:39:58','\0','天全县',2,0,4524651,'\0'),(4524659,'2013-07-30 15:39:58','\0','芦山县',2,0,4524651,'\0'),(4524660,'2013-07-30 15:39:58','\0','宝兴县',2,0,4524651,'\0'),(4524661,'2013-07-30 15:39:58','\0','巴中市',1,0,4524503,'\0'),(4524662,'2013-07-30 15:39:58','\0','市辖区',2,0,4524661,'\0'),(4524663,'2013-07-30 15:39:58','\0','巴州区',2,0,4524661,'\0'),(4524664,'2013-07-30 15:39:58','\0','通江县',2,0,4524661,'\0'),(4524665,'2013-07-30 15:39:58','\0','南江县',2,0,4524661,'\0'),(4524666,'2013-07-30 15:39:58','\0','平昌县',2,0,4524661,'\0'),(4524667,'2013-07-30 15:39:59','\0','资阳市',1,0,4524503,'\0'),(4524668,'2013-07-30 15:39:59','\0','市辖区',2,0,4524667,'\0'),(4524669,'2013-07-30 15:39:59','\0','雁江区',2,0,4524667,'\0'),(4524670,'2013-07-30 15:39:59','\0','安岳县',2,0,4524667,'\0'),(4524671,'2013-07-30 15:39:59','\0','乐至县',2,0,4524667,'\0'),(4524672,'2013-07-30 15:39:59','\0','简阳市',2,0,4524667,'\0'),(4524673,'2013-07-30 15:39:59','\0','阿坝藏族羌族自治州',1,0,4524503,'\0'),(4524674,'2013-07-30 15:39:59','\0','汶川县',2,0,4524673,'\0'),(4524675,'2013-07-30 15:39:59','\0','理县',2,0,4524673,'\0'),(4524676,'2013-07-30 15:39:59','\0','茂县',2,0,4524673,'\0'),(4524677,'2013-07-30 15:39:59','\0','松潘县',2,0,4524673,'\0'),(4524678,'2013-07-30 15:39:59','\0','九寨沟县',2,0,4524673,'\0'),(4524679,'2013-07-30 15:40:00','\0','金川县',2,0,4524673,'\0'),(4524680,'2013-07-30 15:40:00','\0','小金县',2,0,4524673,'\0'),(4524681,'2013-07-30 15:40:00','\0','黑水县',2,0,4524673,'\0'),(4524682,'2013-07-30 15:40:00','\0','马尔康县',2,0,4524673,'\0'),(4524683,'2013-07-30 15:40:00','\0','壤塘县',2,0,4524673,'\0'),(4524684,'2013-07-30 15:40:00','\0','阿坝县',2,0,4524673,'\0'),(4524685,'2013-07-30 15:40:00','\0','若尔盖县',2,0,4524673,'\0'),(4524686,'2013-07-30 15:40:00','\0','红原县',2,0,4524673,'\0'),(4524687,'2013-07-30 15:40:00','\0','甘孜藏族自治州',1,0,4524503,'\0'),(4524688,'2013-07-30 15:40:00','\0','康定县',2,0,4524687,'\0'),(4524689,'2013-07-30 15:40:00','\0','泸定县',2,0,4524687,'\0'),(4524690,'2013-07-30 15:40:00','\0','丹巴县',2,0,4524687,'\0'),(4524691,'2013-07-30 15:40:01','\0','九龙县',2,0,4524687,'\0'),(4524692,'2013-07-30 15:40:01','\0','雅江县',2,0,4524687,'\0'),(4524693,'2013-07-30 15:40:01','\0','道孚县',2,0,4524687,'\0'),(4524694,'2013-07-30 15:40:01','\0','炉霍县',2,0,4524687,'\0'),(4524695,'2013-07-30 15:40:01','\0','甘孜县',2,0,4524687,'\0'),(4524696,'2013-07-30 15:40:01','\0','新龙县',2,0,4524687,'\0'),(4524697,'2013-07-30 15:40:01','\0','德格县',2,0,4524687,'\0'),(4524698,'2013-07-30 15:40:01','\0','白玉县',2,0,4524687,'\0'),(4524699,'2013-07-30 15:40:01','\0','石渠县',2,0,4524687,'\0'),(4524700,'2013-07-30 15:40:01','\0','色达县',2,0,4524687,'\0'),(4524701,'2013-07-30 15:40:01','\0','理塘县',2,0,4524687,'\0'),(4524702,'2013-07-30 15:40:01','\0','巴塘县',2,0,4524687,'\0'),(4524703,'2013-07-30 15:40:02','\0','乡城县',2,0,4524687,'\0'),(4524704,'2013-07-30 15:40:02','\0','稻城县',2,0,4524687,'\0'),(4524705,'2013-07-30 15:40:02','\0','得荣县',2,0,4524687,'\0'),(4524706,'2013-07-30 15:40:02','\0','凉山彝族自治州',1,0,4524503,'\0'),(4524707,'2013-07-30 15:40:02','\0','西昌市',2,0,4524706,'\0'),(4524708,'2013-07-30 15:40:02','\0','木里藏族自治县',2,0,4524706,'\0'),(4524709,'2013-07-30 15:40:02','\0','盐源县',2,0,4524706,'\0'),(4524710,'2013-07-30 15:40:02','\0','德昌县',2,0,4524706,'\0'),(4524711,'2013-07-30 15:40:02','\0','会理县',2,0,4524706,'\0'),(4524712,'2013-07-30 15:40:02','\0','会东县',2,0,4524706,'\0'),(4524713,'2013-07-30 15:40:02','\0','宁南县',2,0,4524706,'\0'),(4524714,'2013-07-30 15:40:02','\0','普格县',2,0,4524706,'\0'),(4524715,'2013-07-30 15:40:03','\0','布拖县',2,0,4524706,'\0'),(4524716,'2013-07-30 15:40:03','\0','金阳县',2,0,4524706,'\0'),(4524717,'2013-07-30 15:40:03','\0','昭觉县',2,0,4524706,'\0'),(4524718,'2013-07-30 15:40:03','\0','喜德县',2,0,4524706,'\0'),(4524719,'2013-07-30 15:40:03','\0','冕宁县',2,0,4524706,'\0'),(4524720,'2013-07-30 15:40:03','\0','越西县',2,0,4524706,'\0'),(4524721,'2013-07-30 15:40:03','\0','甘洛县',2,0,4524706,'\0'),(4524722,'2013-07-30 15:40:03','\0','美姑县',2,0,4524706,'\0'),(4524723,'2013-07-30 15:40:03','\0','雷波县',2,0,4524706,'\0'),(4524724,'2013-07-30 15:40:03','\0','贵州省',0,0,NULL,'\0'),(4524725,'2013-07-30 15:40:03','\0','贵阳市',1,0,4524724,'\0'),(4524726,'2013-07-30 15:40:03','\0','市辖区',2,0,4524725,'\0'),(4524727,'2013-07-30 15:40:04','\0','南明区',2,0,4524725,'\0'),(4524728,'2013-07-30 15:40:04','\0','云岩区',2,0,4524725,'\0'),(4524729,'2013-07-30 15:40:04','\0','花溪区',2,0,4524725,'\0'),(4524730,'2013-07-30 15:40:04','\0','乌当区',2,0,4524725,'\0'),(4524731,'2013-07-30 15:40:04','\0','白云区',2,0,4524725,'\0'),(4524732,'2013-07-30 15:40:04','\0','小河区',2,0,4524725,'\0'),(4524733,'2013-07-30 15:40:04','\0','开阳县',2,0,4524725,'\0'),(4524734,'2013-07-30 15:40:04','\0','息烽县',2,0,4524725,'\0'),(4524735,'2013-07-30 15:40:04','\0','修文县',2,0,4524725,'\0'),(4524736,'2013-07-30 15:40:04','\0','清镇市',2,0,4524725,'\0'),(4524737,'2013-07-30 15:40:05','\0','六盘水市',1,0,4524724,'\0'),(4524738,'2013-07-30 15:40:05','\0','钟山区',2,0,4524737,'\0'),(4524739,'2013-07-30 15:40:05','\0','六枝特区',2,0,4524737,'\0'),(4524740,'2013-07-30 15:40:05','\0','水城县',2,0,4524737,'\0'),(4524741,'2013-07-30 15:40:05','\0','盘县',2,0,4524737,'\0'),(4524742,'2013-07-30 15:40:05','\0','遵义市',1,0,4524724,'\0'),(4524743,'2013-07-30 15:40:05','\0','市辖区',2,0,4524742,'\0'),(4524744,'2013-07-30 15:40:05','\0','红花岗区',2,0,4524742,'\0'),(4524745,'2013-07-30 15:40:05','\0','汇川区',2,0,4524742,'\0'),(4524746,'2013-07-30 15:40:05','\0','遵义县',2,0,4524742,'\0'),(4524747,'2013-07-30 15:40:05','\0','桐梓县',2,0,4524742,'\0'),(4524748,'2013-07-30 15:40:05','\0','绥阳县',2,0,4524742,'\0'),(4524749,'2013-07-30 15:40:06','\0','正安县',2,0,4524742,'\0'),(4524750,'2013-07-30 15:40:06','\0','道真仡佬族苗族自治县',2,0,4524742,'\0'),(4524751,'2013-07-30 15:40:06','\0','务川仡佬族苗族自治县',2,0,4524742,'\0'),(4524752,'2013-07-30 15:40:06','\0','凤冈县',2,0,4524742,'\0'),(4524753,'2013-07-30 15:40:06','\0','湄潭县',2,0,4524742,'\0'),(4524754,'2013-07-30 15:40:06','\0','余庆县',2,0,4524742,'\0'),(4524755,'2013-07-30 15:40:06','\0','习水县',2,0,4524742,'\0'),(4524756,'2013-07-30 15:40:06','\0','赤水市',2,0,4524742,'\0'),(4524757,'2013-07-30 15:40:06','\0','仁怀市',2,0,4524742,'\0'),(4524758,'2013-07-30 15:40:06','\0','安顺市',1,0,4524724,'\0'),(4524759,'2013-07-30 15:40:06','\0','市辖区',2,0,4524758,'\0'),(4524760,'2013-07-30 15:40:07','\0','西秀区',2,0,4524758,'\0'),(4524761,'2013-07-30 15:40:07','\0','平坝县',2,0,4524758,'\0'),(4524762,'2013-07-30 15:40:07','\0','普定县',2,0,4524758,'\0'),(4524763,'2013-07-30 15:40:07','\0','镇宁布依族苗族自治县',2,0,4524758,'\0'),(4524764,'2013-07-30 15:40:07','\0','关岭布依族苗族自治县',2,0,4524758,'\0'),(4524765,'2013-07-30 15:40:07','\0','紫云苗族布依族自治县',2,0,4524758,'\0'),(4524766,'2013-07-30 15:40:07','\0','铜仁地区',1,0,4524724,'\0'),(4524767,'2013-07-30 15:40:07','\0','铜仁市',2,0,4524766,'\0'),(4524768,'2013-07-30 15:40:07','\0','江口县',2,0,4524766,'\0'),(4524769,'2013-07-30 15:40:07','\0','玉屏侗族自治县',2,0,4524766,'\0'),(4524770,'2013-07-30 15:40:07','\0','石阡县',2,0,4524766,'\0'),(4524771,'2013-07-30 15:40:07','\0','思南县',2,0,4524766,'\0'),(4524772,'2013-07-30 15:40:08','\0','印江土家族苗族自治县',2,0,4524766,'\0'),(4524773,'2013-07-30 15:40:08','\0','德江县',2,0,4524766,'\0'),(4524774,'2013-07-30 15:40:08','\0','沿河土家族自治县',2,0,4524766,'\0'),(4524775,'2013-07-30 15:40:08','\0','松桃苗族自治县',2,0,4524766,'\0'),(4524776,'2013-07-30 15:40:08','\0','万山特区',2,0,4524766,'\0'),(4524777,'2013-07-30 15:40:08','\0','黔西南布依族苗族自治州',1,0,4524724,'\0'),(4524778,'2013-07-30 15:40:08','\0','兴义市',2,0,4524777,'\0'),(4524779,'2013-07-30 15:40:08','\0','兴仁县',2,0,4524777,'\0'),(4524780,'2013-07-30 15:40:08','\0','普安县',2,0,4524777,'\0'),(4524781,'2013-07-30 15:40:08','\0','晴隆县',2,0,4524777,'\0'),(4524782,'2013-07-30 15:40:08','\0','贞丰县',2,0,4524777,'\0'),(4524783,'2013-07-30 15:40:08','\0','望谟县',2,0,4524777,'\0'),(4524784,'2013-07-30 15:40:09','\0','册亨县',2,0,4524777,'\0'),(4524785,'2013-07-30 15:40:09','\0','安龙县',2,0,4524777,'\0'),(4524786,'2013-07-30 15:40:09','\0','毕节地区',1,0,4524724,'\0'),(4524787,'2013-07-30 15:40:09','\0','毕节市',2,0,4524786,'\0'),(4524788,'2013-07-30 15:40:09','\0','大方县',2,0,4524786,'\0'),(4524789,'2013-07-30 15:40:09','\0','黔西县',2,0,4524786,'\0'),(4524790,'2013-07-30 15:40:09','\0','金沙县',2,0,4524786,'\0'),(4524791,'2013-07-30 15:40:09','\0','织金县',2,0,4524786,'\0'),(4524792,'2013-07-30 15:40:09','\0','纳雍县',2,0,4524786,'\0'),(4524793,'2013-07-30 15:40:09','\0','威宁彝族回族苗族自治县',2,0,4524786,'\0'),(4524794,'2013-07-30 15:40:09','\0','赫章县',2,0,4524786,'\0'),(4524795,'2013-07-30 15:40:10','\0','黔东南苗族侗族自治州',1,0,4524724,'\0'),(4524796,'2013-07-30 15:40:10','\0','凯里市',2,0,4524795,'\0'),(4524797,'2013-07-30 15:40:10','\0','黄平县',2,0,4524795,'\0'),(4524798,'2013-07-30 15:40:10','\0','施秉县',2,0,4524795,'\0'),(4524799,'2013-07-30 15:40:10','\0','三穗县',2,0,4524795,'\0'),(4524800,'2013-07-30 15:40:10','\0','镇远县',2,0,4524795,'\0'),(4524801,'2013-07-30 15:40:10','\0','岑巩县',2,0,4524795,'\0'),(4524802,'2013-07-30 15:40:10','\0','天柱县',2,0,4524795,'\0'),(4524803,'2013-07-30 15:40:10','\0','锦屏县',2,0,4524795,'\0'),(4524804,'2013-07-30 15:40:10','\0','剑河县',2,0,4524795,'\0'),(4524805,'2013-07-30 15:40:10','\0','台江县',2,0,4524795,'\0'),(4524806,'2013-07-30 15:40:10','\0','黎平县',2,0,4524795,'\0'),(4524807,'2013-07-30 15:40:11','\0','榕江县',2,0,4524795,'\0'),(4524808,'2013-07-30 15:40:11','\0','从江县',2,0,4524795,'\0'),(4524809,'2013-07-30 15:40:11','\0','雷山县',2,0,4524795,'\0'),(4524810,'2013-07-30 15:40:11','\0','麻江县',2,0,4524795,'\0'),(4524811,'2013-07-30 15:40:11','\0','丹寨县',2,0,4524795,'\0'),(4524812,'2013-07-30 15:40:11','\0','黔南布依族苗族自治州',1,0,4524724,'\0'),(4524813,'2013-07-30 15:40:11','\0','都匀市',2,0,4524812,'\0'),(4524814,'2013-07-30 15:40:11','\0','福泉市',2,0,4524812,'\0'),(4524815,'2013-07-30 15:40:11','\0','荔波县',2,0,4524812,'\0'),(4524816,'2013-07-30 15:40:11','\0','贵定县',2,0,4524812,'\0'),(4524817,'2013-07-30 15:40:11','\0','瓮安县',2,0,4524812,'\0'),(4524818,'2013-07-30 15:40:12','\0','独山县',2,0,4524812,'\0'),(4524819,'2013-07-30 15:40:12','\0','平塘县',2,0,4524812,'\0'),(4524820,'2013-07-30 15:40:12','\0','罗甸县',2,0,4524812,'\0'),(4524821,'2013-07-30 15:40:12','\0','长顺县',2,0,4524812,'\0'),(4524822,'2013-07-30 15:40:12','\0','龙里县',2,0,4524812,'\0'),(4524823,'2013-07-30 15:40:12','\0','惠水县',2,0,4524812,'\0'),(4524824,'2013-07-30 15:40:12','\0','三都水族自治县',2,0,4524812,'\0'),(4524825,'2013-07-30 15:40:12','\0','云南省',0,0,NULL,'\0'),(4524826,'2013-07-30 15:40:12','\0','昆明市',1,0,4524825,'\0'),(4524827,'2013-07-30 15:40:12','\0','市辖区',2,0,4524826,'\0'),(4524828,'2013-07-30 15:40:12','\0','五华区',2,0,4524826,'\0'),(4524829,'2013-07-30 15:40:13','\0','盘龙区',2,0,4524826,'\0'),(4524830,'2013-07-30 15:40:13','\0','官渡区',2,0,4524826,'\0'),(4524831,'2013-07-30 15:40:13','\0','西山区',2,0,4524826,'\0'),(4524832,'2013-07-30 15:40:13','\0','东川区',2,0,4524826,'\0'),(4524833,'2013-07-30 15:40:13','\0','呈贡县',2,0,4524826,'\0'),(4524834,'2013-07-30 15:40:13','\0','晋宁县',2,0,4524826,'\0'),(4524835,'2013-07-30 15:40:13','\0','富民县',2,0,4524826,'\0'),(4524836,'2013-07-30 15:40:13','\0','宜良县',2,0,4524826,'\0'),(4524837,'2013-07-30 15:40:13','\0','石林彝族自治县',2,0,4524826,'\0'),(4524838,'2013-07-30 15:40:13','\0','嵩明县',2,0,4524826,'\0'),(4524839,'2013-07-30 15:40:13','\0','禄劝彝族苗族自治县',2,0,4524826,'\0'),(4524840,'2013-07-30 15:40:13','\0','寻甸回族彝族自治县',2,0,4524826,'\0'),(4524841,'2013-07-30 15:40:14','\0','安宁市',2,0,4524826,'\0'),(4524842,'2013-07-30 15:40:14','\0','曲靖市',1,0,4524825,'\0'),(4524843,'2013-07-30 15:40:14','\0','市辖区',2,0,4524842,'\0'),(4524844,'2013-07-30 15:40:14','\0','麒麟区',2,0,4524842,'\0'),(4524845,'2013-07-30 15:40:14','\0','马龙县',2,0,4524842,'\0'),(4524846,'2013-07-30 15:40:14','\0','陆良县',2,0,4524842,'\0'),(4524847,'2013-07-30 15:40:14','\0','师宗县',2,0,4524842,'\0'),(4524848,'2013-07-30 15:40:14','\0','罗平县',2,0,4524842,'\0'),(4524849,'2013-07-30 15:40:14','\0','富源县',2,0,4524842,'\0'),(4524850,'2013-07-30 15:40:14','\0','会泽县',2,0,4524842,'\0'),(4524851,'2013-07-30 15:40:14','\0','沾益县',2,0,4524842,'\0'),(4524852,'2013-07-30 15:40:15','\0','宣威市',2,0,4524842,'\0'),(4524853,'2013-07-30 15:40:15','\0','玉溪市',1,0,4524825,'\0'),(4524854,'2013-07-30 15:40:15','\0','市辖区',2,0,4524853,'\0'),(4524855,'2013-07-30 15:40:15','\0','红塔区',2,0,4524853,'\0'),(4524856,'2013-07-30 15:40:15','\0','江川县',2,0,4524853,'\0'),(4524857,'2013-07-30 15:40:15','\0','澄江县',2,0,4524853,'\0'),(4524858,'2013-07-30 15:40:15','\0','通海县',2,0,4524853,'\0'),(4524859,'2013-07-30 15:40:15','\0','华宁县',2,0,4524853,'\0'),(4524860,'2013-07-30 15:40:15','\0','易门县',2,0,4524853,'\0'),(4524861,'2013-07-30 15:40:15','\0','峨山彝族自治县',2,0,4524853,'\0'),(4524862,'2013-07-30 15:40:15','\0','新平彝族傣族自治县',2,0,4524853,'\0'),(4524863,'2013-07-30 15:40:16','\0','元江哈尼族彝族傣族自治县',2,0,4524853,'\0'),(4524864,'2013-07-30 15:40:16','\0','保山市',1,0,4524825,'\0'),(4524865,'2013-07-30 15:40:16','\0','市辖区',2,0,4524864,'\0'),(4524866,'2013-07-30 15:40:16','\0','隆阳区',2,0,4524864,'\0'),(4524867,'2013-07-30 15:40:16','\0','施甸县',2,0,4524864,'\0'),(4524868,'2013-07-30 15:40:16','\0','腾冲县',2,0,4524864,'\0'),(4524869,'2013-07-30 15:40:16','\0','龙陵县',2,0,4524864,'\0'),(4524870,'2013-07-30 15:40:16','\0','昌宁县',2,0,4524864,'\0'),(4524871,'2013-07-30 15:40:16','\0','昭通市',1,0,4524825,'\0'),(4524872,'2013-07-30 15:40:16','\0','市辖区',2,0,4524871,'\0'),(4524873,'2013-07-30 15:40:16','\0','昭阳区',2,0,4524871,'\0'),(4524874,'2013-07-30 15:40:17','\0','鲁甸县',2,0,4524871,'\0'),(4524875,'2013-07-30 15:40:17','\0','巧家县',2,0,4524871,'\0'),(4524876,'2013-07-30 15:40:17','\0','盐津县',2,0,4524871,'\0'),(4524877,'2013-07-30 15:40:17','\0','大关县',2,0,4524871,'\0'),(4524878,'2013-07-30 15:40:17','\0','永善县',2,0,4524871,'\0'),(4524879,'2013-07-30 15:40:17','\0','绥江县',2,0,4524871,'\0'),(4524880,'2013-07-30 15:40:17','\0','镇雄县',2,0,4524871,'\0'),(4524881,'2013-07-30 15:40:17','\0','彝良县',2,0,4524871,'\0'),(4524882,'2013-07-30 15:40:17','\0','威信县',2,0,4524871,'\0'),(4524883,'2013-07-30 15:40:17','\0','水富县',2,0,4524871,'\0'),(4524884,'2013-07-30 15:40:17','\0','丽江市',1,0,4524825,'\0'),(4524885,'2013-07-30 15:40:18','\0','市辖区',2,0,4524884,'\0'),(4524886,'2013-07-30 15:40:18','\0','古城区',2,0,4524884,'\0'),(4524887,'2013-07-30 15:40:18','\0','玉龙纳西族自治县',2,0,4524884,'\0'),(4524888,'2013-07-30 15:40:18','\0','永胜县',2,0,4524884,'\0'),(4524889,'2013-07-30 15:40:18','\0','华坪县',2,0,4524884,'\0'),(4524890,'2013-07-30 15:40:18','\0','宁蒗彝族自治县',2,0,4524884,'\0'),(4524891,'2013-07-30 15:40:18','\0','普洱市',1,0,4524825,'\0'),(4524892,'2013-07-30 15:40:18','\0','市辖区',2,0,4524891,'\0'),(4524893,'2013-07-30 15:40:18','\0','思茅区',2,0,4524891,'\0'),(4524894,'2013-07-30 15:40:18','\0','宁洱哈尼族彝族自治县',2,0,4524891,'\0'),(4524895,'2013-07-30 15:40:19','\0','墨江哈尼族自治县',2,0,4524891,'\0'),(4524896,'2013-07-30 15:40:19','\0','景东彝族自治县',2,0,4524891,'\0'),(4524897,'2013-07-30 15:40:19','\0','景谷傣族彝族自治县',2,0,4524891,'\0'),(4524898,'2013-07-30 15:40:19','\0','镇沅彝族哈尼族拉祜族自治县',2,0,4524891,'\0'),(4524899,'2013-07-30 15:40:19','\0','江城哈尼族彝族自治县',2,0,4524891,'\0'),(4524900,'2013-07-30 15:40:19','\0','孟连傣族拉祜族佤族自治县',2,0,4524891,'\0'),(4524901,'2013-07-30 15:40:19','\0','澜沧拉祜族自治县',2,0,4524891,'\0'),(4524902,'2013-07-30 15:40:19','\0','西盟佤族自治县',2,0,4524891,'\0'),(4524903,'2013-07-30 15:40:19','\0','临沧市',1,0,4524825,'\0'),(4524904,'2013-07-30 15:40:19','\0','市辖区',2,0,4524903,'\0'),(4524905,'2013-07-30 15:40:19','\0','临翔区',2,0,4524903,'\0'),(4524906,'2013-07-30 15:40:20','\0','凤庆县',2,0,4524903,'\0'),(4524907,'2013-07-30 15:40:20','\0','云县',2,0,4524903,'\0'),(4524908,'2013-07-30 15:40:20','\0','永德县',2,0,4524903,'\0'),(4524909,'2013-07-30 15:40:20','\0','镇康县',2,0,4524903,'\0'),(4524910,'2013-07-30 15:40:20','\0','双江拉祜族佤族布朗族傣族自治县',2,0,4524903,'\0'),(4524911,'2013-07-30 15:40:20','\0','耿马傣族佤族自治县',2,0,4524903,'\0'),(4524912,'2013-07-30 15:40:20','\0','沧源佤族自治县',2,0,4524903,'\0'),(4524913,'2013-07-30 15:40:20','\0','楚雄彝族自治州',1,0,4524825,'\0'),(4524914,'2013-07-30 15:40:20','\0','楚雄市',2,0,4524913,'\0'),(4524915,'2013-07-30 15:40:20','\0','双柏县',2,0,4524913,'\0'),(4524916,'2013-07-30 15:40:20','\0','牟定县',2,0,4524913,'\0'),(4524917,'2013-07-30 15:40:21','\0','南华县',2,0,4524913,'\0'),(4524918,'2013-07-30 15:40:21','\0','姚安县',2,0,4524913,'\0'),(4524919,'2013-07-30 15:40:21','\0','大姚县',2,0,4524913,'\0'),(4524920,'2013-07-30 15:40:21','\0','永仁县',2,0,4524913,'\0'),(4524921,'2013-07-30 15:40:21','\0','元谋县',2,0,4524913,'\0'),(4524922,'2013-07-30 15:40:21','\0','武定县',2,0,4524913,'\0'),(4524923,'2013-07-30 15:40:21','\0','禄丰县',2,0,4524913,'\0'),(4524924,'2013-07-30 15:40:21','\0','红河哈尼族彝族自治州',1,0,4524825,'\0'),(4524925,'2013-07-30 15:40:21','\0','个旧市',2,0,4524924,'\0'),(4524926,'2013-07-30 15:40:21','\0','开远市',2,0,4524924,'\0'),(4524927,'2013-07-30 15:40:21','\0','蒙自市',2,0,4524924,'\0'),(4524928,'2013-07-30 15:40:22','\0','屏边苗族自治县',2,0,4524924,'\0'),(4524929,'2013-07-30 15:40:22','\0','建水县',2,0,4524924,'\0'),(4524930,'2013-07-30 15:40:22','\0','石屏县',2,0,4524924,'\0'),(4524931,'2013-07-30 15:40:22','\0','弥勒县',2,0,4524924,'\0'),(4524932,'2013-07-30 15:40:22','\0','泸西县',2,0,4524924,'\0'),(4524933,'2013-07-30 15:40:22','\0','元阳县',2,0,4524924,'\0'),(4524934,'2013-07-30 15:40:22','\0','红河县',2,0,4524924,'\0'),(4524935,'2013-07-30 15:40:22','\0','金平苗族瑶族傣族自治县',2,0,4524924,'\0'),(4524936,'2013-07-30 15:40:22','\0','绿春县',2,0,4524924,'\0'),(4524937,'2013-07-30 15:40:22','\0','河口瑶族自治县',2,0,4524924,'\0'),(4524938,'2013-07-30 15:40:22','\0','文山壮族苗族自治州',1,0,4524825,'\0'),(4524939,'2013-07-30 15:40:23','\0','文山县',2,0,4524938,'\0'),(4524940,'2013-07-30 15:40:23','\0','砚山县',2,0,4524938,'\0'),(4524941,'2013-07-30 15:40:23','\0','西畴县',2,0,4524938,'\0'),(4524942,'2013-07-30 15:40:23','\0','麻栗坡县',2,0,4524938,'\0'),(4524943,'2013-07-30 15:40:23','\0','马关县',2,0,4524938,'\0'),(4524944,'2013-07-30 15:40:23','\0','丘北县',2,0,4524938,'\0'),(4524945,'2013-07-30 15:40:23','\0','广南县',2,0,4524938,'\0'),(4524946,'2013-07-30 15:40:23','\0','富宁县',2,0,4524938,'\0'),(4524947,'2013-07-30 15:40:23','\0','西双版纳傣族自治州',1,0,4524825,'\0'),(4524948,'2013-07-30 15:40:23','\0','景洪市',2,0,4524947,'\0'),(4524949,'2013-07-30 15:40:23','\0','勐海县',2,0,4524947,'\0'),(4524950,'2013-07-30 15:40:24','\0','勐腊县',2,0,4524947,'\0'),(4524951,'2013-07-30 15:40:24','\0','大理白族自治州',1,0,4524825,'\0'),(4524952,'2013-07-30 15:40:24','\0','大理市',2,0,4524951,'\0'),(4524953,'2013-07-30 15:40:24','\0','漾濞彝族自治县',2,0,4524951,'\0'),(4524954,'2013-07-30 15:40:24','\0','祥云县',2,0,4524951,'\0'),(4524955,'2013-07-30 15:40:24','\0','宾川县',2,0,4524951,'\0'),(4524956,'2013-07-30 15:40:24','\0','弥渡县',2,0,4524951,'\0'),(4524957,'2013-07-30 15:40:24','\0','南涧彝族自治县',2,0,4524951,'\0'),(4524958,'2013-07-30 15:40:24','\0','巍山彝族回族自治县',2,0,4524951,'\0'),(4524959,'2013-07-30 15:40:24','\0','永平县',2,0,4524951,'\0'),(4524960,'2013-07-30 15:40:25','\0','云龙县',2,0,4524951,'\0'),(4524961,'2013-07-30 15:40:25','\0','洱源县',2,0,4524951,'\0'),(4524962,'2013-07-30 15:40:25','\0','剑川县',2,0,4524951,'\0'),(4524963,'2013-07-30 15:40:25','\0','鹤庆县',2,0,4524951,'\0'),(4524964,'2013-07-30 15:40:25','\0','德宏傣族景颇族自治州',1,0,4524825,'\0'),(4524965,'2013-07-30 15:40:25','\0','瑞丽市',2,0,4524964,'\0'),(4524966,'2013-07-30 15:40:25','\0','芒市',2,0,4524964,'\0'),(4524967,'2013-07-30 15:40:25','\0','梁河县',2,0,4524964,'\0'),(4524968,'2013-07-30 15:40:25','\0','盈江县',2,0,4524964,'\0'),(4524969,'2013-07-30 15:40:25','\0','陇川县',2,0,4524964,'\0'),(4524970,'2013-07-30 15:40:25','\0','怒江傈僳族自治州',1,0,4524825,'\0'),(4524971,'2013-07-30 15:40:26','\0','泸水县',2,0,4524970,'\0'),(4524972,'2013-07-30 15:40:26','\0','福贡县',2,0,4524970,'\0'),(4524973,'2013-07-30 15:40:26','\0','贡山独龙族怒族自治县',2,0,4524970,'\0'),(4524974,'2013-07-30 15:40:26','\0','兰坪白族普米族自治县',2,0,4524970,'\0'),(4524975,'2013-07-30 15:40:26','\0','迪庆藏族自治州',1,0,4524825,'\0'),(4524976,'2013-07-30 15:40:26','\0','香格里拉县',2,0,4524975,'\0'),(4524977,'2013-07-30 15:40:26','\0','德钦县',2,0,4524975,'\0'),(4524978,'2013-07-30 15:40:26','\0','维西傈僳族自治县',2,0,4524975,'\0'),(4524979,'2013-07-30 15:40:26','\0','西藏自治区',0,0,NULL,'\0'),(4524980,'2013-07-30 15:40:26','\0','拉萨市',1,0,4524979,'\0'),(4524981,'2013-07-30 15:40:26','\0','市辖区',2,0,4524980,'\0'),(4524982,'2013-07-30 15:40:27','\0','城关区',2,0,4524980,'\0'),(4524983,'2013-07-30 15:40:27','\0','林周县',2,0,4524980,'\0'),(4524984,'2013-07-30 15:40:27','\0','当雄县',2,0,4524980,'\0'),(4524985,'2013-07-30 15:40:27','\0','尼木县',2,0,4524980,'\0'),(4524986,'2013-07-30 15:40:27','\0','曲水县',2,0,4524980,'\0'),(4524987,'2013-07-30 15:40:27','\0','堆龙德庆县',2,0,4524980,'\0'),(4524988,'2013-07-30 15:40:27','\0','达孜县',2,0,4524980,'\0'),(4524989,'2013-07-30 15:40:27','\0','墨竹工卡县',2,0,4524980,'\0'),(4524990,'2013-07-30 15:40:27','\0','昌都地区',1,0,4524979,'\0'),(4524991,'2013-07-30 15:40:27','\0','昌都县',2,0,4524990,'\0'),(4524992,'2013-07-30 15:40:27','\0','江达县',2,0,4524990,'\0'),(4524993,'2013-07-30 15:40:28','\0','贡觉县',2,0,4524990,'\0'),(4524994,'2013-07-30 15:40:28','\0','类乌齐县',2,0,4524990,'\0'),(4524995,'2013-07-30 15:40:28','\0','丁青县',2,0,4524990,'\0'),(4524996,'2013-07-30 15:40:28','\0','察雅县',2,0,4524990,'\0'),(4524997,'2013-07-30 15:40:28','\0','八宿县',2,0,4524990,'\0'),(4524998,'2013-07-30 15:40:28','\0','左贡县',2,0,4524990,'\0'),(4524999,'2013-07-30 15:40:28','\0','芒康县',2,0,4524990,'\0'),(4525000,'2013-07-30 15:40:28','\0','洛隆县',2,0,4524990,'\0'),(4525001,'2013-07-30 15:40:28','\0','边坝县',2,0,4524990,'\0'),(4525002,'2013-07-30 15:40:28','\0','山南地区',1,0,4524979,'\0'),(4525003,'2013-07-30 15:40:28','\0','乃东县',2,0,4525002,'\0'),(4525004,'2013-07-30 15:40:29','\0','扎囊县',2,0,4525002,'\0'),(4525005,'2013-07-30 15:40:29','\0','贡嘎县',2,0,4525002,'\0'),(4525006,'2013-07-30 15:40:29','\0','桑日县',2,0,4525002,'\0'),(4525007,'2013-07-30 15:40:29','\0','琼结县',2,0,4525002,'\0'),(4525008,'2013-07-30 15:40:29','\0','曲松县',2,0,4525002,'\0'),(4525009,'2013-07-30 15:40:29','\0','措美县',2,0,4525002,'\0'),(4525010,'2013-07-30 15:40:29','\0','洛扎县',2,0,4525002,'\0'),(4525011,'2013-07-30 15:40:29','\0','加查县',2,0,4525002,'\0'),(4525012,'2013-07-30 15:40:29','\0','隆子县',2,0,4525002,'\0'),(4525013,'2013-07-30 15:40:29','\0','错那县',2,0,4525002,'\0'),(4525014,'2013-07-30 15:40:29','\0','浪卡子县',2,0,4525002,'\0'),(4525015,'2013-07-30 15:40:30','\0','日喀则地区',1,0,4524979,'\0'),(4525016,'2013-07-30 15:40:30','\0','日喀则市',2,0,4525015,'\0'),(4525017,'2013-07-30 15:40:30','\0','南木林县',2,0,4525015,'\0'),(4525018,'2013-07-30 15:40:30','\0','江孜县',2,0,4525015,'\0'),(4525019,'2013-07-30 15:40:30','\0','定日县',2,0,4525015,'\0'),(4525020,'2013-07-30 15:40:30','\0','萨迦县',2,0,4525015,'\0'),(4525021,'2013-07-30 15:40:30','\0','拉孜县',2,0,4525015,'\0'),(4525022,'2013-07-30 15:40:30','\0','昂仁县',2,0,4525015,'\0'),(4525023,'2013-07-30 15:40:30','\0','谢通门县',2,0,4525015,'\0'),(4525024,'2013-07-30 15:40:30','\0','白朗县',2,0,4525015,'\0'),(4525025,'2013-07-30 15:40:30','\0','仁布县',2,0,4525015,'\0'),(4525026,'2013-07-30 15:40:31','\0','康马县',2,0,4525015,'\0'),(4525027,'2013-07-30 15:40:31','\0','定结县',2,0,4525015,'\0'),(4525028,'2013-07-30 15:40:31','\0','仲巴县',2,0,4525015,'\0'),(4525029,'2013-07-30 15:40:31','\0','亚东县',2,0,4525015,'\0'),(4525030,'2013-07-30 15:40:31','\0','吉隆县',2,0,4525015,'\0'),(4525031,'2013-07-30 15:40:31','\0','聂拉木县',2,0,4525015,'\0'),(4525032,'2013-07-30 15:40:31','\0','萨嘎县',2,0,4525015,'\0'),(4525033,'2013-07-30 15:40:31','\0','岗巴县',2,0,4525015,'\0'),(4525034,'2013-07-30 15:40:31','\0','那曲地区',1,0,4524979,'\0'),(4525035,'2013-07-30 15:40:31','\0','那曲县',2,0,4525034,'\0'),(4525036,'2013-07-30 15:40:32','\0','嘉黎县',2,0,4525034,'\0'),(4525037,'2013-07-30 15:40:32','\0','比如县',2,0,4525034,'\0'),(4525038,'2013-07-30 15:40:32','\0','聂荣县',2,0,4525034,'\0'),(4525039,'2013-07-30 15:40:32','\0','安多县',2,0,4525034,'\0'),(4525040,'2013-07-30 15:40:32','\0','申扎县',2,0,4525034,'\0'),(4525041,'2013-07-30 15:40:32','\0','索县',2,0,4525034,'\0'),(4525042,'2013-07-30 15:40:32','\0','班戈县',2,0,4525034,'\0'),(4525043,'2013-07-30 15:40:32','\0','巴青县',2,0,4525034,'\0'),(4525044,'2013-07-30 15:40:32','\0','尼玛县',2,0,4525034,'\0'),(4525045,'2013-07-30 15:40:32','\0','阿里地区',1,0,4524979,'\0'),(4525046,'2013-07-30 15:40:32','\0','普兰县',2,0,4525045,'\0'),(4525047,'2013-07-30 15:40:33','\0','札达县',2,0,4525045,'\0'),(4525048,'2013-07-30 15:40:33','\0','噶尔县',2,0,4525045,'\0'),(4525049,'2013-07-30 15:40:33','\0','日土县',2,0,4525045,'\0'),(4525050,'2013-07-30 15:40:33','\0','革吉县',2,0,4525045,'\0'),(4525051,'2013-07-30 15:40:33','\0','改则县',2,0,4525045,'\0'),(4525052,'2013-07-30 15:40:33','\0','措勤县',2,0,4525045,'\0'),(4525053,'2013-07-30 15:40:33','\0','林芝地区',1,0,4524979,'\0'),(4525054,'2013-07-30 15:40:33','\0','林芝县',2,0,4525053,'\0'),(4525055,'2013-07-30 15:40:33','\0','工布江达县',2,0,4525053,'\0'),(4525056,'2013-07-30 15:40:33','\0','米林县',2,0,4525053,'\0'),(4525057,'2013-07-30 15:40:34','\0','墨脱县',2,0,4525053,'\0'),(4525058,'2013-07-30 15:40:34','\0','波密县',2,0,4525053,'\0'),(4525059,'2013-07-30 15:40:34','\0','察隅县',2,0,4525053,'\0'),(4525060,'2013-07-30 15:40:34','\0','朗县',2,0,4525053,'\0'),(4525061,'2013-07-30 15:40:34','\0','陕西省',0,0,NULL,'\0'),(4525062,'2013-07-30 15:40:34','\0','西安市',1,0,4525061,'\0'),(4525063,'2013-07-30 15:40:34','\0','市辖区',2,0,4525062,'\0'),(4525064,'2013-07-30 15:40:34','\0','新城区',2,0,4525062,'\0'),(4525065,'2013-07-30 15:40:34','\0','碑林区',2,0,4525062,'\0'),(4525066,'2013-07-30 15:40:34','\0','莲湖区',2,0,4525062,'\0'),(4525067,'2013-07-30 15:40:35','\0','灞桥区',2,0,4525062,'\0'),(4525068,'2013-07-30 15:40:35','\0','未央区',2,0,4525062,'\0'),(4525069,'2013-07-30 15:40:35','\0','雁塔区',2,0,4525062,'\0'),(4525070,'2013-07-30 15:40:35','\0','阎良区',2,0,4525062,'\0'),(4525071,'2013-07-30 15:40:35','\0','临潼区',2,0,4525062,'\0'),(4525072,'2013-07-30 15:40:35','\0','长安区',2,0,4525062,'\0'),(4525073,'2013-07-30 15:40:35','\0','蓝田县',2,0,4525062,'\0'),(4525074,'2013-07-30 15:40:35','\0','周至县',2,0,4525062,'\0'),(4525075,'2013-07-30 15:40:35','\0','户县',2,0,4525062,'\0'),(4525076,'2013-07-30 15:40:35','\0','高陵县',2,0,4525062,'\0'),(4525077,'2013-07-30 15:40:35','\0','铜川市',1,0,4525061,'\0'),(4525078,'2013-07-30 15:40:36','\0','市辖区',2,0,4525077,'\0'),(4525079,'2013-07-30 15:40:36','\0','王益区',2,0,4525077,'\0'),(4525080,'2013-07-30 15:40:36','\0','印台区',2,0,4525077,'\0'),(4525081,'2013-07-30 15:40:36','\0','耀州区',2,0,4525077,'\0'),(4525082,'2013-07-30 15:40:36','\0','宜君县',2,0,4525077,'\0'),(4525083,'2013-07-30 15:40:36','\0','宝鸡市',1,0,4525061,'\0'),(4525084,'2013-07-30 15:40:36','\0','市辖区',2,0,4525083,'\0'),(4525085,'2013-07-30 15:40:36','\0','渭滨区',2,0,4525083,'\0'),(4525086,'2013-07-30 15:40:36','\0','金台区',2,0,4525083,'\0'),(4525087,'2013-07-30 15:40:36','\0','陈仓区',2,0,4525083,'\0'),(4525088,'2013-07-30 15:40:37','\0','凤翔县',2,0,4525083,'\0'),(4525089,'2013-07-30 15:40:37','\0','岐山县',2,0,4525083,'\0'),(4525090,'2013-07-30 15:40:37','\0','扶风县',2,0,4525083,'\0'),(4525091,'2013-07-30 15:40:37','\0','眉县',2,0,4525083,'\0'),(4525092,'2013-07-30 15:40:37','\0','陇县',2,0,4525083,'\0'),(4525093,'2013-07-30 15:40:37','\0','千阳县',2,0,4525083,'\0'),(4525094,'2013-07-30 15:40:37','\0','麟游县',2,0,4525083,'\0'),(4525095,'2013-07-30 15:40:37','\0','凤县',2,0,4525083,'\0'),(4525096,'2013-07-30 15:40:37','\0','太白县',2,0,4525083,'\0'),(4525097,'2013-07-30 15:40:37','\0','咸阳市',1,0,4525061,'\0'),(4525098,'2013-07-30 15:40:38','\0','市辖区',2,0,4525097,'\0'),(4525099,'2013-07-30 15:40:38','\0','秦都区',2,0,4525097,'\0'),(4525100,'2013-07-30 15:40:38','\0','杨陵区',2,0,4525097,'\0'),(4525101,'2013-07-30 15:40:38','\0','渭城区',2,0,4525097,'\0'),(4525102,'2013-07-30 15:40:38','\0','三原县',2,0,4525097,'\0'),(4525103,'2013-07-30 15:40:38','\0','泾阳县',2,0,4525097,'\0'),(4525104,'2013-07-30 15:40:38','\0','乾县',2,0,4525097,'\0'),(4525105,'2013-07-30 15:40:38','\0','礼泉县',2,0,4525097,'\0'),(4525106,'2013-07-30 15:40:38','\0','永寿县',2,0,4525097,'\0'),(4525107,'2013-07-30 15:40:38','\0','彬县',2,0,4525097,'\0'),(4525108,'2013-07-30 15:40:38','\0','长武县',2,0,4525097,'\0'),(4525109,'2013-07-30 15:40:39','\0','旬邑县',2,0,4525097,'\0'),(4525110,'2013-07-30 15:40:39','\0','淳化县',2,0,4525097,'\0'),(4525111,'2013-07-30 15:40:39','\0','武功县',2,0,4525097,'\0'),(4525112,'2013-07-30 15:40:39','\0','兴平市',2,0,4525097,'\0'),(4525113,'2013-07-30 15:40:39','\0','渭南市',1,0,4525061,'\0'),(4525114,'2013-07-30 15:40:39','\0','市辖区',2,0,4525113,'\0'),(4525115,'2013-07-30 15:40:39','\0','临渭区',2,0,4525113,'\0'),(4525116,'2013-07-30 15:40:39','\0','华县',2,0,4525113,'\0'),(4525117,'2013-07-30 15:40:39','\0','潼关县',2,0,4525113,'\0'),(4525118,'2013-07-30 15:40:39','\0','大荔县',2,0,4525113,'\0'),(4525119,'2013-07-30 15:40:40','\0','合阳县',2,0,4525113,'\0'),(4525120,'2013-07-30 15:40:40','\0','澄城县',2,0,4525113,'\0'),(4525121,'2013-07-30 15:40:40','\0','蒲城县',2,0,4525113,'\0'),(4525122,'2013-07-30 15:40:40','\0','白水县',2,0,4525113,'\0'),(4525123,'2013-07-30 15:40:40','\0','富平县',2,0,4525113,'\0'),(4525124,'2013-07-30 15:40:40','\0','韩城市',2,0,4525113,'\0'),(4525125,'2013-07-30 15:40:40','\0','华阴市',2,0,4525113,'\0'),(4525126,'2013-07-30 15:40:40','\0','延安市',1,0,4525061,'\0'),(4525127,'2013-07-30 15:40:40','\0','市辖区',2,0,4525126,'\0'),(4525128,'2013-07-30 15:40:40','\0','宝塔区',2,0,4525126,'\0'),(4525129,'2013-07-30 15:40:40','\0','延长县',2,0,4525126,'\0'),(4525130,'2013-07-30 15:40:41','\0','延川县',2,0,4525126,'\0'),(4525131,'2013-07-30 15:40:41','\0','子长县',2,0,4525126,'\0'),(4525132,'2013-07-30 15:40:41','\0','安塞县',2,0,4525126,'\0'),(4525133,'2013-07-30 15:40:41','\0','志丹县',2,0,4525126,'\0'),(4525134,'2013-07-30 15:40:41','\0','吴起县',2,0,4525126,'\0'),(4525135,'2013-07-30 15:40:41','\0','甘泉县',2,0,4525126,'\0'),(4525136,'2013-07-30 15:40:41','\0','富县',2,0,4525126,'\0'),(4525137,'2013-07-30 15:40:41','\0','洛川县',2,0,4525126,'\0'),(4525138,'2013-07-30 15:40:41','\0','宜川县',2,0,4525126,'\0'),(4525139,'2013-07-30 15:40:41','\0','黄龙县',2,0,4525126,'\0'),(4525140,'2013-07-30 15:40:42','\0','黄陵县',2,0,4525126,'\0'),(4525141,'2013-07-30 15:40:42','\0','汉中市',1,0,4525061,'\0'),(4525142,'2013-07-30 15:40:42','\0','市辖区',2,0,4525141,'\0'),(4525143,'2013-07-30 15:40:42','\0','汉台区',2,0,4525141,'\0'),(4525144,'2013-07-30 15:40:42','\0','南郑县',2,0,4525141,'\0'),(4525145,'2013-07-30 15:40:42','\0','城固县',2,0,4525141,'\0'),(4525146,'2013-07-30 15:40:42','\0','洋县',2,0,4525141,'\0'),(4525147,'2013-07-30 15:40:42','\0','西乡县',2,0,4525141,'\0'),(4525148,'2013-07-30 15:40:42','\0','勉县',2,0,4525141,'\0'),(4525149,'2013-07-30 15:40:42','\0','宁强县',2,0,4525141,'\0'),(4525150,'2013-07-30 15:40:43','\0','略阳县',2,0,4525141,'\0'),(4525151,'2013-07-30 15:40:43','\0','镇巴县',2,0,4525141,'\0'),(4525152,'2013-07-30 15:40:43','\0','留坝县',2,0,4525141,'\0'),(4525153,'2013-07-30 15:40:43','\0','佛坪县',2,0,4525141,'\0'),(4525154,'2013-07-30 15:40:43','\0','榆林市',1,0,4525061,'\0'),(4525155,'2013-07-30 15:40:43','\0','市辖区',2,0,4525154,'\0'),(4525156,'2013-07-30 15:40:43','\0','榆阳区',2,0,4525154,'\0'),(4525157,'2013-07-30 15:40:43','\0','神木县',2,0,4525154,'\0'),(4525158,'2013-07-30 15:40:43','\0','府谷县',2,0,4525154,'\0'),(4525159,'2013-07-30 15:40:43','\0','横山县',2,0,4525154,'\0'),(4525160,'2013-07-30 15:40:43','\0','靖边县',2,0,4525154,'\0'),(4525161,'2013-07-30 15:40:44','\0','定边县',2,0,4525154,'\0'),(4525162,'2013-07-30 15:40:44','\0','绥德县',2,0,4525154,'\0'),(4525163,'2013-07-30 15:40:44','\0','米脂县',2,0,4525154,'\0'),(4525164,'2013-07-30 15:40:44','\0','佳县',2,0,4525154,'\0'),(4525165,'2013-07-30 15:40:44','\0','吴堡县',2,0,4525154,'\0'),(4525166,'2013-07-30 15:40:44','\0','清涧县',2,0,4525154,'\0'),(4525167,'2013-07-30 15:40:44','\0','子洲县',2,0,4525154,'\0'),(4525168,'2013-07-30 15:40:44','\0','安康市',1,0,4525061,'\0'),(4525169,'2013-07-30 15:40:44','\0','市辖区',2,0,4525168,'\0'),(4525170,'2013-07-30 15:40:44','\0','汉滨区',2,0,4525168,'\0'),(4525171,'2013-07-30 15:40:45','\0','汉阴县',2,0,4525168,'\0'),(4525172,'2013-07-30 15:40:45','\0','石泉县',2,0,4525168,'\0'),(4525173,'2013-07-30 15:40:45','\0','宁陕县',2,0,4525168,'\0'),(4525174,'2013-07-30 15:40:45','\0','紫阳县',2,0,4525168,'\0'),(4525175,'2013-07-30 15:40:45','\0','岚皋县',2,0,4525168,'\0'),(4525176,'2013-07-30 15:40:45','\0','平利县',2,0,4525168,'\0'),(4525177,'2013-07-30 15:40:45','\0','镇坪县',2,0,4525168,'\0'),(4525178,'2013-07-30 15:40:45','\0','旬阳县',2,0,4525168,'\0'),(4525179,'2013-07-30 15:40:45','\0','白河县',2,0,4525168,'\0'),(4525180,'2013-07-30 15:40:45','\0','商洛市',1,0,4525061,'\0'),(4525181,'2013-07-30 15:40:46','\0','市辖区',2,0,4525180,'\0'),(4525182,'2013-07-30 15:40:46','\0','商州区',2,0,4525180,'\0'),(4525183,'2013-07-30 15:40:46','\0','洛南县',2,0,4525180,'\0'),(4525184,'2013-07-30 15:40:46','\0','丹凤县',2,0,4525180,'\0'),(4525185,'2013-07-30 15:40:46','\0','商南县',2,0,4525180,'\0'),(4525186,'2013-07-30 15:40:46','\0','山阳县',2,0,4525180,'\0'),(4525187,'2013-07-30 15:40:46','\0','镇安县',2,0,4525180,'\0'),(4525188,'2013-07-30 15:40:46','\0','柞水县',2,0,4525180,'\0'),(4525189,'2013-07-30 15:40:46','\0','甘肃省',0,0,NULL,'\0'),(4525190,'2013-07-30 15:40:46','\0','兰州市',1,0,4525189,'\0'),(4525191,'2013-07-30 15:40:47','\0','市辖区',2,0,4525190,'\0'),(4525192,'2013-07-30 15:40:47','\0','城关区',2,0,4525190,'\0'),(4525193,'2013-07-30 15:40:47','\0','七里河区',2,0,4525190,'\0'),(4525194,'2013-07-30 15:40:47','\0','西固区',2,0,4525190,'\0'),(4525195,'2013-07-30 15:40:47','\0','安宁区',2,0,4525190,'\0'),(4525196,'2013-07-30 15:40:47','\0','红古区',2,0,4525190,'\0'),(4525197,'2013-07-30 15:40:47','\0','永登县',2,0,4525190,'\0'),(4525198,'2013-07-30 15:40:47','\0','皋兰县',2,0,4525190,'\0'),(4525199,'2013-07-30 15:40:47','\0','榆中县',2,0,4525190,'\0'),(4525200,'2013-07-30 15:40:47','\0','嘉峪关市',1,0,4525189,'\0'),(4525201,'2013-07-30 15:40:47','\0','市辖区',2,0,4525200,'\0'),(4525202,'2013-07-30 15:40:48','\0','金昌市',1,0,4525189,'\0'),(4525203,'2013-07-30 15:40:48','\0','市辖区',2,0,4525202,'\0'),(4525204,'2013-07-30 15:40:48','\0','金川区',2,0,4525202,'\0'),(4525205,'2013-07-30 15:40:48','\0','永昌县',2,0,4525202,'\0'),(4525206,'2013-07-30 15:40:48','\0','白银市',1,0,4525189,'\0'),(4525207,'2013-07-30 15:40:48','\0','市辖区',2,0,4525206,'\0'),(4525208,'2013-07-30 15:40:48','\0','白银区',2,0,4525206,'\0'),(4525209,'2013-07-30 15:40:48','\0','平川区',2,0,4525206,'\0'),(4525210,'2013-07-30 15:40:48','\0','靖远县',2,0,4525206,'\0'),(4525211,'2013-07-30 15:40:48','\0','会宁县',2,0,4525206,'\0'),(4525212,'2013-07-30 15:40:49','\0','景泰县',2,0,4525206,'\0'),(4525213,'2013-07-30 15:40:49','\0','天水市',1,0,4525189,'\0'),(4525214,'2013-07-30 15:40:49','\0','市辖区',2,0,4525213,'\0'),(4525215,'2013-07-30 15:40:49','\0','秦州区',2,0,4525213,'\0'),(4525216,'2013-07-30 15:40:49','\0','麦积区',2,0,4525213,'\0'),(4525217,'2013-07-30 15:40:49','\0','清水县',2,0,4525213,'\0'),(4525218,'2013-07-30 15:40:49','\0','秦安县',2,0,4525213,'\0'),(4525219,'2013-07-30 15:40:49','\0','甘谷县',2,0,4525213,'\0'),(4525220,'2013-07-30 15:40:49','\0','武山县',2,0,4525213,'\0'),(4525221,'2013-07-30 15:40:49','\0','张家川回族自治县',2,0,4525213,'\0'),(4525222,'2013-07-30 15:40:50','\0','武威市',1,0,4525189,'\0'),(4525223,'2013-07-30 15:40:50','\0','市辖区',2,0,4525222,'\0'),(4525224,'2013-07-30 15:40:50','\0','凉州区',2,0,4525222,'\0'),(4525225,'2013-07-30 15:40:50','\0','民勤县',2,0,4525222,'\0'),(4525226,'2013-07-30 15:40:50','\0','古浪县',2,0,4525222,'\0'),(4525227,'2013-07-30 15:40:50','\0','天祝藏族自治县',2,0,4525222,'\0'),(4525228,'2013-07-30 15:40:50','\0','张掖市',1,0,4525189,'\0'),(4525229,'2013-07-30 15:40:50','\0','市辖区',2,0,4525228,'\0'),(4525230,'2013-07-30 15:40:50','\0','甘州区',2,0,4525228,'\0'),(4525231,'2013-07-30 15:40:50','\0','肃南裕固族自治县',2,0,4525228,'\0'),(4525232,'2013-07-30 15:40:51','\0','民乐县',2,0,4525228,'\0'),(4525233,'2013-07-30 15:40:51','\0','临泽县',2,0,4525228,'\0'),(4525234,'2013-07-30 15:40:51','\0','高台县',2,0,4525228,'\0'),(4525235,'2013-07-30 15:40:51','\0','山丹县',2,0,4525228,'\0'),(4525236,'2013-07-30 15:40:51','\0','平凉市',1,0,4525189,'\0'),(4525237,'2013-07-30 15:40:51','\0','市辖区',2,0,4525236,'\0'),(4525238,'2013-07-30 15:40:51','\0','崆峒区',2,0,4525236,'\0'),(4525239,'2013-07-30 15:40:51','\0','泾川县',2,0,4525236,'\0'),(4525240,'2013-07-30 15:40:51','\0','灵台县',2,0,4525236,'\0'),(4525241,'2013-07-30 15:40:51','\0','崇信县',2,0,4525236,'\0'),(4525242,'2013-07-30 15:40:52','\0','华亭县',2,0,4525236,'\0'),(4525243,'2013-07-30 15:40:52','\0','庄浪县',2,0,4525236,'\0'),(4525244,'2013-07-30 15:40:52','\0','静宁县',2,0,4525236,'\0'),(4525245,'2013-07-30 15:40:52','\0','酒泉市',1,0,4525189,'\0'),(4525246,'2013-07-30 15:40:52','\0','市辖区',2,0,4525245,'\0'),(4525247,'2013-07-30 15:40:52','\0','肃州区',2,0,4525245,'\0'),(4525248,'2013-07-30 15:40:52','\0','金塔县',2,0,4525245,'\0'),(4525249,'2013-07-30 15:40:52','\0','瓜州县',2,0,4525245,'\0'),(4525250,'2013-07-30 15:40:52','\0','肃北蒙古族自治县',2,0,4525245,'\0'),(4525251,'2013-07-30 15:40:52','\0','阿克塞哈萨克族自治县',2,0,4525245,'\0'),(4525252,'2013-07-30 15:40:52','\0','玉门市',2,0,4525245,'\0'),(4525253,'2013-07-30 15:40:53','\0','敦煌市',2,0,4525245,'\0'),(4525254,'2013-07-30 15:40:53','\0','庆阳市',1,0,4525189,'\0'),(4525255,'2013-07-30 15:40:53','\0','市辖区',2,0,4525254,'\0'),(4525256,'2013-07-30 15:40:53','\0','西峰区',2,0,4525254,'\0'),(4525257,'2013-07-30 15:40:53','\0','庆城县',2,0,4525254,'\0'),(4525258,'2013-07-30 15:40:53','\0','环县',2,0,4525254,'\0'),(4525259,'2013-07-30 15:40:53','\0','华池县',2,0,4525254,'\0'),(4525260,'2013-07-30 15:40:53','\0','合水县',2,0,4525254,'\0'),(4525261,'2013-07-30 15:40:53','\0','正宁县',2,0,4525254,'\0'),(4525262,'2013-07-30 15:40:53','\0','宁县',2,0,4525254,'\0'),(4525263,'2013-07-30 15:40:54','\0','镇原县',2,0,4525254,'\0'),(4525264,'2013-07-30 15:40:54','\0','定西市',1,0,4525189,'\0'),(4525265,'2013-07-30 15:40:54','\0','市辖区',2,0,4525264,'\0'),(4525266,'2013-07-30 15:40:54','\0','安定区',2,0,4525264,'\0'),(4525267,'2013-07-30 15:40:54','\0','通渭县',2,0,4525264,'\0'),(4525268,'2013-07-30 15:40:54','\0','陇西县',2,0,4525264,'\0'),(4525269,'2013-07-30 15:40:54','\0','渭源县',2,0,4525264,'\0'),(4525270,'2013-07-30 15:40:54','\0','临洮县',2,0,4525264,'\0'),(4525271,'2013-07-30 15:40:54','\0','漳县',2,0,4525264,'\0'),(4525272,'2013-07-30 15:40:54','\0','岷县',2,0,4525264,'\0'),(4525273,'2013-07-30 15:40:55','\0','陇南市',1,0,4525189,'\0'),(4525274,'2013-07-30 15:40:55','\0','市辖区',2,0,4525273,'\0'),(4525275,'2013-07-30 15:40:55','\0','武都区',2,0,4525273,'\0'),(4525276,'2013-07-30 15:40:55','\0','成县',2,0,4525273,'\0'),(4525277,'2013-07-30 15:40:55','\0','文县',2,0,4525273,'\0'),(4525278,'2013-07-30 15:40:55','\0','宕昌县',2,0,4525273,'\0'),(4525279,'2013-07-30 15:40:55','\0','康县',2,0,4525273,'\0'),(4525280,'2013-07-30 15:40:55','\0','西和县',2,0,4525273,'\0'),(4525281,'2013-07-30 15:40:55','\0','礼县',2,0,4525273,'\0'),(4525282,'2013-07-30 15:40:55','\0','徽县',2,0,4525273,'\0'),(4525283,'2013-07-30 15:40:56','\0','两当县',2,0,4525273,'\0'),(4525284,'2013-07-30 15:40:56','\0','临夏回族自治州',1,0,4525189,'\0'),(4525285,'2013-07-30 15:40:56','\0','临夏市',2,0,4525284,'\0'),(4525286,'2013-07-30 15:40:56','\0','临夏县',2,0,4525284,'\0'),(4525287,'2013-07-30 15:40:56','\0','康乐县',2,0,4525284,'\0'),(4525288,'2013-07-30 15:40:56','\0','永靖县',2,0,4525284,'\0'),(4525289,'2013-07-30 15:40:56','\0','广河县',2,0,4525284,'\0'),(4525290,'2013-07-30 15:40:56','\0','和政县',2,0,4525284,'\0'),(4525291,'2013-07-30 15:40:56','\0','东乡族自治县',2,0,4525284,'\0'),(4525292,'2013-07-30 15:40:56','\0','积石山保安族东乡族撒拉族自治县',2,0,4525284,'\0'),(4525293,'2013-07-30 15:40:57','\0','甘南藏族自治州',1,0,4525189,'\0'),(4525294,'2013-07-30 15:40:57','\0','合作市',2,0,4525293,'\0'),(4525295,'2013-07-30 15:40:57','\0','临潭县',2,0,4525293,'\0'),(4525296,'2013-07-30 15:40:57','\0','卓尼县',2,0,4525293,'\0'),(4525297,'2013-07-30 15:40:57','\0','舟曲县',2,0,4525293,'\0'),(4525298,'2013-07-30 15:40:57','\0','迭部县',2,0,4525293,'\0'),(4525299,'2013-07-30 15:40:57','\0','玛曲县',2,0,4525293,'\0'),(4525300,'2013-07-30 15:40:57','\0','碌曲县',2,0,4525293,'\0'),(4525301,'2013-07-30 15:40:57','\0','夏河县',2,0,4525293,'\0'),(4525302,'2013-07-30 15:40:57','\0','青海省',0,0,NULL,'\0'),(4525303,'2013-07-30 15:40:58','\0','西宁市',1,0,4525302,'\0'),(4525304,'2013-07-30 15:40:58','\0','市辖区',2,0,4525303,'\0'),(4525305,'2013-07-30 15:40:58','\0','城东区',2,0,4525303,'\0'),(4525306,'2013-07-30 15:40:58','\0','城中区',2,0,4525303,'\0'),(4525307,'2013-07-30 15:40:58','\0','城西区',2,0,4525303,'\0'),(4525308,'2013-07-30 15:40:58','\0','城北区',2,0,4525303,'\0'),(4525309,'2013-07-30 15:40:58','\0','大通回族土族自治县',2,0,4525303,'\0'),(4525310,'2013-07-30 15:40:58','\0','湟中县',2,0,4525303,'\0'),(4525311,'2013-07-30 15:40:58','\0','湟源县',2,0,4525303,'\0'),(4525312,'2013-07-30 15:40:58','\0','海东地区',1,0,4525302,'\0'),(4525313,'2013-07-30 15:40:59','\0','平安县',2,0,4525312,'\0'),(4525314,'2013-07-30 15:40:59','\0','民和回族土族自治县',2,0,4525312,'\0'),(4525315,'2013-07-30 15:40:59','\0','乐都县',2,0,4525312,'\0'),(4525316,'2013-07-30 15:40:59','\0','互助土族自治县',2,0,4525312,'\0'),(4525317,'2013-07-30 15:40:59','\0','化隆回族自治县',2,0,4525312,'\0'),(4525318,'2013-07-30 15:40:59','\0','循化撒拉族自治县',2,0,4525312,'\0'),(4525319,'2013-07-30 15:40:59','\0','海北藏族自治州',1,0,4525302,'\0'),(4525320,'2013-07-30 15:40:59','\0','门源回族自治县',2,0,4525319,'\0'),(4525321,'2013-07-30 15:40:59','\0','祁连县',2,0,4525319,'\0'),(4525322,'2013-07-30 15:40:59','\0','海晏县',2,0,4525319,'\0'),(4525323,'2013-07-30 15:41:00','\0','刚察县',2,0,4525319,'\0'),(4525324,'2013-07-30 15:41:00','\0','黄南藏族自治州',1,0,4525302,'\0'),(4525325,'2013-07-30 15:41:00','\0','同仁县',2,0,4525324,'\0'),(4525326,'2013-07-30 15:41:00','\0','尖扎县',2,0,4525324,'\0'),(4525327,'2013-07-30 15:41:00','\0','泽库县',2,0,4525324,'\0'),(4525328,'2013-07-30 15:41:00','\0','河南蒙古族自治县',2,0,4525324,'\0'),(4525329,'2013-07-30 15:41:00','\0','海南藏族自治州',1,0,4525302,'\0'),(4525330,'2013-07-30 15:41:00','\0','共和县',2,0,4525329,'\0'),(4525331,'2013-07-30 15:41:00','\0','同德县',2,0,4525329,'\0'),(4525332,'2013-07-30 15:41:00','\0','贵德县',2,0,4525329,'\0'),(4525333,'2013-07-30 15:41:01','\0','兴海县',2,0,4525329,'\0'),(4525334,'2013-07-30 15:41:01','\0','贵南县',2,0,4525329,'\0'),(4525335,'2013-07-30 15:41:01','\0','果洛藏族自治州',1,0,4525302,'\0'),(4525336,'2013-07-30 15:41:01','\0','玛沁县',2,0,4525335,'\0'),(4525337,'2013-07-30 15:41:01','\0','班玛县',2,0,4525335,'\0'),(4525338,'2013-07-30 15:41:01','\0','甘德县',2,0,4525335,'\0'),(4525339,'2013-07-30 15:41:01','\0','达日县',2,0,4525335,'\0'),(4525340,'2013-07-30 15:41:01','\0','久治县',2,0,4525335,'\0'),(4525341,'2013-07-30 15:41:01','\0','玛多县',2,0,4525335,'\0'),(4525342,'2013-07-30 15:41:01','\0','玉树藏族自治州',1,0,4525302,'\0'),(4525343,'2013-07-30 15:41:01','\0','玉树县',2,0,4525342,'\0'),(4525344,'2013-07-30 15:41:02','\0','杂多县',2,0,4525342,'\0'),(4525345,'2013-07-30 15:41:02','\0','称多县',2,0,4525342,'\0'),(4525346,'2013-07-30 15:41:02','\0','治多县',2,0,4525342,'\0'),(4525347,'2013-07-30 15:41:02','\0','囊谦县',2,0,4525342,'\0'),(4525348,'2013-07-30 15:41:02','\0','曲麻莱县',2,0,4525342,'\0'),(4525349,'2013-07-30 15:41:02','\0','海西蒙古族藏族自治州',1,0,4525302,'\0'),(4525350,'2013-07-30 15:41:02','\0','格尔木市',2,0,4525349,'\0'),(4525351,'2013-07-30 15:41:02','\0','德令哈市',2,0,4525349,'\0'),(4525352,'2013-07-30 15:41:02','\0','乌兰县',2,0,4525349,'\0'),(4525353,'2013-07-30 15:41:02','\0','都兰县',2,0,4525349,'\0'),(4525354,'2013-07-30 15:41:03','\0','天峻县',2,0,4525349,'\0'),(4525355,'2013-07-30 15:41:03','\0','宁夏回族自治区',0,0,NULL,'\0'),(4525356,'2013-07-30 15:41:03','\0','银川市',1,0,4525355,'\0'),(4525357,'2013-07-30 15:41:03','\0','市辖区',2,0,4525356,'\0'),(4525358,'2013-07-30 15:41:03','\0','兴庆区',2,0,4525356,'\0'),(4525359,'2013-07-30 15:41:03','\0','西夏区',2,0,4525356,'\0'),(4525360,'2013-07-30 15:41:03','\0','金凤区',2,0,4525356,'\0'),(4525361,'2013-07-30 15:41:03','\0','永宁县',2,0,4525356,'\0'),(4525362,'2013-07-30 15:41:03','\0','贺兰县',2,0,4525356,'\0'),(4525363,'2013-07-30 15:41:04','\0','灵武市',2,0,4525356,'\0'),(4525364,'2013-07-30 15:41:04','\0','石嘴山市',1,0,4525355,'\0'),(4525365,'2013-07-30 15:41:04','\0','市辖区',2,0,4525364,'\0'),(4525366,'2013-07-30 15:41:04','\0','大武口区',2,0,4525364,'\0'),(4525367,'2013-07-30 15:41:04','\0','惠农区',2,0,4525364,'\0'),(4525368,'2013-07-30 15:41:04','\0','平罗县',2,0,4525364,'\0'),(4525369,'2013-07-30 15:41:04','\0','吴忠市',1,0,4525355,'\0'),(4525370,'2013-07-30 15:41:04','\0','市辖区',2,0,4525369,'\0'),(4525371,'2013-07-30 15:41:04','\0','利通区',2,0,4525369,'\0'),(4525372,'2013-07-30 15:41:04','\0','红寺堡区',2,0,4525369,'\0'),(4525373,'2013-07-30 15:41:05','\0','盐池县',2,0,4525369,'\0'),(4525374,'2013-07-30 15:41:05','\0','同心县',2,0,4525369,'\0'),(4525375,'2013-07-30 15:41:05','\0','青铜峡市',2,0,4525369,'\0'),(4525376,'2013-07-30 15:41:05','\0','固原市',1,0,4525355,'\0'),(4525377,'2013-07-30 15:41:05','\0','市辖区',2,0,4525376,'\0'),(4525378,'2013-07-30 15:41:05','\0','原州区',2,0,4525376,'\0'),(4525379,'2013-07-30 15:41:05','\0','西吉县',2,0,4525376,'\0'),(4525380,'2013-07-30 15:41:05','\0','隆德县',2,0,4525376,'\0'),(4525381,'2013-07-30 15:41:05','\0','泾源县',2,0,4525376,'\0'),(4525382,'2013-07-30 15:41:06','\0','彭阳县',2,0,4525376,'\0'),(4525383,'2013-07-30 15:41:06','\0','中卫市',1,0,4525355,'\0'),(4525384,'2013-07-30 15:41:06','\0','市辖区',2,0,4525383,'\0'),(4525385,'2013-07-30 15:41:06','\0','沙坡头区',2,0,4525383,'\0'),(4525386,'2013-07-30 15:41:06','\0','中宁县',2,0,4525383,'\0'),(4525387,'2013-07-30 15:41:06','\0','海原县',2,0,4525383,'\0'),(4525388,'2013-07-30 15:41:06','\0','新疆维吾尔自治区',0,0,NULL,'\0'),(4525389,'2013-07-30 15:41:06','\0','乌鲁木齐市',1,0,4525388,'\0'),(4525390,'2013-07-30 15:41:06','\0','市辖区',2,0,4525389,'\0'),(4525391,'2013-07-30 15:41:06','\0','天山区',2,0,4525389,'\0'),(4525392,'2013-07-30 15:41:07','\0','沙依巴克区',2,0,4525389,'\0'),(4525393,'2013-07-30 15:41:07','\0','新市区',2,0,4525389,'\0'),(4525394,'2013-07-30 15:41:07','\0','水磨沟区',2,0,4525389,'\0'),(4525395,'2013-07-30 15:41:07','\0','头屯河区',2,0,4525389,'\0'),(4525396,'2013-07-30 15:41:07','\0','达坂城区',2,0,4525389,'\0'),(4525397,'2013-07-30 15:41:07','\0','米东区',2,0,4525389,'\0'),(4525398,'2013-07-30 15:41:07','\0','乌鲁木齐县',2,0,4525389,'\0'),(4525399,'2013-07-30 15:41:07','\0','克拉玛依市',1,0,4525388,'\0'),(4525400,'2013-07-30 15:41:07','\0','市辖区',2,0,4525399,'\0'),(4525401,'2013-07-30 15:41:07','\0','独山子区',2,0,4525399,'\0'),(4525402,'2013-07-30 15:41:08','\0','克拉玛依区',2,0,4525399,'\0'),(4525403,'2013-07-30 15:41:08','\0','白碱滩区',2,0,4525399,'\0'),(4525404,'2013-07-30 15:41:08','\0','乌尔禾区',2,0,4525399,'\0'),(4525405,'2013-07-30 15:41:08','\0','吐鲁番地区',1,0,4525388,'\0'),(4525406,'2013-07-30 15:41:08','\0','吐鲁番市',2,0,4525405,'\0'),(4525407,'2013-07-30 15:41:08','\0','鄯善县',2,0,4525405,'\0'),(4525408,'2013-07-30 15:41:08','\0','托克逊县',2,0,4525405,'\0'),(4525409,'2013-07-30 15:41:08','\0','哈密地区',1,0,4525388,'\0'),(4525410,'2013-07-30 15:41:08','\0','哈密市',2,0,4525409,'\0'),(4525411,'2013-07-30 15:41:08','\0','巴里坤哈萨克自治县',2,0,4525409,'\0'),(4525412,'2013-07-30 15:41:09','\0','伊吾县',2,0,4525409,'\0'),(4525413,'2013-07-30 15:41:09','\0','昌吉回族自治州',1,0,4525388,'\0'),(4525414,'2013-07-30 15:41:09','\0','昌吉市',2,0,4525413,'\0'),(4525415,'2013-07-30 15:41:09','\0','阜康市',2,0,4525413,'\0'),(4525416,'2013-07-30 15:41:09','\0','呼图壁县',2,0,4525413,'\0'),(4525417,'2013-07-30 15:41:09','\0','玛纳斯县',2,0,4525413,'\0'),(4525418,'2013-07-30 15:41:09','\0','奇台县',2,0,4525413,'\0'),(4525419,'2013-07-30 15:41:09','\0','吉木萨尔县',2,0,4525413,'\0'),(4525420,'2013-07-30 15:41:09','\0','木垒哈萨克自治县',2,0,4525413,'\0'),(4525421,'2013-07-30 15:41:09','\0','博尔塔拉蒙古自治州',1,0,4525388,'\0'),(4525422,'2013-07-30 15:41:10','\0','博乐市',2,0,4525421,'\0'),(4525423,'2013-07-30 15:41:10','\0','精河县',2,0,4525421,'\0'),(4525424,'2013-07-30 15:41:10','\0','温泉县',2,0,4525421,'\0'),(4525425,'2013-07-30 15:41:10','\0','巴音郭楞蒙古自治州',1,0,4525388,'\0'),(4525426,'2013-07-30 15:41:10','\0','库尔勒市',2,0,4525425,'\0'),(4525427,'2013-07-30 15:41:10','\0','轮台县',2,0,4525425,'\0'),(4525428,'2013-07-30 15:41:10','\0','尉犁县',2,0,4525425,'\0'),(4525429,'2013-07-30 15:41:10','\0','若羌县',2,0,4525425,'\0'),(4525430,'2013-07-30 15:41:10','\0','且末县',2,0,4525425,'\0'),(4525431,'2013-07-30 15:41:11','\0','焉耆回族自治县',2,0,4525425,'\0'),(4525432,'2013-07-30 15:41:11','\0','和静县',2,0,4525425,'\0'),(4525433,'2013-07-30 15:41:11','\0','和硕县',2,0,4525425,'\0'),(4525434,'2013-07-30 15:41:11','\0','博湖县',2,0,4525425,'\0'),(4525435,'2013-07-30 15:41:11','\0','阿克苏地区',1,0,4525388,'\0'),(4525436,'2013-07-30 15:41:11','\0','阿克苏市',2,0,4525435,'\0'),(4525437,'2013-07-30 15:41:11','\0','温宿县',2,0,4525435,'\0'),(4525438,'2013-07-30 15:41:11','\0','库车县',2,0,4525435,'\0'),(4525439,'2013-07-30 15:41:11','\0','沙雅县',2,0,4525435,'\0'),(4525440,'2013-07-30 15:41:11','\0','新和县',2,0,4525435,'\0'),(4525441,'2013-07-30 15:41:12','\0','拜城县',2,0,4525435,'\0'),(4525442,'2013-07-30 15:41:12','\0','乌什县',2,0,4525435,'\0'),(4525443,'2013-07-30 15:41:12','\0','阿瓦提县',2,0,4525435,'\0'),(4525444,'2013-07-30 15:41:12','\0','柯坪县',2,0,4525435,'\0'),(4525445,'2013-07-30 15:41:12','\0','克孜勒苏柯尔克孜自治州',1,0,4525388,'\0'),(4525446,'2013-07-30 15:41:12','\0','阿图什市',2,0,4525445,'\0'),(4525447,'2013-07-30 15:41:12','\0','阿克陶县',2,0,4525445,'\0'),(4525448,'2013-07-30 15:41:12','\0','阿合奇县',2,0,4525445,'\0'),(4525449,'2013-07-30 15:41:12','\0','乌恰县',2,0,4525445,'\0'),(4525450,'2013-07-30 15:41:13','\0','喀什地区',1,0,4525388,'\0'),(4525451,'2013-07-30 15:41:13','\0','喀什市',2,0,4525450,'\0'),(4525452,'2013-07-30 15:41:13','\0','疏附县',2,0,4525450,'\0'),(4525453,'2013-07-30 15:41:13','\0','疏勒县',2,0,4525450,'\0'),(4525454,'2013-07-30 15:41:13','\0','英吉沙县',2,0,4525450,'\0'),(4525455,'2013-07-30 15:41:13','\0','泽普县',2,0,4525450,'\0'),(4525456,'2013-07-30 15:41:13','\0','莎车县',2,0,4525450,'\0'),(4525457,'2013-07-30 15:41:13','\0','叶城县',2,0,4525450,'\0'),(4525458,'2013-07-30 15:41:13','\0','麦盖提县',2,0,4525450,'\0'),(4525459,'2013-07-30 15:41:13','\0','岳普湖县',2,0,4525450,'\0'),(4525460,'2013-07-30 15:41:14','\0','伽师县',2,0,4525450,'\0'),(4525461,'2013-07-30 15:41:14','\0','巴楚县',2,0,4525450,'\0'),(4525462,'2013-07-30 15:41:14','\0','塔什库尔干塔吉克自治县',2,0,4525450,'\0'),(4525463,'2013-07-30 15:41:14','\0','和田地区',1,0,4525388,'\0'),(4525464,'2013-07-30 15:41:14','\0','和田市',2,0,4525463,'\0'),(4525465,'2013-07-30 15:41:14','\0','和田县',2,0,4525463,'\0'),(4525466,'2013-07-30 15:41:14','\0','墨玉县',2,0,4525463,'\0'),(4525467,'2013-07-30 15:41:14','\0','皮山县',2,0,4525463,'\0'),(4525468,'2013-07-30 15:41:14','\0','洛浦县',2,0,4525463,'\0'),(4525469,'2013-07-30 15:41:14','\0','策勒县',2,0,4525463,'\0'),(4525470,'2013-07-30 15:41:15','\0','于田县',2,0,4525463,'\0'),(4525471,'2013-07-30 15:41:15','\0','民丰县',2,0,4525463,'\0'),(4525472,'2013-07-30 15:41:15','\0','伊犁哈萨克自治州',1,0,4525388,'\0'),(4525473,'2013-07-30 15:41:15','\0','伊宁市',2,0,4525472,'\0'),(4525474,'2013-07-30 15:41:15','\0','奎屯市',2,0,4525472,'\0'),(4525475,'2013-07-30 15:41:15','\0','伊宁县',2,0,4525472,'\0'),(4525476,'2013-07-30 15:41:15','\0','察布查尔锡伯自治县',2,0,4525472,'\0'),(4525477,'2013-07-30 15:41:15','\0','霍城县',2,0,4525472,'\0'),(4525478,'2013-07-30 15:41:15','\0','巩留县',2,0,4525472,'\0'),(4525479,'2013-07-30 15:41:16','\0','新源县',2,0,4525472,'\0'),(4525480,'2013-07-30 15:41:16','\0','昭苏县',2,0,4525472,'\0'),(4525481,'2013-07-30 15:41:16','\0','特克斯县',2,0,4525472,'\0'),(4525482,'2013-07-30 15:41:16','\0','尼勒克县',2,0,4525472,'\0'),(4525483,'2013-07-30 15:41:16','\0','塔城地区',1,0,4525388,'\0'),(4525484,'2013-07-30 15:41:16','\0','塔城市',2,0,4525483,'\0'),(4525485,'2013-07-30 15:41:16','\0','乌苏市',2,0,4525483,'\0'),(4525486,'2013-07-30 15:41:16','\0','额敏县',2,0,4525483,'\0'),(4525487,'2013-07-30 15:41:16','\0','沙湾县',2,0,4525483,'\0'),(4525488,'2013-07-30 15:41:17','\0','托里县',2,0,4525483,'\0'),(4525489,'2013-07-30 15:41:17','\0','裕民县',2,0,4525483,'\0'),(4525490,'2013-07-30 15:41:17','\0','和布克赛尔蒙古自治县',2,0,4525483,'\0'),(4525491,'2013-07-30 15:41:17','\0','阿勒泰地区',1,0,4525388,'\0'),(4525492,'2013-07-30 15:41:17','\0','阿勒泰市',2,0,4525491,'\0'),(4525493,'2013-07-30 15:41:17','\0','布尔津县',2,0,4525491,'\0'),(4525494,'2013-07-30 15:41:17','\0','富蕴县',2,0,4525491,'\0'),(4525495,'2013-07-30 15:41:17','\0','福海县',2,0,4525491,'\0'),(4525496,'2013-07-30 15:41:17','\0','哈巴河县',2,0,4525491,'\0'),(4525497,'2013-07-30 15:41:17','\0','青河县',2,0,4525491,'\0'),(4525498,'2013-07-30 15:41:18','\0','吉木乃县',2,0,4525491,'\0'),(4525499,'2013-07-30 15:41:18','\0','自治区直辖县级行政区划',1,0,4525388,'\0'),(4525500,'2013-07-30 15:41:18','\0','石河子市',2,0,4525499,'\0'),(4525501,'2013-07-30 15:41:18','\0','阿拉尔市',2,0,4525499,'\0'),(4525502,'2013-07-30 15:41:18','\0','图木舒克市',2,0,4525499,'\0'),(4525503,'2013-07-30 15:41:18','\0','五家渠市',2,0,4525499,'\0');

UNLOCK TABLES;

/*Table structure for table `shopping_article` */

DROP TABLE IF EXISTS `shopping_article`;

CREATE TABLE `shopping_article` (
  `id` bigint(20) NOT NULL AUTO_INCREMENT,
  `addTime` datetime DEFAULT NULL,
  `deleteStatus` bit(1) NOT NULL,
  `content` longtext,
  `display` bit(1) NOT NULL,
  `mark` varchar(255) DEFAULT NULL,
  `sequence` int(11) NOT NULL,
  `title` varchar(255) DEFAULT NULL,
  `url` varchar(255) DEFAULT NULL,
  `articleClass_id` bigint(20) DEFAULT NULL,
  PRIMARY KEY (`id`),
  KEY `FK226D0CC544EDEDD1` (`articleClass_id`),
  KEY `FK8DAC7D1F34A1CF82` (`articleClass_id`),
  CONSTRAINT `FK226D0CC544EDEDD1` FOREIGN KEY (`articleClass_id`) REFERENCES `shopping_articleclass` (`id`),
  CONSTRAINT `FK8DAC7D1F34A1CF82` FOREIGN KEY (`articleClass_id`) REFERENCES `shopping_articleclass` (`id`)
) ENGINE=InnoDB AUTO_INCREMENT=196624 DEFAULT CHARSET=utf8;

/*Data for the table `shopping_article` */

LOCK TABLES `shopping_article` WRITE;

insert  into `shopping_article`(`id`,`addTime`,`deleteStatus`,`content`,`display`,`mark`,`sequence`,`title`,`url`,`articleClass_id`) values (32776,'2013-12-23 21:44:01','\0','<p style=\"text-indent:24pt;\">\r\n	<span></span><span style=\"font-family:仿宋_GB2312;color:black;font-size:16pt;\"><span style=\"font-family:SimSun;color:#999999;font-size:16px;\">shop科技有限公司是一家高新科技创业公司，由多位</span><span style=\"font-family:SimSun;color:#999999;font-size:16px;\">web</span><span style=\"font-family:SimSun;color:#999999;font-size:16px;\">开发行业内知名专家、国内著名开源框架</span><span style=\"font-family:SimSun;color:#999999;font-size:16px;\">EasyJWeb</span><span style=\"font-family:SimSun;color:#999999;font-size:16px;\">创始人、</span><span style=\"font-family:SimSun;color:#999999;font-size:16px;\">CSDN</span></span><span style=\"font-family:SimSun;color:#999999;font-size:16px;\">&nbsp;</span><span style=\"font-family:SimSun;color:#999999;font-size:16px;\"> Java</span><span style=\"font-family:仿宋_GB2312;color:black;font-size:16pt;\"><span style=\"font-family:SimSun;color:#999999;font-size:16px;\">论坛版主、电子工业出版社</span><span style=\"font-family:SimSun;color:#999999;font-size:16px;\">Java</span><span style=\"font-family:SimSun;color:#999999;font-size:16px;\">专家专业作者共同成立于</span><span style=\"font-family:SimSun;color:#999999;font-size:16px;\">2010</span><span style=\"font-family:SimSun;color:#999999;font-size:16px;\">年，是一家提供专业软件服务、网络服务和企业级解决方案的</span><span style=\"font-family:SimSun;color:#999999;font-size:16px;\">IT</span><span style=\"font-family:SimSun;color:#999999;font-size:16px;\">服务提供商。公司立足自我创业，专门从事</span><span style=\"font-family:SimSun;color:#999999;font-size:16px;\">web</span><span style=\"font-family:SimSun;color:#999999;font-size:16px;\">开发及系统集成业务服务，公司秉承人才之上、诚信经营的策略，公司的核心业务为面向国内外客户提供全方位、高品质的信息系统服务、综合业务系统咨询服务和集成技术服务。</span><span></span></span> \r\n</p>\r\n<p style=\"text-indent:32pt;\">\r\n	<span style=\"font-family:仿宋_GB2312;color:black;font-size:16pt;\"><span style=\"font-family:SimSun;color:#999999;font-size:16px;\">shop将先进的软件技术与</span><span style=\"font-family:SimSun;color:#999999;font-size:16px;\">IT</span><span style=\"font-family:SimSun;color:#999999;font-size:16px;\">服务相结合，为政府、企业客户提供高效的信息化解决方案和构筑服务；并通过优秀的咨询服务及强大的</span><span style=\"font-family:SimSun;color:#999999;font-size:16px;\">IT</span><span style=\"font-family:SimSun;color:#999999;font-size:16px;\">服务体系，支持并保障企事业客户业务的正常、高效运行。我们为客户提供的不仅仅是单纯个别的</span><span style=\"font-family:SimSun;color:#999999;font-size:16px;\">IT</span><span style=\"font-family:SimSun;color:#999999;font-size:16px;\">服务，而是针对客户要求，提供包括</span><span style=\"font-family:SimSun;color:#999999;font-size:16px;\">IT</span><span style=\"font-family:SimSun;color:#999999;font-size:16px;\">系统咨询、构筑、维护、运营在内的综合、全面的一站式</span><span style=\"font-family:SimSun;color:#999999;font-size:16px;\">IT</span><span style=\"font-family:SimSun;color:#999999;font-size:16px;\">服务。</span></span><span style=\"font-family:SimSun;color:#999999;font-size:16px;\">&nbsp;</span> \r\n</p>\r\n<p>\r\n	<b><span style=\"font-family:楷体_GB2312;font-size:16pt;\"><span style=\"font-family:SimSun;color:#999999;font-size:16px;\">关于我们：</span><span></span></span></b> \r\n</p>\r\n<p>\r\n	<span style=\"font-family:Arial;font-size:16pt;\"><span style=\"font-family:SimSun;color:#999999;font-size:16px;\">&nbsp;&nbsp;&nbsp;</span><span style=\"font-family:SimSun;color:#999999;font-size:16px;\">&nbsp; </span></span><span style=\"font-family:SimSun;color:#999999;font-size:16px;\">求知是艰苦的，但我们有足够的劲头；</span><span style=\"font-family:SimSun;color:#999999;font-size:16px;\">&nbsp;</span><span style=\"font-family:仿宋_GB2312;font-size:16pt;\"></span> \r\n</p>\r\n<p>\r\n	<span style=\"font-family:Arial;font-size:16pt;\"><span style=\"font-family:SimSun;color:#999999;font-size:16px;\">&nbsp;&nbsp;&nbsp;</span><span style=\"font-family:SimSun;color:#999999;font-size:16px;\">&nbsp; </span></span><span style=\"font-family:仿宋_GB2312;font-size:16pt;\"><span style=\"font-family:SimSun;color:#999999;font-size:16px;\">创业是艰辛的，但我们有足够的激情；</span><span></span></span> \r\n</p>\r\n<p>\r\n	<span style=\"font-family:Arial;font-size:16pt;\"><span style=\"font-family:SimSun;color:#999999;font-size:16px;\">&nbsp;&nbsp;&nbsp;</span><span style=\"font-family:SimSun;color:#999999;font-size:16px;\">&nbsp; </span></span><span style=\"font-family:仿宋_GB2312;font-size:16pt;\"><span style=\"font-family:SimSun;color:#999999;font-size:16px;\">成功是艰难的，但我们有正确的方向；</span><span></span></span> \r\n</p>\r\n<p>\r\n	<span style=\"font-family:Arial;font-size:16pt;\"><span style=\"font-family:SimSun;color:#999999;font-size:16px;\">&nbsp;&nbsp;&nbsp;</span><span style=\"font-family:SimSun;color:#999999;font-size:16px;\">&nbsp; </span></span><span style=\"font-family:SimSun;color:#999999;font-size:16px;\">经过时间的洗礼，我们惟有不变的是年轻的心、旺盛的激情，年轻的我们不图回报，有的只是感恩。</span><span style=\"font-family:Arial;font-size:16pt;\"></span> \r\n</p>\r\n<p>\r\n	<b><span style=\"font-family:SimSun;color:#999999;font-size:16px;\">我们的文化</span></b><span style=\"font-family:Arial;font-size:16pt;\"></span> \r\n</p>\r\n<p>\r\n	<span style=\"font-family:仿宋_GB2312;font-size:16pt;\"><span style=\"font-family:SimSun;color:#999999;font-size:16px;\">　　诚信</span><span style=\"font-family:SimSun;color:#999999;font-size:16px;\">:</span><span style=\"font-family:SimSun;color:#999999;font-size:16px;\">诚信是我们的安身立命之本，忠诚于企业和工作职责。</span></span><span style=\"font-family:SimSun;color:#999999;font-size:16px;\">&nbsp;</span><span style=\"font-family:仿宋_GB2312;font-size:16pt;\"></span> \r\n</p>\r\n<p>\r\n	<span style=\"font-family:仿宋_GB2312;font-size:16pt;\"><span style=\"font-family:SimSun;color:#999999;font-size:16px;\">　　敬业</span><span style=\"font-family:SimSun;color:#999999;font-size:16px;\">:</span><span style=\"font-family:SimSun;color:#999999;font-size:16px;\">不断挑战困难、挑战自我、不断的提高、完善，追求做到最好。</span></span><span style=\"font-family:Arial;font-size:16pt;\"></span> \r\n</p>\r\n<p>\r\n	<span style=\"font-family:仿宋_GB2312;font-size:16pt;\"><span style=\"font-family:SimSun;color:#999999;font-size:16px;\">　　创新</span><span style=\"font-family:SimSun;color:#999999;font-size:16px;\">:</span><span style=\"font-family:SimSun;color:#999999;font-size:16px;\">不断超越过去，不断进取，善于学习、总结和提炼。</span></span><span style=\"font-family:Arial;font-size:16pt;\"></span> \r\n</p>\r\n<p>\r\n	<b><span style=\"font-family:楷体_GB2312;font-size:16pt;\"><span style=\"font-family:SimSun;color:#999999;font-size:16px;\">我们的宗旨</span><span></span></span></b> \r\n</p>\r\n<p>\r\n	<span style=\"font-family:SimSun;color:#999999;font-size:16px;\">　　</span><span style=\"font-family:SimSun;color:#999999;font-size:16px;\">&nbsp;</span><span style=\"font-family:SimSun;color:#999999;font-size:16px;\">以人为本</span><span style=\"font-family:Arial;font-size:16pt;\"></span> \r\n</p>\r\n<p>\r\n	<span style=\"font-family:SimSun;color:#999999;font-size:16px;\">　　</span><span style=\"font-family:SimSun;color:#999999;font-size:16px;\">&nbsp;</span><span style=\"font-family:SimSun;color:#999999;font-size:16px;\">以客户为中心</span><span style=\"font-family:SimSun;color:#999999;font-size:16px;\">&nbsp;</span><span style=\"font-family:仿宋_GB2312;font-size:16pt;\"></span> \r\n</p>\r\n<p>\r\n	<span style=\"font-family:SimSun;color:#999999;font-size:16px;\">　　</span><span style=\"font-family:SimSun;color:#999999;font-size:16px;\">&nbsp;</span><span style=\"font-family:SimSun;color:#999999;font-size:16px;\">以知识为动力</span><span style=\"font-family:SimSun;color:#999999;font-size:16px;\">&nbsp;</span><span style=\"font-family:仿宋_GB2312;font-size:16pt;\"></span> \r\n</p>\r\n<p>\r\n	<b><span style=\"font-family:楷体_GB2312;font-size:16pt;\"><span style=\"font-family:SimSun;color:#999999;font-size:16px;\">我们的目标</span><span></span></span></b> \r\n</p>\r\n<p style=\"text-indent:32.25pt;\">\r\n	<span style=\"font-family:仿宋_GB2312;font-size:16pt;\"><span style=\"font-family:SimSun;font-size:16px;\"><span></span><span style=\"color:#999999;\">开发每一款让用户满意的软件产品</span></span><span></span></span><span style=\"font-family:仿宋_GB2312;font-size:16pt;\"><span style=\"font-family:SimSun;font-size:16px;\"></span></span> \r\n</p>\r\n<p style=\"text-indent:32.25pt;\">\r\n	<span style=\"font-family:仿宋_GB2312;font-size:16pt;\"><span style=\"font-family:SimSun;color:#999999;font-size:16px;\">为客户提供满意的服务</span><span></span></span><span style=\"font-family:仿宋_GB2312;font-size:16pt;\"><span style=\"font-family:SimSun;font-size:16px;\"><br />\r\n</span></span>\r\n</p>\r\n<p style=\"text-indent:32.25pt;\">\r\n	<span style=\"font-family:仿宋_GB2312;font-size:16pt;\"><span style=\"font-family:SimSun;font-size:16px;\"><span style=\"font-family:仿宋_GB2312;color:#999999;font-size:16pt;\"><span style=\"font-family:SimSun;color:#999999;font-size:16px;\">为社会尽自己的一份责任</span></span><br />\r\n</span><span></span><span></span></span>\r\n</p>','','about',0,'关于shopping','',163841),(196617,'2016-03-31 14:52:47','\0','shop2.0火热上线','','',0,'shop2.0火热上线','',163842),(196618,'2016-03-31 14:53:37','\0','微信WAP版上线，欢迎广大顾客围观','','',0,'微信WAP版上线，欢迎广大顾客围观','',1),(196619,'2016-03-31 14:54:22','\0','关于安装问题，技术人员会详细解决的','','',0,'关于安装问题，技术人员会详细解决','',1),(196620,'2016-03-31 14:55:18','\0','近期修复相关bug','','',0,'近期修复bug，您可在演示环境测试','',1),(196621,'2016-03-31 14:55:51','\0','app研发计划已经启动','','',0,'app研发计划已经启动','',163841),(196622,'2016-03-31 14:56:19','\0','代码中新增部分注释','','',0,'代码中新增部分注释','',1),(196623,'2016-03-31 15:04:26','\0','近期会加入微信扫码支付，新增pc支付方式','','',0,'近期会加入微信扫码，新增pc支付','',1);

UNLOCK TABLES;

/*Table structure for table `shopping_articleclass` */

DROP TABLE IF EXISTS `shopping_articleclass`;

CREATE TABLE `shopping_articleclass` (
  `id` bigint(20) NOT NULL AUTO_INCREMENT,
  `addTime` datetime DEFAULT NULL,
  `deleteStatus` bit(1) NOT NULL,
  `className` varchar(255) DEFAULT NULL,
  `level` int(11) NOT NULL,
  `mark` varchar(255) DEFAULT NULL,
  `sequence` int(11) NOT NULL,
  `sysClass` bit(1) NOT NULL,
  `parent_id` bigint(20) DEFAULT NULL,
  PRIMARY KEY (`id`),
  KEY `FK29AACFD3987F7269` (`parent_id`),
  KEY `FKA62587B98833541A` (`parent_id`),
  CONSTRAINT `FK29AACFD3987F7269` FOREIGN KEY (`parent_id`) REFERENCES `shopping_articleclass` (`id`),
  CONSTRAINT `FKA62587B98833541A` FOREIGN KEY (`parent_id`) REFERENCES `shopping_articleclass` (`id`)
) ENGINE=InnoDB AUTO_INCREMENT=163844 DEFAULT CHARSET=utf8;

/*Data for the table `shopping_articleclass` */

LOCK TABLES `shopping_articleclass` WRITE;

insert  into `shopping_articleclass`(`id`,`addTime`,`deleteStatus`,`className`,`level`,`mark`,`sequence`,`sysClass`,`parent_id`) values (1,'2013-08-23 16:13:51','\0','商城新闻',0,'news',1,'',NULL),(98304,'2013-08-25 10:18:49','\0','帮助中心 ',0,'help',2,'',NULL),(98306,'2013-08-25 10:21:10','\0','店主之家',0,'seller',3,'',NULL),(98307,'2013-08-25 10:21:26','\0','支付方式',0,'pay',4,'',NULL),(131072,'2013-08-25 10:23:18','\0','售后服务 ',0,'sold',5,'',NULL),(163840,'2013-08-25 10:29:55','\0','客服中心',0,'service',6,'',NULL),(163841,'2013-08-25 10:30:08','\0','关于我们',0,'about',8,'',NULL),(163842,'2015-02-26 10:15:06','\0','新手上路',0,'newuser',0,'',NULL),(163843,'2015-02-26 10:25:33','\0','特色服务',0,'feature',7,'',NULL);

UNLOCK TABLES;

/*Table structure for table `shopping_bargain` */

DROP TABLE IF EXISTS `shopping_bargain`;

CREATE TABLE `shopping_bargain` (
  `id` bigint(20) NOT NULL AUTO_INCREMENT,
  `addTime` datetime DEFAULT NULL,
  `deleteStatus` bit(1) NOT NULL,
  `bargain_time` date DEFAULT NULL,
  `maximum` int(11) DEFAULT '0',
  `rebate` decimal(3,2) DEFAULT NULL,
  `state` longtext,
  PRIMARY KEY (`id`),
  UNIQUE KEY `id` (`id`)
) ENGINE=InnoDB AUTO_INCREMENT=3 DEFAULT CHARSET=utf8;

/*Data for the table `shopping_bargain` */

LOCK TABLES `shopping_bargain` WRITE;

insert  into `shopping_bargain`(`id`,`addTime`,`deleteStatus`,`bargain_time`,`maximum`,`rebate`,`state`) values (2,'2014-09-26 16:59:50','\0','2014-09-29',300,'6.00','国庆六折大酬宾');

UNLOCK TABLES;

/*Table structure for table `shopping_bargain_goods` */

DROP TABLE IF EXISTS `shopping_bargain_goods`;

CREATE TABLE `shopping_bargain_goods` (
  `id` bigint(20) NOT NULL AUTO_INCREMENT,
  `addTime` datetime DEFAULT NULL,
  `deleteStatus` bit(1) NOT NULL,
  `bg_price` decimal(12,2) DEFAULT NULL,
  `bg_status` int(11) NOT NULL,
  `bg_time` date DEFAULT NULL,
  `bg_admin_user_id` bigint(20) DEFAULT NULL,
  `bg_goods_id` bigint(20) DEFAULT NULL,
  `bg_count` int(11) DEFAULT '1',
  `bg_rebate` decimal(3,1) DEFAULT NULL,
  `audit_time` datetime DEFAULT NULL,
  PRIMARY KEY (`id`),
  UNIQUE KEY `id` (`id`),
  KEY `FKECBE5852AB0DFB98` (`bg_admin_user_id`),
  KEY `FKECBE585282133C8C` (`bg_goods_id`),
  CONSTRAINT `FKECBE585282133C8C` FOREIGN KEY (`bg_goods_id`) REFERENCES `shopping_goods` (`id`),
  CONSTRAINT `FKECBE5852AB0DFB98` FOREIGN KEY (`bg_admin_user_id`) REFERENCES `shopping_user` (`id`)
) ENGINE=InnoDB AUTO_INCREMENT=59 DEFAULT CHARSET=utf8;

/*Data for the table `shopping_bargain_goods` */

LOCK TABLES `shopping_bargain_goods` WRITE;

insert  into `shopping_bargain_goods`(`id`,`addTime`,`deleteStatus`,`bg_price`,`bg_status`,`bg_time`,`bg_admin_user_id`,`bg_goods_id`,`bg_count`,`bg_rebate`,`audit_time`) values (1,'2014-09-25 21:50:50','\0','480.00',1,'2014-09-26',NULL,98391,0,'8.0','2014-09-25 14:24:36'),(2,'2014-09-25 11:37:55','\0','675.00',1,'2014-09-26',NULL,98451,0,'7.5','2014-09-25 14:24:37'),(3,'2014-09-25 11:37:56','\0','112.50',1,'2014-09-26',NULL,98448,0,'7.5','2014-09-25 14:24:36'),(4,'2014-09-25 11:37:56','\0','270.00',1,'2014-09-26',NULL,98443,0,'7.5','2014-09-25 14:24:36'),(5,'2014-09-25 11:37:56','\0','3000.00',1,'2014-09-26',NULL,98437,0,'7.5','2014-09-25 14:24:37'),(6,'2014-09-25 11:37:56','\0','4249.50',1,'2014-09-26',NULL,98432,0,'7.5','2014-09-25 14:24:37'),(7,'2014-09-25 11:37:56','\0','2749.50',1,'2014-09-26',NULL,98430,0,'7.5','2014-09-25 14:24:37'),(8,'2014-09-26 15:02:27','\0','3200.00',1,'2014-09-27',NULL,98456,0,'8.0','2014-09-26 15:04:22'),(9,'2014-09-26 15:02:28','\0','2880.00',1,'2014-09-27',NULL,98455,0,'8.0','2014-09-26 15:04:21'),(10,'2014-09-26 15:02:28','\0','6392.00',1,'2014-09-27',NULL,98454,0,'8.0','2014-09-26 15:04:21'),(11,'2014-09-26 15:02:29','\0','15110.40',1,'2014-09-27',NULL,98453,0,'8.0','2014-09-26 15:04:21'),(12,'2014-09-26 15:02:29','\0','1568.00',1,'2014-09-27',NULL,98452,0,'8.0','2014-09-26 15:04:20'),(13,'2014-09-26 15:02:29','\0','560.00',1,'2014-09-27',NULL,98450,0,'8.0','2014-09-26 15:04:20'),(14,'2014-09-26 15:02:29','\0','292.80',1,'2014-09-27',NULL,98449,0,'8.0','2014-09-26 15:04:20'),(15,'2014-09-26 15:02:29','\0','1568.00',1,'2014-09-27',NULL,98447,0,'8.0','2014-09-26 15:04:19'),(16,'2014-09-26 15:02:29','\0','640.00',1,'2014-09-27',NULL,98446,0,'8.0','2014-09-26 15:04:19'),(17,'2014-09-26 15:02:29','\0','364.00',1,'2014-09-27',NULL,98445,0,'8.0','2014-09-26 15:04:19'),(18,'2014-09-26 15:02:30','\0','240.00',1,'2014-09-27',NULL,98444,0,'8.0','2014-09-26 15:04:18'),(19,'2014-09-26 15:02:30','\0','320.00',1,'2014-09-27',NULL,98442,0,'8.0','2014-09-26 15:04:18'),(20,'2014-09-27 16:12:13','\0','24.00',0,'2014-09-28',NULL,98441,0,'8.0',NULL),(21,'2014-09-27 16:12:14','\0','28.80',0,'2014-09-28',NULL,98440,0,'8.0',NULL),(22,'2014-09-27 16:12:15','\0','23.20',1,'2014-09-28',1,98439,0,'8.0','2014-09-27 16:13:08'),(23,'2014-09-27 16:12:15','\0','7910.40',1,'2014-09-28',1,98438,0,'8.0','2014-09-27 16:13:07'),(24,'2014-09-27 16:12:15','\0','3999.20',1,'2014-09-28',1,98436,0,'8.0','2014-09-27 16:13:06'),(25,'2014-09-27 16:12:16','\0','799.20',1,'2014-09-28',1,98435,0,'8.0','2014-09-27 16:13:06'),(26,'2014-09-27 16:12:16','\0','3840.00',1,'2014-09-28',1,98434,0,'8.0','2014-09-27 16:13:05'),(27,'2014-09-27 16:12:16','\0','1599.20',1,'2014-09-28',1,98433,0,'8.0','2014-09-27 16:13:05'),(28,'2014-09-27 16:12:17','\0','2932.80',1,'2014-09-28',1,98431,0,'8.0','2014-09-27 16:13:04'),(29,'2014-09-27 16:12:17','\0','3992.00',1,'2014-09-28',1,98429,0,'8.0','2014-09-27 16:13:04'),(30,'2014-09-27 16:12:17','\0','52.80',1,'2014-09-28',1,98428,0,'8.0','2014-09-27 16:12:45'),(31,'2014-09-27 16:12:18','\0','48.00',1,'2014-09-28',1,98427,0,'8.0','2014-09-27 16:12:45'),(32,'2014-09-27 16:12:18','\0','3644.00',1,'2014-09-28',1,98426,0,'8.0','2014-09-27 16:12:44'),(33,'2014-09-27 16:12:18','\0','5955.20',1,'2014-09-28',1,98425,0,'8.0','2014-09-27 16:12:44'),(34,'2014-09-27 16:12:19','\0','7999.20',1,'2014-09-28',1,98424,0,'8.0','2014-09-27 16:12:43'),(35,'2014-09-27 16:12:19','\0','4000.00',1,'2014-09-28',1,98423,0,'8.0','2014-09-27 16:12:43'),(36,'2014-09-27 16:12:19','\0','3635.20',1,'2014-09-28',1,98422,0,'8.0','2014-09-27 16:12:44'),(37,'2014-09-27 16:12:20','\0','3200.00',1,'2014-09-28',1,98421,0,'8.0','2014-09-27 16:12:42'),(38,'2014-09-27 16:12:20','\0','1066.40',1,'2014-09-28',1,98420,0,'8.0','2014-09-27 16:12:42'),(39,'2014-09-27 16:12:20','\0','640.00',1,'2014-09-28',1,98419,0,'8.0','2014-09-27 16:12:42'),(40,'2014-09-27 16:12:21','\0','444.00',1,'2014-09-28',1,98418,0,'8.0','2014-09-27 16:12:41'),(41,'2014-09-27 16:12:21','\0','1200.00',1,'2014-09-28',1,98417,0,'8.0','2014-09-27 16:12:41'),(42,'2015-02-28 17:29:06','\0','2880.00',-2,'2015-03-01',1,98455,0,'8.0','2015-02-28 17:31:21'),(43,'2015-02-28 17:29:06','\0','1568.00',1,'2015-03-01',1,98452,0,'8.0','2015-02-28 17:32:07'),(44,'2015-02-28 17:29:06','\0','364.00',1,'2015-03-01',1,98445,0,'8.0','2015-02-28 17:32:07'),(45,'2015-02-28 17:29:06','\0','800.00',1,'2015-03-01',1,98415,0,'8.0','2015-02-28 17:32:07'),(46,'2015-02-28 17:29:06','\0','1332.80',1,'2015-03-01',1,98413,0,'8.0','2015-02-28 17:32:07'),(47,'2015-02-28 17:29:06','\0','712.00',1,'2015-03-01',1,98412,0,'8.0','2015-02-28 17:31:22'),(48,'2015-02-28 17:29:06','\0','640.00',1,'2015-03-01',1,98411,0,'8.0','2015-02-28 17:31:22'),(49,'2015-02-28 17:29:06','\0','480.00',1,'2015-03-01',1,98410,0,'8.0','2015-02-28 17:31:22'),(50,'2015-02-28 17:29:06','\0','3910.40',1,'2015-03-01',1,98407,0,'8.0','2015-02-28 17:31:21'),(51,'2015-02-28 17:29:06','\0','308.80',1,'2015-03-01',1,98406,0,'8.0','2015-02-28 17:31:21'),(52,'2015-02-28 17:29:06','\0','100.80',1,'2015-03-01',1,98404,0,'8.0','2015-02-28 17:31:21'),(53,'2015-02-28 17:29:06','\0','3199.20',1,'2015-03-01',1,98403,0,'8.0','2015-02-28 17:31:21'),(54,'2015-02-28 17:29:06','\0','453.60',1,'2015-03-01',1,98402,0,'8.0','2015-02-28 17:31:21'),(55,'2015-02-28 17:29:06','\0','18.40',1,'2015-03-01',1,98400,0,'8.0','2015-02-28 17:31:21'),(56,'2015-02-28 17:29:06','\0','480.00',1,'2015-03-01',1,98399,0,'8.0','2015-02-28 17:31:21'),(57,'2015-02-28 17:29:06','\0','80.00',1,'2015-03-01',1,98397,0,'8.0','2015-02-28 17:31:21'),(58,'2015-02-28 17:29:06','\0','190.40',1,'2015-03-01',1,98396,0,'8.0','2015-02-28 17:32:07');

UNLOCK TABLES;

/*Table structure for table `shopping_brandcategory` */

DROP TABLE IF EXISTS `shopping_brandcategory`;

CREATE TABLE `shopping_brandcategory` (
  `id` bigint(20) NOT NULL AUTO_INCREMENT,
  `addTime` datetime DEFAULT NULL,
  `deleteStatus` bit(1) NOT NULL,
  `name` varchar(255) DEFAULT NULL,
  `sequence` int(11) NOT NULL,
  PRIMARY KEY (`id`)
) ENGINE=InnoDB AUTO_INCREMENT=5 DEFAULT CHARSET=utf8;

/*Data for the table `shopping_brandcategory` */

LOCK TABLES `shopping_brandcategory` WRITE;

insert  into `shopping_brandcategory`(`id`,`addTime`,`deleteStatus`,`name`,`sequence`) values (1,'2013-12-24 09:50:45','\0','男装',0),(2,'2013-12-24 09:59:10','\0','女装',0),(3,'2013-12-24 10:07:10','\0','数码',0),(4,'2013-12-24 10:09:05','\0','运动',0);

UNLOCK TABLES;

/*Table structure for table `shopping_cart_gsp` */

DROP TABLE IF EXISTS `shopping_cart_gsp`;

CREATE TABLE `shopping_cart_gsp` (
  `cart_id` bigint(20) NOT NULL,
  `gsp_id` bigint(20) NOT NULL,
  KEY `FK718B005C6B9FD208` (`cart_id`),
  KEY `FK718B005C2F8BE734` (`gsp_id`),
  CONSTRAINT `FK718B005C2F8BE734` FOREIGN KEY (`gsp_id`) REFERENCES `shopping_goodsspecproperty` (`id`),
  CONSTRAINT `FK718B005C6B9FD208` FOREIGN KEY (`cart_id`) REFERENCES `shopping_goodscart` (`id`)
) ENGINE=InnoDB DEFAULT CHARSET=utf8;

/*Data for the table `shopping_cart_gsp` */

LOCK TABLES `shopping_cart_gsp` WRITE;

insert  into `shopping_cart_gsp`(`cart_id`,`gsp_id`) values (1,14),(1,32768),(32768,3),(32768,32769),(65536,32772),(65536,5),(65537,3),(65537,32769),(98304,3),(98304,32768),(131072,14),(131072,32769),(163840,14),(163840,32768),(196608,14),(196608,32768),(229395,14),(229395,32772),(229396,14),(229396,32769),(229397,14),(229397,32769),(229398,14),(229398,32768),(229399,14),(229399,32769),(229400,14),(229400,32772),(229401,14),(229401,32769),(229402,14),(229402,32768),(229407,14),(229407,32769),(229409,14),(229409,32768),(229438,14),(229438,32772),(229441,14),(229441,32768),(229532,16),(229532,32769),(229586,2),(229586,32769),(229587,3),(229587,32769),(229597,14),(229598,14),(229599,14),(229600,14),(229601,2),(229608,14),(229608,32768),(229609,2),(229609,32768),(229610,2),(229610,32769),(229611,2),(229611,32772),(229612,3),(229612,32769),(229613,3),(229615,14),(229615,32768),(229616,2),(229616,32768),(229618,3),(229618,32768),(229619,2),(229619,32769),(229620,2),(229620,32768),(229629,14),(229629,32769),(229631,14),(229631,32768),(229632,2),(229632,32768),(229634,1),(229635,3),(229637,3),(229638,3),(229640,2),(229640,32768),(229642,2),(229642,32769),(229646,32769),(229646,4),(229673,3),(229673,32769),(229677,14),(229677,32769),(229678,14),(229678,32769),(229679,14),(229679,32769),(229682,20),(229682,32770),(229683,32769),(229683,6),(229689,20),(229689,32773),(229690,19),(229690,32773),(229691,16),(229691,32768);

UNLOCK TABLES;

/*Table structure for table `shopping_chatting` */

DROP TABLE IF EXISTS `shopping_chatting`;

CREATE TABLE `shopping_chatting` (
  `id` bigint(20) NOT NULL AUTO_INCREMENT,
  `addTime` datetime DEFAULT NULL,
  `deleteStatus` bit(1) NOT NULL,
  `type` int(11) DEFAULT '0',
  `user1_id` bigint(20) DEFAULT NULL,
  `user2_id` bigint(20) DEFAULT NULL,
  PRIMARY KEY (`id`),
  UNIQUE KEY `id` (`id`),
  KEY `FKC6DDCF3D16F36727` (`user1_id`),
  KEY `FKC6DDCF3D16F3DB86` (`user2_id`),
  CONSTRAINT `FKC6DDCF3D16F36727` FOREIGN KEY (`user1_id`) REFERENCES `shopping_user` (`id`),
  CONSTRAINT `FKC6DDCF3D16F3DB86` FOREIGN KEY (`user2_id`) REFERENCES `shopping_user` (`id`)
) ENGINE=InnoDB DEFAULT CHARSET=utf8;

/*Data for the table `shopping_chatting` */

LOCK TABLES `shopping_chatting` WRITE;

UNLOCK TABLES;

/*Table structure for table `shopping_chattingfriend` */

DROP TABLE IF EXISTS `shopping_chattingfriend`;

CREATE TABLE `shopping_chattingfriend` (
  `id` bigint(20) NOT NULL AUTO_INCREMENT,
  `addTime` datetime DEFAULT NULL,
  `deleteStatus` bit(1) NOT NULL,
  `type` int(11) DEFAULT '1',
  `friend_id` bigint(20) DEFAULT NULL,
  `user_id` bigint(20) DEFAULT NULL,
  `friendUser_id` bigint(20) DEFAULT NULL,
  PRIMARY KEY (`id`),
  UNIQUE KEY `id` (`id`),
  KEY `FK9DBC61B5537B6C51` (`user_id`),
  KEY `FK9DBC61B516CF789E` (`friend_id`),
  KEY `FK9DBC61B584EFD3F3` (`friendUser_id`),
  KEY `FKE668B81B1E208F02` (`user_id`),
  KEY `FKE668B81B4F94F6A4` (`friendUser_id`),
  CONSTRAINT `FK9DBC61B516CF789E` FOREIGN KEY (`friend_id`) REFERENCES `shopping_user` (`id`),
  CONSTRAINT `FK9DBC61B5537B6C51` FOREIGN KEY (`user_id`) REFERENCES `shopping_user` (`id`),
  CONSTRAINT `FK9DBC61B584EFD3F3` FOREIGN KEY (`friendUser_id`) REFERENCES `shopping_user` (`id`),
  CONSTRAINT `FKE668B81B1E208F02` FOREIGN KEY (`user_id`) REFERENCES `shopping_user` (`id`),
  CONSTRAINT `FKE668B81B4F94F6A4` FOREIGN KEY (`friendUser_id`) REFERENCES `shopping_user` (`id`)
) ENGINE=InnoDB DEFAULT CHARSET=utf8;

/*Data for the table `shopping_chattingfriend` */

LOCK TABLES `shopping_chattingfriend` WRITE;

UNLOCK TABLES;

/*Table structure for table `shopping_chattinglog` */

DROP TABLE IF EXISTS `shopping_chattinglog`;

CREATE TABLE `shopping_chattinglog` (
  `id` bigint(20) NOT NULL AUTO_INCREMENT,
  `addTime` datetime DEFAULT NULL,
  `deleteStatus` bit(1) NOT NULL,
  `content` longtext,
  `User_id` bigint(20) DEFAULT NULL,
  `chatting_id` bigint(20) DEFAULT NULL,
  `mark` int(11) DEFAULT '0',
  PRIMARY KEY (`id`),
  UNIQUE KEY `id` (`id`),
  KEY `FK4E392EE73236E522` (`chatting_id`),
  KEY `FK4E392EE71E208F02` (`User_id`),
  CONSTRAINT `FK4E392EE71E208F02` FOREIGN KEY (`User_id`) REFERENCES `shopping_user` (`id`),
  CONSTRAINT `FK4E392EE73236E522` FOREIGN KEY (`chatting_id`) REFERENCES `shopping_chatting` (`id`)
) ENGINE=InnoDB DEFAULT CHARSET=utf8;

/*Data for the table `shopping_chattinglog` */

LOCK TABLES `shopping_chattinglog` WRITE;

UNLOCK TABLES;

/*Table structure for table `shopping_combin_log` */

DROP TABLE IF EXISTS `shopping_combin_log`;

CREATE TABLE `shopping_combin_log` (
  `id` bigint(20) NOT NULL AUTO_INCREMENT,
  `addTime` datetime DEFAULT NULL,
  `deleteStatus` bit(1) NOT NULL,
  `begin_time` datetime DEFAULT NULL,
  `end_time` datetime DEFAULT NULL,
  `gold` int(11) NOT NULL,
  `store_id` bigint(20) DEFAULT NULL,
  PRIMARY KEY (`id`),
  UNIQUE KEY `id` (`id`),
  KEY `FK1CEAE93C920D7683` (`store_id`),
  KEY `FKA85E62A21C0CA9F2` (`store_id`),
  CONSTRAINT `FK1CEAE93C920D7683` FOREIGN KEY (`store_id`) REFERENCES `shopping_store` (`id`),
  CONSTRAINT `FKA85E62A21C0CA9F2` FOREIGN KEY (`store_id`) REFERENCES `shopping_store` (`id`)
) ENGINE=InnoDB AUTO_INCREMENT=2 DEFAULT CHARSET=utf8;

/*Data for the table `shopping_combin_log` */

LOCK TABLES `shopping_combin_log` WRITE;

insert  into `shopping_combin_log`(`id`,`addTime`,`deleteStatus`,`begin_time`,`end_time`,`gold`,`store_id`) values (1,'2014-10-09 12:13:35','\0','2014-10-09 12:13:35','2015-08-09 12:13:35',600,1);

UNLOCK TABLES;

/*Table structure for table `shopping_complaint` */

DROP TABLE IF EXISTS `shopping_complaint`;

CREATE TABLE `shopping_complaint` (
  `id` bigint(20) NOT NULL AUTO_INCREMENT,
  `addTime` datetime DEFAULT NULL,
  `deleteStatus` bit(1) NOT NULL,
  `appeal_time` datetime DEFAULT NULL,
  `from_user_content` longtext,
  `handle_content` longtext,
  `handle_time` datetime DEFAULT NULL,
  `status` int(11) NOT NULL,
  `talk_content` longtext,
  `to_user_content` longtext,
  `type` varchar(255) DEFAULT NULL,
  `cs_id` bigint(20) DEFAULT NULL,
  `from_acc1_id` bigint(20) DEFAULT NULL,
  `from_acc2_id` bigint(20) DEFAULT NULL,
  `from_acc3_id` bigint(20) DEFAULT NULL,
  `from_user_id` bigint(20) DEFAULT NULL,
  `handle_user_id` bigint(20) DEFAULT NULL,
  `of_id` bigint(20) DEFAULT NULL,
  `to_acc1_id` bigint(20) DEFAULT NULL,
  `to_acc2_id` bigint(20) DEFAULT NULL,
  `to_acc3_id` bigint(20) DEFAULT NULL,
  `to_user_id` bigint(20) DEFAULT NULL,
  PRIMARY KEY (`id`),
  KEY `FK5F874694BAA5A510` (`to_acc1_id`),
  KEY `FK5F874694D215FBEB` (`handle_user_id`),
  KEY `FK5F874694A5A3993E` (`to_user_id`),
  KEY `FK5F8746942B4D839E` (`from_acc2_id`),
  KEY `FK5F8746942B4D0F3F` (`from_acc1_id`),
  KEY `FK5F874694BAA68DCE` (`to_acc3_id`),
  KEY `FK5F8746942B4DF7FD` (`from_acc3_id`),
  KEY `FK5F874694CCC27273` (`cs_id`),
  KEY `FK5F874694BAA6196F` (`to_acc2_id`),
  KEY `FK5F874694164B036D` (`from_user_id`),
  KEY `FK5F874694E66AF58D` (`of_id`),
  CONSTRAINT `FK5F874694164B036D` FOREIGN KEY (`from_user_id`) REFERENCES `shopping_user` (`id`),
  CONSTRAINT `FK5F8746942B4D0F3F` FOREIGN KEY (`from_acc1_id`) REFERENCES `shopping_accessory` (`id`),
  CONSTRAINT `FK5F8746942B4D839E` FOREIGN KEY (`from_acc2_id`) REFERENCES `shopping_accessory` (`id`),
  CONSTRAINT `FK5F8746942B4DF7FD` FOREIGN KEY (`from_acc3_id`) REFERENCES `shopping_accessory` (`id`),
  CONSTRAINT `FK5F874694A5A3993E` FOREIGN KEY (`to_user_id`) REFERENCES `shopping_user` (`id`),
  CONSTRAINT `FK5F874694BAA5A510` FOREIGN KEY (`to_acc1_id`) REFERENCES `shopping_accessory` (`id`),
  CONSTRAINT `FK5F874694BAA6196F` FOREIGN KEY (`to_acc2_id`) REFERENCES `shopping_accessory` (`id`),
  CONSTRAINT `FK5F874694BAA68DCE` FOREIGN KEY (`to_acc3_id`) REFERENCES `shopping_accessory` (`id`),
  CONSTRAINT `FK5F874694CCC27273` FOREIGN KEY (`cs_id`) REFERENCES `shopping_complaint_subject` (`id`),
  CONSTRAINT `FK5F874694D215FBEB` FOREIGN KEY (`handle_user_id`) REFERENCES `shopping_user` (`id`),
  CONSTRAINT `FK5F874694E66AF58D` FOREIGN KEY (`of_id`) REFERENCES `shopping_orderform` (`id`)
) ENGINE=InnoDB DEFAULT CHARSET=utf8;

/*Data for the table `shopping_complaint` */

LOCK TABLES `shopping_complaint` WRITE;

UNLOCK TABLES;

/*Table structure for table `shopping_complaint_goods` */

DROP TABLE IF EXISTS `shopping_complaint_goods`;

CREATE TABLE `shopping_complaint_goods` (
  `id` bigint(20) NOT NULL AUTO_INCREMENT,
  `addTime` datetime DEFAULT NULL,
  `deleteStatus` bit(1) NOT NULL,
  `content` longtext,
  `complaint_id` bigint(20) DEFAULT NULL,
  `goods_id` bigint(20) DEFAULT NULL,
  PRIMARY KEY (`id`),
  KEY `FK8F9101EB339519D2` (`goods_id`),
  KEY `FK8F9101EBA599F1B2` (`complaint_id`),
  CONSTRAINT `FK8F9101EB339519D2` FOREIGN KEY (`goods_id`) REFERENCES `shopping_goods` (`id`),
  CONSTRAINT `FK8F9101EBA599F1B2` FOREIGN KEY (`complaint_id`) REFERENCES `shopping_complaint` (`id`)
) ENGINE=InnoDB DEFAULT CHARSET=utf8;

/*Data for the table `shopping_complaint_goods` */

LOCK TABLES `shopping_complaint_goods` WRITE;

UNLOCK TABLES;

/*Table structure for table `shopping_complaint_subject` */

DROP TABLE IF EXISTS `shopping_complaint_subject`;

CREATE TABLE `shopping_complaint_subject` (
  `id` bigint(20) NOT NULL AUTO_INCREMENT,
  `addTime` datetime DEFAULT NULL,
  `deleteStatus` bit(1) NOT NULL,
  `content` longtext,
  `title` varchar(255) DEFAULT NULL,
  `type` varchar(255) DEFAULT NULL,
  PRIMARY KEY (`id`)
) ENGINE=InnoDB DEFAULT CHARSET=utf8;

/*Data for the table `shopping_complaint_subject` */

LOCK TABLES `shopping_complaint_subject` WRITE;

UNLOCK TABLES;

/*Table structure for table `shopping_consult` */

DROP TABLE IF EXISTS `shopping_consult`;

CREATE TABLE `shopping_consult` (
  `id` bigint(20) NOT NULL AUTO_INCREMENT,
  `addTime` datetime DEFAULT NULL,
  `deleteStatus` bit(1) NOT NULL,
  `consult_content` longtext,
  `consult_email` varchar(255) DEFAULT NULL,
  `consult_reply` longtext,
  `reply` bit(1) NOT NULL,
  `reply_time` datetime DEFAULT NULL,
  `consult_user_id` bigint(20) DEFAULT NULL,
  `goods_id` bigint(20) DEFAULT NULL,
  `reply_user_id` bigint(20) DEFAULT NULL,
  PRIMARY KEY (`id`),
  KEY `FK86CB3BBB66DC9BFC` (`reply_user_id`),
  KEY `FK86CB3BBBA995E663` (`goods_id`),
  KEY `FK86CB3BBBCAAD62FE` (`consult_user_id`),
  KEY `FKF20AAC153181BEAD` (`reply_user_id`),
  KEY `FKF20AAC15339519D2` (`goods_id`),
  KEY `FKF20AAC15955285AF` (`consult_user_id`),
  CONSTRAINT `FK86CB3BBB66DC9BFC` FOREIGN KEY (`reply_user_id`) REFERENCES `shopping_user` (`id`),
  CONSTRAINT `FK86CB3BBBA995E663` FOREIGN KEY (`goods_id`) REFERENCES `shopping_goods` (`id`),
  CONSTRAINT `FK86CB3BBBCAAD62FE` FOREIGN KEY (`consult_user_id`) REFERENCES `shopping_user` (`id`),
  CONSTRAINT `FKF20AAC153181BEAD` FOREIGN KEY (`reply_user_id`) REFERENCES `shopping_user` (`id`),
  CONSTRAINT `FKF20AAC15339519D2` FOREIGN KEY (`goods_id`) REFERENCES `shopping_goods` (`id`),
  CONSTRAINT `FKF20AAC15955285AF` FOREIGN KEY (`consult_user_id`) REFERENCES `shopping_user` (`id`)
) ENGINE=InnoDB DEFAULT CHARSET=utf8;

/*Data for the table `shopping_consult` */

LOCK TABLES `shopping_consult` WRITE;

UNLOCK TABLES;

/*Table structure for table `shopping_coupon` */

DROP TABLE IF EXISTS `shopping_coupon`;

CREATE TABLE `shopping_coupon` (
  `id` bigint(20) NOT NULL AUTO_INCREMENT,
  `addTime` datetime DEFAULT NULL,
  `deleteStatus` bit(1) NOT NULL,
  `coupon_amount` decimal(12,2) DEFAULT NULL,
  `coupon_begin_time` date DEFAULT NULL,
  `coupon_count` int(11) NOT NULL,
  `coupon_end_time` date DEFAULT NULL,
  `coupon_name` varchar(255) DEFAULT NULL,
  `coupon_order_amount` decimal(12,2) DEFAULT NULL,
  `coupon_acc_id` bigint(20) DEFAULT NULL,
  PRIMARY KEY (`id`),
  UNIQUE KEY `id` (`id`),
  KEY `FK1013FEDD31C9FEBC` (`coupon_acc_id`),
  CONSTRAINT `FK1013FEDD31C9FEBC` FOREIGN KEY (`coupon_acc_id`) REFERENCES `shopping_accessory` (`id`)
) ENGINE=InnoDB AUTO_INCREMENT=4 DEFAULT CHARSET=utf8;

/*Data for the table `shopping_coupon` */

LOCK TABLES `shopping_coupon` WRITE;

insert  into `shopping_coupon`(`id`,`addTime`,`deleteStatus`,`coupon_amount`,`coupon_begin_time`,`coupon_count`,`coupon_end_time`,`coupon_name`,`coupon_order_amount`,`coupon_acc_id`) values (1,'2014-09-23 16:42:45','\0','5.00','2014-09-01',10,'2014-12-31','5元优惠券','100.00',425993),(2,'2014-09-23 19:52:36','\0','10.00','2014-09-01',100,'2014-12-31','10元优惠券','100.00',425994),(3,'2014-09-24 10:39:07','\0','20.00','2014-09-01',10,'2014-12-31','20元优惠券','200.00',425995);

UNLOCK TABLES;

/*Table structure for table `shopping_coupon_info` */

DROP TABLE IF EXISTS `shopping_coupon_info`;

CREATE TABLE `shopping_coupon_info` (
  `id` bigint(20) NOT NULL AUTO_INCREMENT,
  `addTime` datetime DEFAULT NULL,
  `deleteStatus` bit(1) NOT NULL,
  `coupon_sn` varchar(255) DEFAULT NULL,
  `status` int(11) DEFAULT '0',
  `coupon_id` bigint(20) DEFAULT NULL,
  `user_id` bigint(20) DEFAULT NULL,
  PRIMARY KEY (`id`),
  UNIQUE KEY `id` (`id`),
  KEY `FKE4A2D7682F288B1` (`coupon_id`),
  KEY `FKE4A2D76537B6C51` (`user_id`),
  KEY `FKF145E0D038D9C322` (`coupon_id`),
  KEY `FKF145E0D01E208F02` (`user_id`),
  CONSTRAINT `FKE4A2D76537B6C51` FOREIGN KEY (`user_id`) REFERENCES `shopping_user` (`id`),
  CONSTRAINT `FKE4A2D7682F288B1` FOREIGN KEY (`coupon_id`) REFERENCES `shopping_coupon` (`id`),
  CONSTRAINT `FKF145E0D01E208F02` FOREIGN KEY (`user_id`) REFERENCES `shopping_user` (`id`),
  CONSTRAINT `FKF145E0D038D9C322` FOREIGN KEY (`coupon_id`) REFERENCES `shopping_coupon` (`id`)
) ENGINE=InnoDB AUTO_INCREMENT=2 DEFAULT CHARSET=utf8;

/*Data for the table `shopping_coupon_info` */

LOCK TABLES `shopping_coupon_info` WRITE;

insert  into `shopping_coupon_info`(`id`,`addTime`,`deleteStatus`,`coupon_sn`,`status`,`coupon_id`,`user_id`) values (1,'2014-09-23 16:42:59','\0','3eec33f0-a548-4768-b0d0-3dc152129c03',1,1,1);

UNLOCK TABLES;

/*Table structure for table `shopping_delivery_goods` */

DROP TABLE IF EXISTS `shopping_delivery_goods`;

CREATE TABLE `shopping_delivery_goods` (
  `id` bigint(20) NOT NULL AUTO_INCREMENT,
  `addTime` datetime DEFAULT NULL,
  `deleteStatus` bit(1) NOT NULL,
  `d_status` int(11) NOT NULL,
  `d_admin_user_id` bigint(20) DEFAULT NULL,
  `d_delivery_goods_id` bigint(20) DEFAULT NULL,
  `d_goods_id` bigint(20) DEFAULT NULL,
  `d_begin_time` date DEFAULT NULL,
  `d_end_time` date DEFAULT NULL,
  `d_audit_time` datetime DEFAULT NULL,
  `d_refuse_time` datetime DEFAULT NULL,
  PRIMARY KEY (`id`),
  UNIQUE KEY `id` (`id`),
  KEY `FK858B789CC3254733` (`d_delivery_goods_id`),
  KEY `FK858B789C1BAB47DE` (`d_goods_id`),
  KEY `FK858B789C78FFAAC6` (`d_admin_user_id`),
  KEY `FKCE37CF024D247AA2` (`d_delivery_goods_id`),
  KEY `FKCE37CF02A5AA7B4D` (`d_goods_id`),
  KEY `FKCE37CF0243A4CD77` (`d_admin_user_id`),
  CONSTRAINT `FK858B789C1BAB47DE` FOREIGN KEY (`d_goods_id`) REFERENCES `shopping_goods` (`id`),
  CONSTRAINT `FK858B789C78FFAAC6` FOREIGN KEY (`d_admin_user_id`) REFERENCES `shopping_user` (`id`),
  CONSTRAINT `FK858B789CC3254733` FOREIGN KEY (`d_delivery_goods_id`) REFERENCES `shopping_goods` (`id`),
  CONSTRAINT `FKCE37CF0243A4CD77` FOREIGN KEY (`d_admin_user_id`) REFERENCES `shopping_user` (`id`),
  CONSTRAINT `FKCE37CF024D247AA2` FOREIGN KEY (`d_delivery_goods_id`) REFERENCES `shopping_goods` (`id`),
  CONSTRAINT `FKCE37CF02A5AA7B4D` FOREIGN KEY (`d_goods_id`) REFERENCES `shopping_goods` (`id`)
) ENGINE=InnoDB AUTO_INCREMENT=12 DEFAULT CHARSET=utf8;

/*Data for the table `shopping_delivery_goods` */

LOCK TABLES `shopping_delivery_goods` WRITE;

insert  into `shopping_delivery_goods`(`id`,`addTime`,`deleteStatus`,`d_status`,`d_admin_user_id`,`d_delivery_goods_id`,`d_goods_id`,`d_begin_time`,`d_end_time`,`d_audit_time`,`d_refuse_time`) values (2,'2014-09-28 13:28:39','\0',1,1,32769,3,'2014-09-28','2014-11-28','2014-09-28 16:09:15',NULL),(3,'2014-09-28 13:54:57','\0',1,1,98314,5,'2014-09-28','2014-11-28','2014-09-28 16:09:14',NULL),(4,'2014-09-28 13:56:11','\0',1,1,98370,7,'2014-09-28','2014-11-28','2014-09-28 16:09:14',NULL),(5,'2014-09-28 13:56:47','\0',1,1,32769,4,'2014-09-28','2014-11-28','2014-09-28 16:09:14',NULL),(6,'2014-09-28 13:58:31','\0',1,1,98314,65539,'2014-09-28','2014-11-28','2014-09-28 16:09:12',NULL),(7,'2014-11-29 12:07:31','\0',1,1,98366,65536,'2014-11-29','2020-11-28','2014-11-29 12:10:16',NULL),(8,'2014-11-29 12:08:03','\0',1,1,98314,98321,'2014-11-29','2020-11-28','2014-11-29 12:10:16',NULL),(9,'2014-11-29 12:08:48','\0',1,1,98370,98344,'2014-11-29','2020-11-28','2014-11-29 12:10:16',NULL),(10,'2014-11-29 12:09:23','\0',1,1,98364,98358,'2014-11-29','2020-11-28','2014-11-29 12:10:16',NULL),(11,'2015-02-08 17:39:39','\0',1,1,98366,98342,'2015-02-08','2020-11-28','2015-02-08 17:40:04',NULL);

UNLOCK TABLES;

/*Table structure for table `shopping_delivery_log` */

DROP TABLE IF EXISTS `shopping_delivery_log`;

CREATE TABLE `shopping_delivery_log` (
  `id` bigint(20) NOT NULL AUTO_INCREMENT,
  `addTime` datetime DEFAULT NULL,
  `deleteStatus` bit(1) NOT NULL,
  `begin_time` datetime DEFAULT NULL,
  `end_time` datetime DEFAULT NULL,
  `gold` int(11) NOT NULL,
  `store_id` bigint(20) DEFAULT NULL,
  PRIMARY KEY (`id`),
  UNIQUE KEY `id` (`id`),
  KEY `FK69A11E0A920D7683` (`store_id`),
  KEY `FKE61BD5F01C0CA9F2` (`store_id`),
  CONSTRAINT `FK69A11E0A920D7683` FOREIGN KEY (`store_id`) REFERENCES `shopping_store` (`id`),
  CONSTRAINT `FKE61BD5F01C0CA9F2` FOREIGN KEY (`store_id`) REFERENCES `shopping_store` (`id`)
) ENGINE=InnoDB AUTO_INCREMENT=3 DEFAULT CHARSET=utf8;

/*Data for the table `shopping_delivery_log` */

LOCK TABLES `shopping_delivery_log` WRITE;

insert  into `shopping_delivery_log`(`id`,`addTime`,`deleteStatus`,`begin_time`,`end_time`,`gold`,`store_id`) values (1,'2014-09-28 10:51:36','\0','2014-09-28 10:51:36','2014-11-28 10:51:35',60,1),(2,'2014-11-29 12:06:45','\0','2014-11-29 12:06:45','2015-11-28 10:51:35',360,1);

UNLOCK TABLES;

/*Table structure for table `shopping_document` */

DROP TABLE IF EXISTS `shopping_document`;

CREATE TABLE `shopping_document` (
  `id` bigint(20) NOT NULL AUTO_INCREMENT,
  `addTime` datetime DEFAULT NULL,
  `deleteStatus` bit(1) NOT NULL,
  `content` longtext,
  `mark` varchar(255) DEFAULT NULL,
  `title` varchar(255) DEFAULT NULL,
  PRIMARY KEY (`id`)
) ENGINE=InnoDB AUTO_INCREMENT=65538 DEFAULT CHARSET=utf8;

/*Data for the table `shopping_document` */

LOCK TABLES `shopping_document` WRITE;

insert  into `shopping_document`(`id`,`addTime`,`deleteStatus`,`content`,`mark`,`title`) values (1,'2014-02-21 18:26:18','\0','<p>\r\n	一、团购的所有权和运作权归本公司。\r\n</p>\r\n<p>\r\n	二、本公司有权在必要时修改本协议，本协议一旦发生变更，将会在相关页面上公布。如果您不同意所改动的内容，您应主动停止使用团购服务。如果您继续使用服务，则视为接受本协议的变更。\r\n</p>\r\n<p>\r\n	三、如发生下列任何一种情形，本公司有权中断或终止向您提供的服务而无需通知您：\r\n</p>\r\n1、 您提供的个人资料不真实；<br />\r\n2、您违反本协议的规定；<br />\r\n3、 按照政府主管部门的监管要求；<br />\r\n4、本公司认为您的行为违反团购服务性质或需求的特殊情形。\r\n<p>\r\n	四、尽管本协议可能另有其他规定，本公司仍然可以随时终止本协议。\r\n</p>\r\n<p>\r\n	五、本公司终止本协议的权利不会妨害本公司可能拥有的在本协议终止前因您违反本协议或本公司本应享有的任何其他权利。\r\n</p>\r\n<p>\r\n	六、您理解并完全接受，本公司有权自行对团购资源作下线处理。\r\n</p>','group','团购协议'),(32768,'2013-09-17 23:24:19','\0','<p>\r\n	特别提醒用户认真阅读本《用户服务协议》(下称《协议》) 中各条款。除非您接受本《协议》条款，否则您无权使用本网站提供的相关服务。您的使用行为将视为对本《协议》的接受，并同意接受本《协议》各项条款的约束。 <br />\r\n<br />\r\n<strong>一、定义</strong>\r\n</p>\r\n<ol>\r\n	<li>\r\n		\"用户\"指符合本协议所规定的条件，同意遵守本网站各种规则、条款（包括但不限于本协议），并使用本网站的个人或机构。\r\n	</li>\r\n	<li>\r\n		\"卖家\"是指在本网站上出售物品的用户。\"买家\"是指在本网站购买物品的用户。\r\n	</li>\r\n	<li>\r\n		\"成交\"指买家根据卖家所刊登的交易要求，在特定时间内提出最优的交易条件，因而取得依其提出的条件购买该交易物品的权利。\r\n	</li>\r\n</ol>\r\n<p>\r\n	<br />\r\n<br />\r\n<strong>二、用户资格</strong><br />\r\n<br />\r\n只有符合下列条件之一的人员或实体才能申请成为本网站用户，可以使用本网站的服务。\r\n</p>\r\n<ol>\r\n	<li>\r\n		年满十八岁，并具有民事权利能力和民事行为能力的自然人；\r\n	</li>\r\n	<li>\r\n		未满十八岁，但监护人（包括但不仅限于父母）予以书面同意的自然人；\r\n	</li>\r\n	<li>\r\n		根据中国法律或设立地法律、法规和/或规章成立并合法存在的公司、企事业单位、社团组织和其他组织。\r\n	</li>\r\n</ol>\r\n<p>\r\n	<br />\r\n无民事行为能力人、限制民事行为能力人以及无经营或特定经营资格的组织不当注册为本网站用户或超过其民事权利或行为能力范围从事交易的，其与本网站之间的协议自始无效，本网站一经发现，有权立即注销该用户，并追究其使用本网站\"服务\"的一切法律责任。<br />\r\n<br />\r\n<strong>三.用户的权利和义务</strong>\r\n</p>\r\n<ol>\r\n	<li>\r\n		用户有权根据本协议的规定及本网站发布的相关规则，利用本网站网上交易平台登录物品、发布交易信息、查询物品信息、购买物品、与其他用户订立物品买卖合同、在本网站社区发帖、参加本网站的有关活动及有权享受本网站提供的其他的有关资讯及信息服务。\r\n	</li>\r\n	<li>\r\n		用户有权根据需要更改密码和交易密码。用户应对以该用户名进行的所有活动和事件负全部责任。\r\n	</li>\r\n	<li>\r\n		用户有义务确保向本网站提供的任何资料、注册信息真实准确，包括但不限于真实姓名、身份证号、联系电话、地址、邮政编码等。保证本网站及其他用户可以通过上述联系方式与自己进行联系。同时，用户也有义务在相关资料实际变更时及时更新有关注册资料。\r\n	</li>\r\n	<li>\r\n		用户不得以任何形式擅自转让或授权他人使用自己在本网站的用户帐号。\r\n	</li>\r\n	<li>\r\n		用户有义务确保在本网站网上交易平台上登录物品、发布的交易信息真实、准确，无误导性。\r\n	</li>\r\n	<li>\r\n		用户不得在本网站网上交易平台买卖国家禁止销售的或限制销售的物品、不得买卖侵犯他人知识产权或其他合法权益的物品，也不得买卖违背社会公共利益或公共道德的物品。\r\n	</li>\r\n	<li>\r\n		用户不得在本网站发布各类违法或违规信息。包括但不限于物品信息、交易信息、社区帖子、物品留言，店铺留言，评价内容等。\r\n	</li>\r\n	<li>\r\n		用户在本网站交易中应当遵守诚实信用原则，不得以干预或操纵物品价格等不正当竞争方式扰乱网上交易秩序，不得从事与网上交易无关的不当行为，不得在交易平台上发布任何违法信息。\r\n	</li>\r\n	<li>\r\n		用户不应采取不正当手段（包括但不限于虚假交易、互换好评等方式）提高自身或他人信用度，或采用不正当手段恶意评价其他用户，降低其他用户信用度。\r\n	</li>\r\n	<li>\r\n		用户承诺自己在使用本网站网上交易平台实施的所有行为遵守国家法律、法规和本网站的相关规定以及各种社会公共利益或公共道德。对于任何法律后果的发生，用户将以自己的名义独立承担所有相应的法律责任。\r\n	</li>\r\n	<li>\r\n		用户在本网站网上交易过程中如与其他用户因交易产生纠纷，可以请求本网站从中予以协调。用户如发现其他用户有违法或违反本协议的行为，可以向本网站举报。如用户因网上交易与其他用户产生诉讼的，用户有权通过司法部门要求本网站提供相关资料。\r\n	</li>\r\n	<li>\r\n		用户应自行承担因交易产生的相关费用，并依法纳税。\r\n	</li>\r\n	<li>\r\n		未经本网站书面允许，用户不得将本网站资料以及在交易平台上所展示的任何信息以复制、修改、翻译等形式制作衍生作品、分发或公开展示。\r\n	</li>\r\n	<li>\r\n		用户同意接收来自本网站的信息，包括但不限于活动信息、交易信息、促销信息等。\r\n	</li>\r\n</ol>\r\n<p>\r\n	<br />\r\n<br />\r\n<strong>四、 本网站的权利和义务</strong>\r\n</p>\r\n<ol>\r\n	<li>\r\n		本\r\n网站不是传统意义上的\"拍卖商\"，仅为用户提供一个信息交流、进行物品买卖的平台，充当买卖双方之间的交流媒介，而非买主或卖主的代理商、合伙  \r\n人、雇员或雇主等经营关系人。公布在本网站上的交易物品是用户自行上传进行交易的物品，并非本网站所有。对于用户刊登物品、提供的信息或参与竞标的过程，\r\n本网站均不加以监视或控制，亦不介入物品的交易过程，包括运送、付款、退款、瑕疵担保及其它交易事项，且不承担因交易物品存在品质、权利上的瑕疵以及交易\r\n  方履行交易协议的能力而产生的任何责任，对于出现在拍卖上的物品品质、安全性或合法性，本网站均不予保证。\r\n	</li>\r\n	<li>\r\n		本网站有义务在现有技术水平的基础上努力确保整个网上交易平台的正常运行，尽力避免服务中断或将中断时间限制在最短时间内，保证用户网上交易活动的顺利进行。\r\n	</li>\r\n	<li>\r\n		本网站有义务对用户在注册使用本网站网上交易平台中所遇到的问题及反映的情况及时作出回复。\r\n	</li>\r\n	<li>\r\n		本网站有权对用户的注册资料进行查阅，对存在任何问题或怀疑的注册资料，本网站有权发出通知询问用户并要求用户做出解释、改正，或直接做出处罚、删除等处理。\r\n	</li>\r\n	<li>\r\n		用\r\n户因在本网站网上交易与其他用户产生纠纷的，用户通过司法部门或行政部门依照法定程序要求本网站提供相关资料，本网站将积极配合并提供有关资料；用户将纠\r\n纷告知本网站，或本网站知悉纠纷情况的，经审核后，本网站有权通过电子邮件及电话联系向纠纷双方了解纠纷情况，并将所了解的情况通过电子邮件互相通知对 \r\n 方。\r\n	</li>\r\n	<li>\r\n		因网上交易平台的特殊性，本网站没有义务对所有用户的注册资料、所有的交易行为以及与交易有关的其他事项进行事先审查，但如发生以下情形，本网站有权限制用户的活动、向用户核实有关资料、发出警告通知、暂时中止、无限期地中止及拒绝向该用户提供服务：\r\n		<ul>\r\n			<li>\r\n				用户违反本协议或因被提及而纳入本协议的文件；\r\n			</li>\r\n			<li>\r\n				存在用户或其他第三方通知本网站，认为某个用户或具体交易事项存在违法或不当行为，并提供相关证据，而本网站无法联系到该用户核证或验证该用户向本网站提供的任何资料；\r\n			</li>\r\n			<li>\r\n				存在用户或其他第三方通知本网站，认为某个用户或具体交易事项存在违法或不当行为，并提供相关证据。本网站以普通非专业交易者的知识水平标准对相关内容进行判别，可以明显认为这些内容或行为可能对本网站用户或本网站造成财务损失或法律责任。\r\n			</li>\r\n		</ul>\r\n	</li>\r\n	<li>\r\n		在反网络欺诈行动中，本着保护广大用户利益的原则，当用户举报自己交易可能存在欺诈而产生交易争议时，本网站有权通过表面判断暂时冻结相关用户账号，并有权核对当事人身份资料及要求提供交易相关证明材料。\r\n	</li>\r\n	<li>\r\n		根据国家法律法规、本协议的内容和本网站所掌握的事实依据，可以认定用户存在违法或违反本协议行为以及在本网站交易平台上的其他不当行为，本网站有权在本网站交易平台及所在网站上以网络发布形式公布用户的违法行为，并有权随时作出删除相关信息，而无须征得用户的同意。\r\n	</li>\r\n	<li>\r\n		本\r\n网站有权在不通知用户的前提下删除或采取其他限制性措施处理下列信息：包括但不限于以规避费用为目的；以炒作信用为目的；存在欺诈等恶意或虚假内容；与网\r\n  上交易无关或不是以交易为目的；存在恶意竞价或其他试图扰乱正常交易秩序因素；该信息违反公共利益或可能严重损害本网站和其他用户合法利益的。\r\n	</li>\r\n	<li>\r\n		用\r\n  户授予本网站独家的、全球通用的、永久的、免费的信息许可使用权利，本网站有权对该权利进行再授权，依此授权本网站有权(全部或部份地)  \r\n使用、复制、修订、改写、发布、翻译、分发、执行和展示用户公示于网站的各类信息或制作其派生作品，以现在已知或日后开发的任何形式、媒体或技术，将上述\r\n  信息纳入其他作品内。\r\n	</li>\r\n</ol>\r\n<p>\r\n	<br />\r\n<br />\r\n<strong>五、服务的中断和终止</strong>\r\n</p>\r\n<ol>\r\n	<li>\r\n		在\r\n  本网站未向用户收取相关服务费用的情况下，本网站可自行全权决定以任何理由  \r\n(包括但不限于本网站认为用户已违反本协议的字面意义和精神，或用户在超过180天内未登录本网站等)  \r\n终止对用户的服务，并不再保存用户在本网站的全部资料（包括但不限于用户信息、商品信息、交易信息等）。同时本网站可自行全权决定，在发出通知或不发出通\r\n知的情况下，随时停止提供全部或部分服务。服务终止后，本网站没有义务为用户保留原用户资料或与之相关的任何信息，或转发任何未曾阅读或发送的信息给用户\r\n  或第三方。此外，本网站不就终止对用户的服务而对用户或任何第三方承担任何责任。\r\n	</li>\r\n	<li>\r\n		如用户向本网站提出注销本网站注册用户身份，需经本网站审核同意，由本网站注销该注册用户，用户即解除与本网站的协议关系，但本网站仍保留下列权利：\r\n		<ul>\r\n			<li>\r\n				用户注销后，本网站有权保留该用户的资料,包括但不限于以前的用户资料、店铺资料、商品资料和交易记录等。\r\n			</li>\r\n			<li>\r\n				用户注销后，如用户在注销前在本网站交易平台上存在违法行为或违反本协议的行为，本网站仍可行使本协议所规定的权利。\r\n			</li>\r\n		</ul>\r\n	</li>\r\n	<li>\r\n		如存在下列情况，本网站可以通过注销用户的方式终止服务：\r\n		<ul>\r\n			<li>\r\n				在用户违反本协议相关规定时，本网站有权终止向该用户提供服务。本网站将在中断服务时通知用户。但如该用户在被本网站终止提供服务后，再一次直接或间接或以他人名义注册为本网站用户的，本网站有权再次单方面终止为该用户提供服务；\r\n			</li>\r\n			<li>\r\n				一旦本网站发现用户注册资料中主要内容是虚假的，本网站有权随时终止为该用户提供服务；\r\n			</li>\r\n			<li>\r\n				本协议终止或更新时，用户未确认新的协议的。\r\n			</li>\r\n			<li>\r\n				其它本网站认为需终止服务的情况。\r\n			</li>\r\n		</ul>\r\n	</li>\r\n	<li>\r\n		因用户违反相关法律法规或者违反本协议规定等原因而致使本网站中断、终止对用户服务的，对于服务中断、终止之前用户交易行为依下列原则处理：\r\n		<ul>\r\n			<li>\r\n				本网站有权决定是否在中断、终止对用户服务前将用户被中断或终止服务的情况和原因通知用户交易关系方，包括但不限于对该交易有意向但尚未达成交易的用户,参与该交易竞价的用户，已达成交易要约用户。\r\n			</li>\r\n			<li>\r\n				服务中断、终止之前，用户已经上传至本网站的物品尚未交易或交易尚未完成的，本网站有权在中断、终止服务的同时删除此项物品的相关信息。\r\n			</li>\r\n			<li>\r\n				服务中断、终止之前，用户已经就其他用户出售的具体物品作出要约，但交易尚未结束，本网站有权在中断或终止服务的同时删除该用户的相关要约和信息。\r\n			</li>\r\n		</ul>\r\n	</li>\r\n	<li>\r\n		本网站若因用户的行为（包括但不限于刊登的商品、在本网站社区发帖等）侵害了第三方的权利或违反了相关规定，而受到第三方的追偿或受到主管机关的处分时，用户应赔偿本网站因此所产生的一切损失及费用。\r\n	</li>\r\n	<li>\r\n		对违反相关法律法规或者违反本协议规定，且情节严重的用户，本网站有权终止该用户的其它服务。\r\n	</li>\r\n</ol>\r\n<p>\r\n	<br />\r\n<br />\r\n<strong>六、协议的修订</strong><br />\r\n<br />\r\n本协议可由本网站随时修订，并将修订后的协议公告于本网站之上，修订后的条款内容自公告时起生效，并成为本协议的一部分。用户若在本协议修改之后，仍继续使用本网站，则视为用户接受和自愿遵守修订后的协议。本网站行使修改或中断服务时，不需对任何第三方负责。<br />\r\n<br />\r\n<strong>七、 本网站的责任范围 </strong><br />\r\n<br />\r\n当用户接受该协议时，用户应明确了解并同意∶\r\n</p>\r\n<ol>\r\n	<li>\r\n		是否经由本网站下载或取得任何资料，由用户自行考虑、衡量并且自负风险，因下载任何资料而导致用户电脑系统的任何损坏或资料流失，用户应负完全责任。\r\n	</li>\r\n	<li>\r\n		用户经由本网站取得的建议和资讯，无论其形式或表现，绝不构成本协议未明示规定的任何保证。\r\n	</li>\r\n	<li>\r\n		基于以下原因而造成的利润、商誉、使用、资料损失或其它无形损失，本网站不承担任何直接、间接、附带、特别、衍生性或惩罚性赔偿（即使本网站已被告知前款赔偿的可能性）：\r\n		<ul>\r\n			<li>\r\n				本网站的使用或无法使用。\r\n			</li>\r\n			<li>\r\n				经由或通过本网站购买或取得的任何物品，或接收之信息，或进行交易所随之产生的替代物品及服务的购买成本。\r\n			</li>\r\n			<li>\r\n				用户的传输或资料遭到未获授权的存取或变更。\r\n			</li>\r\n			<li>\r\n				本网站中任何第三方之声明或行为。\r\n			</li>\r\n			<li>\r\n				本网站其它相关事宜。\r\n			</li>\r\n		</ul>\r\n	</li>\r\n	<li>\r\n		本网站只是为用户提供一个交易的平台，对于用户所刊登的交易物品的合法性、真实性及其品质，以及用户履行交易的能力等，本网站一律不负任何担保责任。用户如果因使用本网站，或因购买刊登于本网站的任何物品，而受有损害时，本网站不负任何补偿或赔偿责任。\r\n	</li>\r\n	<li>\r\n		本\r\n网站提供与其它互联网上的网站或资源的链接，用户可能会因此连结至其它运营商经营的网站，但不表示本网站与这些运营商有任何关系。其它运营商经营的网站均\r\n由各经营者自行负责，不属于本网站控制及负责范围之内。对于存在或来源于此类网站或资源的任何内容、广告、产品或其它资料，本网站亦不予保证或负责。因使\r\n  用或依赖任何此类网站或资源发布的或经由此类网站或资源获得的任何内容、物品或服务所产生的任何损害或损失，本网站不负任何直接或间接的责任。\r\n	</li>\r\n</ol>\r\n<p>\r\n	<br />\r\n<br />\r\n<strong>八.、不可抗力</strong><br />\r\n<br />\r\n因不可抗力或者其他意外事件，使得本协议的履行不可能、不必要或者无意义的，双方均不承担责任。本合同所称之不可抗力意指不能预见、不能避免并不能克服的\r\n客观情况，包括但不限于战争、台风、水灾、火灾、雷击或地震、罢工、暴动、法定疾病、黑客攻击、网络病毒、电信部门技术管制、政府行为或任何其它自然或人\r\n  为造成的灾难等客观情况。<br />\r\n<br />\r\n<strong>九、争议解决方式</strong>\r\n</p>\r\n<ol>\r\n	<li>\r\n		本协议及其修订本的有效性、履行和与本协议及其修订本效力有关的所有事宜，将受中华人民共和国法律管辖，任何争议仅适用中华人民共和国法律。\r\n	</li>\r\n	<li>\r\n		因\r\n使用本网站服务所引起与本网站的任何争议，均应提交深圳仲裁委员会按照该会届时有效的仲裁规则进行仲裁。相关争议应单独仲裁，不得与任何其它方的争议在任\r\n  何仲裁中合并处理，该仲裁裁决是终局，对各方均有约束力。如果所涉及的争议不适于仲裁解决，用户同意一切争议由人民法院管辖。\r\n	</li>\r\n</ol>\r\n<br />','agree','用户服务协议'),(32769,'2013-09-17 23:25:05','\0','<p>\r\n	<strong>什么是实名认证？</strong>\r\n</p>\r\n<p>\r\n	“认证店铺”服务是一项对店主身份真实性识别服务。店主可以通过站内PM、电话或管理员EMail的方式 联系并申请该项认证。经过管理员审核确认了店主的真实身份，就可以开通该项认证。\r\n</p>\r\n<p>\r\n	通过该认证，可以说明店主身份的真实有效性，为买家在网络交易的过程中提供一定的信心和保证。\r\n</p>\r\n<p>\r\n	<strong>认证申请的方式：</strong>\r\n</p>\r\n<p>\r\n	Email：XXXX@XX.com\r\n</p>\r\n<p>\r\n	管理员：XXXXXX\r\n</p>\r\n<br />','realname','什么是实名认证'),(65536,'2013-09-17 23:26:20','\0','<p>\r\n	<strong>什么是实体店铺认证？</strong>\r\n</p>\r\n<p>\r\n	“认证店铺”服务是一项对店主身份真实性识别服务。店主可以通过站内PM、电话或管理员EMail的方式 联系并申请该项认证。经过管理员审核确认了店主的真实身份，就可以开通该项认证。\r\n</p>\r\n<p>\r\n	通过该认证，可以说明店主身份的真实有效性，为买家在网络交易的过程中提供一定的信心和保证。\r\n</p>\r\n<p>\r\n	<strong>认证申请的方式：</strong>\r\n</p>\r\n<p>\r\n	Email：XXXX@XX.com\r\n</p>\r\n<p>\r\n	管理员：XXXXXX\r\n</p>\r\n<br />','realstore','什么是实体店铺认证'),(65537,'2013-09-17 23:26:43','\0','<p>\r\n	使用本公司服务所须遵守的条款和条件。<br />\r\n<br />\r\n1.用户资格<br />\r\n本公司的服务仅向适用法律下能够签订具有法律约束力的合同的个人提供并\r\n仅由其使用。在不限制前述规定的前提下，本公司的服务不向18周岁以下或被临时或无限期中止的用户提供。如您不合资格，请勿使用本公司的服务。此外，您的\r\n帐户（包括信用评价）和用户名不得向其他方转让或出售。另外，本公司保留根据其意愿中止或终止您的帐户的权利。<br />\r\n<br />\r\n2.您的资料（包括但不限于所添加的任何商品）不得：<br />\r\n*具有欺诈性、虚假、不准确或具误导性；<br />\r\n*侵犯任何第三方著作权、专利权、商标权、商业秘密或其他专有权利或发表权或隐私权；<br />\r\n*违反任何适用的法律或法规（包括但不限于有关出口管制、消费者保护、不正当竞争、刑法、反歧视或贸易惯例/公平贸易法律的法律或法规）；<br />\r\n*有侮辱或者诽谤他人，侵害他人合法权益的内容；<br />\r\n*有淫秽、色情、赌博、暴力、凶杀、恐怖或者教唆犯罪的内容；<br />\r\n*包含可能破坏、改变、删除、不利影响、秘密截取、未经授权而接触或征用任何系统、数据或个人资料的任何病毒、特洛依木马、蠕虫、定时炸弹、删除蝇、复活节彩蛋、间谍软件或其他电脑程序；<br />\r\n<br />\r\n3.违约<br />\r\n如发生以下情形，本公司可能限制您的活动、立即删除您的商品、向本公司社区发出有关您的行为的警告、发出警告通知、暂时中止、无限期地中止或终止您的用户资格及拒绝向您提供服务：<br />\r\n(a)您违反本协议或纳入本协议的文件；<br />\r\n(b)本公司无法核证或验证您向本公司提供的任何资料；<br />\r\n(c)本公司相信您的行为可能对您、本公司用户或本公司造成损失或法律责任。<br />\r\n<br />\r\n4.责任限制<br />\r\n本\r\n公司、本公司的关联公司和相关实体或本公司的供应商在任何情况下均不就因本公司的网站、本公司的服务或本协议而产生或与之有关的利润损失或任何特别、间接\r\n或后果性的损害（无论以何种方式产生，包括疏忽）承担任何责任。您同意您就您自身行为之合法性单独承担责任。您同意，本公司和本公司的所有关联公司和相关\r\n实体对本公司用户的行为的合法性及产生的任何结果不承担责任。<br />\r\n<br />\r\n5.无代理关系<br />\r\n用户和本公司是独立的合同方，本协议无意建立也没有创立任何代理、合伙、合营、雇员与雇主或特许经营关系。本公司也不对任何用户及其网上交易行为做出明示或默许的推荐、承诺或担保。<br />\r\n<br />\r\n6.一般规定<br />\r\n本协议在所有方面均受中华人民共和国法律管辖。本协议的规定是可分割的，如本协议任何规定被裁定为无效或不可执行，该规定可被删除而其余条款应予以执行。\r\n</p>','store','开店协议');

UNLOCK TABLES;

/*Table structure for table `shopping_dynamic` */

DROP TABLE IF EXISTS `shopping_dynamic`;

CREATE TABLE `shopping_dynamic` (
  `id` bigint(20) NOT NULL AUTO_INCREMENT,
  `addTime` datetime DEFAULT NULL,
  `deleteStatus` bit(1) NOT NULL,
  `content` longtext,
  `discussNum` int(11) DEFAULT '0',
  `praiseNum` int(11) DEFAULT '0',
  `turnNum` int(11) DEFAULT '0',
  `dissParent_id` bigint(20) DEFAULT NULL,
  `goods_id` bigint(20) DEFAULT NULL,
  `turnParent_id` bigint(20) DEFAULT NULL,
  `user_id` bigint(20) DEFAULT NULL,
  `locked` bit(1) DEFAULT b'0',
  `img_id` bigint(20) DEFAULT NULL,
  `store_id` bigint(20) DEFAULT NULL,
  `display` bit(1) DEFAULT b'1',
  PRIMARY KEY (`id`),
  UNIQUE KEY `id` (`id`),
  KEY `FKCCB9A00EA995E663` (`goods_id`),
  KEY `FKCCB9A00E6ABCD333` (`dissParent_id`),
  KEY `FKCCB9A00E537B6C51` (`user_id`),
  KEY `FKCCB9A00E54ED135B` (`turnParent_id`),
  KEY `FKCCB9A00EEB7ECE12` (`img_id`),
  KEY `FKCCB9A00E920D7683` (`store_id`),
  KEY `FK37F91068339519D2` (`goods_id`),
  KEY `FK37F9106832C8B201` (`img_id`),
  KEY `FK37F9106871BCE6E2` (`dissParent_id`),
  KEY `FK37F910681E208F02` (`user_id`),
  KEY `FK37F910685BED270A` (`turnParent_id`),
  KEY `FK37F910681C0CA9F2` (`store_id`),
  CONSTRAINT `FK37F910681C0CA9F2` FOREIGN KEY (`store_id`) REFERENCES `shopping_store` (`id`),
  CONSTRAINT `FK37F910681E208F02` FOREIGN KEY (`user_id`) REFERENCES `shopping_user` (`id`),
  CONSTRAINT `FK37F9106832C8B201` FOREIGN KEY (`img_id`) REFERENCES `shopping_accessory` (`id`),
  CONSTRAINT `FK37F91068339519D2` FOREIGN KEY (`goods_id`) REFERENCES `shopping_goods` (`id`),
  CONSTRAINT `FK37F910685BED270A` FOREIGN KEY (`turnParent_id`) REFERENCES `shopping_dynamic` (`id`),
  CONSTRAINT `FK37F9106871BCE6E2` FOREIGN KEY (`dissParent_id`) REFERENCES `shopping_dynamic` (`id`),
  CONSTRAINT `FKCCB9A00E537B6C51` FOREIGN KEY (`user_id`) REFERENCES `shopping_user` (`id`),
  CONSTRAINT `FKCCB9A00E54ED135B` FOREIGN KEY (`turnParent_id`) REFERENCES `shopping_dynamic` (`id`),
  CONSTRAINT `FKCCB9A00E6ABCD333` FOREIGN KEY (`dissParent_id`) REFERENCES `shopping_dynamic` (`id`),
  CONSTRAINT `FKCCB9A00E920D7683` FOREIGN KEY (`store_id`) REFERENCES `shopping_store` (`id`),
  CONSTRAINT `FKCCB9A00EA995E663` FOREIGN KEY (`goods_id`) REFERENCES `shopping_goods` (`id`),
  CONSTRAINT `FKCCB9A00EEB7ECE12` FOREIGN KEY (`img_id`) REFERENCES `shopping_accessory` (`id`)
) ENGINE=InnoDB AUTO_INCREMENT=14 DEFAULT CHARSET=utf8;

/*Data for the table `shopping_dynamic` */

LOCK TABLES `shopping_dynamic` WRITE;

insert  into `shopping_dynamic`(`id`,`addTime`,`deleteStatus`,`content`,`discussNum`,`praiseNum`,`turnNum`,`dissParent_id`,`goods_id`,`turnParent_id`,`user_id`,`locked`,`img_id`,`store_id`,`display`) values (1,'2014-08-27 10:59:25','\0','test特特特',0,0,0,NULL,NULL,NULL,1,'\0',NULL,NULL,'\0'),(2,'2014-08-27 10:59:39','\0','testtest',0,0,0,NULL,98304,NULL,1,'\0',NULL,NULL,''),(4,'2014-08-28 10:03:52','\0','tset',0,0,0,2,NULL,NULL,1,'\0',NULL,NULL,''),(5,'2014-09-03 18:13:53','\0','特体 特体 他他  他',0,0,0,NULL,NULL,NULL,1,'\0',NULL,32768,''),(10,'2014-10-10 16:37:46','\0','分享一个商品，这个很不错哦',0,0,1,NULL,NULL,NULL,1,'\0',NULL,NULL,''),(11,'2014-10-10 16:44:25','\0','这个很不错的哦！！',0,2,0,NULL,98455,NULL,1,'\0',NULL,NULL,''),(12,'2014-10-10 16:45:33','\0','转发一个//转自admin:分享一个商品，这个很不错哦',0,0,0,NULL,NULL,NULL,1,'\0',NULL,NULL,'\0'),(13,'2015-02-28 14:18:47','\0','asdasdas',0,0,0,NULL,NULL,NULL,32775,'\0',NULL,NULL,'');

UNLOCK TABLES;

/*Table structure for table `shopping_evaluate` */

DROP TABLE IF EXISTS `shopping_evaluate`;

CREATE TABLE `shopping_evaluate` (
  `id` bigint(20) NOT NULL AUTO_INCREMENT,
  `addTime` datetime DEFAULT NULL,
  `deleteStatus` bit(1) NOT NULL,
  `evaluate_admin_info` longtext,
  `evaluate_buyer_val` int(11) NOT NULL,
  `evaluate_info` longtext,
  `evaluate_seller_info` longtext,
  `evaluate_seller_time` datetime DEFAULT NULL,
  `evaluate_seller_val` int(11) NOT NULL,
  `evaluate_status` int(11) NOT NULL,
  `evaluate_type` varchar(255) DEFAULT NULL,
  `goods_spec` longtext,
  `evaluate_goods_id` bigint(20) DEFAULT NULL,
  `evaluate_seller_user_id` bigint(20) DEFAULT NULL,
  `evaluate_user_id` bigint(20) DEFAULT NULL,
  `of_id` bigint(20) DEFAULT NULL,
  `description_evaluate` decimal(12,2) DEFAULT NULL,
  `service_evaluate` decimal(12,2) DEFAULT NULL,
  `ship_evaluate` decimal(12,2) DEFAULT NULL,
  PRIMARY KEY (`id`),
  KEY `FK7AC70190D56B72A8` (`evaluate_seller_user_id`),
  KEY `FK7AC701901FBBBAB8` (`evaluate_goods_id`),
  KEY `FK7AC7019067CF395C` (`evaluate_user_id`),
  KEY `FK7AC70190E66AF58D` (`of_id`),
  CONSTRAINT `FK7AC701901FBBBAB8` FOREIGN KEY (`evaluate_goods_id`) REFERENCES `shopping_goods` (`id`),
  CONSTRAINT `FK7AC7019067CF395C` FOREIGN KEY (`evaluate_user_id`) REFERENCES `shopping_user` (`id`),
  CONSTRAINT `FK7AC70190D56B72A8` FOREIGN KEY (`evaluate_seller_user_id`) REFERENCES `shopping_user` (`id`),
  CONSTRAINT `FK7AC70190E66AF58D` FOREIGN KEY (`of_id`) REFERENCES `shopping_orderform` (`id`)
) ENGINE=InnoDB AUTO_INCREMENT=4 DEFAULT CHARSET=utf8;

/*Data for the table `shopping_evaluate` */

LOCK TABLES `shopping_evaluate` WRITE;

insert  into `shopping_evaluate`(`id`,`addTime`,`deleteStatus`,`evaluate_admin_info`,`evaluate_buyer_val`,`evaluate_info`,`evaluate_seller_info`,`evaluate_seller_time`,`evaluate_seller_val`,`evaluate_status`,`evaluate_type`,`goods_spec`,`evaluate_goods_id`,`evaluate_seller_user_id`,`evaluate_user_id`,`of_id`,`description_evaluate`,`service_evaluate`,`ship_evaluate`) values (1,'2014-01-02 18:55:11','\0',NULL,1,' 您的评价将是其他买家的参考',NULL,NULL,0,0,'goods','颜色:白色 尺码:均码 ',98412,NULL,1,1,'5.00','0.00','0.00'),(2,'2014-01-02 19:10:45','\0',NULL,0,'',NULL,NULL,0,0,'goods','颜色:黑色 鞋码:37 ',98410,NULL,1,32768,'4.00','1.00','4.50'),(3,'2014-01-02 19:10:45','\0',NULL,1,'',NULL,NULL,0,0,'goods','',98406,NULL,1,32768,'5.00','5.00','4.00');

UNLOCK TABLES;

/*Table structure for table `shopping_express_company` */

DROP TABLE IF EXISTS `shopping_express_company`;

CREATE TABLE `shopping_express_company` (
  `id` bigint(20) NOT NULL AUTO_INCREMENT,
  `addTime` datetime DEFAULT NULL,
  `deleteStatus` bit(1) NOT NULL,
  `company_mark` varchar(255) DEFAULT NULL,
  `company_name` varchar(255) DEFAULT NULL,
  `company_status` int(11) DEFAULT '0',
  `company_sequence` int(11) DEFAULT '0',
  `company_type` varchar(255) DEFAULT 'EXPRESS',
  PRIMARY KEY (`id`),
  UNIQUE KEY `id` (`id`)
) ENGINE=InnoDB AUTO_INCREMENT=29 DEFAULT CHARSET=utf8;

/*Data for the table `shopping_express_company` */

LOCK TABLES `shopping_express_company` WRITE;

insert  into `shopping_express_company`(`id`,`addTime`,`deleteStatus`,`company_mark`,`company_name`,`company_status`,`company_sequence`,`company_type`) values (1,'2014-08-12 11:49:16','\0','shunfeng','顺丰速递',0,0,'EXPRESS'),(2,'2014-08-12 11:51:18','\0','shentong','申通',0,1,'EXPRESS'),(3,'2014-08-12 11:52:55','\0','tiantian','天天快递',0,2,'EXPRESS'),(4,'2014-08-12 11:53:27','\0','youzhengguonei','包裹/平邮/挂号信',0,4,'POST'),(6,'2014-08-12 11:55:31','\0','bangsongwuliu','邦送物流',0,5,'EXPRESS'),(7,'2014-08-12 12:01:12','\0','cces','希伊艾斯（CCES）',0,6,'EXPRESS'),(8,'2014-08-12 12:01:37','\0','coe','中国东方（COE）',0,7,'EXPRESS'),(9,'2014-08-12 12:02:10','\0','city100','城市100',0,8,'EXPRESS'),(10,'2014-08-12 12:02:27','\0','chuanxiwuliu','传喜物流',0,9,'EXPRESS'),(11,'2014-08-12 12:02:46','\0','datianwuliu','大田物流',0,10,'EXPRESS'),(12,'2014-08-12 12:03:02','\0','debangwuliu','德邦物流',0,11,'EXPRESS'),(13,'2014-08-12 12:03:19','\0','dsukuaidi','D速快递',0,12,'EXPRESS'),(14,'2014-08-12 12:03:37','\0','disifang','递四方',0,13,'EXPRESS'),(15,'2014-08-12 12:04:02','\0','ems','EMS',0,14,'EMS'),(16,'2014-08-12 12:04:20','\0','feikangda','飞康达物流',0,15,'EXPRESS'),(17,'2014-08-12 12:04:36','\0','feikuaida','飞快达',0,16,'EXPRESS'),(18,'2014-08-12 12:04:53','\0','rufengda','凡客如风达',0,17,'EXPRESS'),(19,'2014-08-12 12:05:12','\0','fengxingtianxia','风行天下',0,18,'EXPRESS'),(20,'2014-08-12 12:05:26','\0','feibaokuaidi','飞豹快递',0,19,'EXPRESS'),(21,'2014-08-12 12:05:59','\0','ganzhongnengda','港中能达',0,20,'EXPRESS'),(22,'2014-08-12 12:06:21','\0','guotongkuaidi','国通快递',0,21,'EXPRESS'),(23,'2014-08-12 12:06:43','\0','guangdongyouzhengwuliu','广东邮政',0,22,'EXPRESS'),(24,'2014-08-12 12:07:07','\0','gls','GLS',0,23,'EXPRESS'),(25,'2014-08-12 12:07:33','\0','gongsuda','共速达',0,24,'EXPRESS'),(26,'2014-08-12 12:08:05','\0','huitongkuaidi','汇通快运',0,25,'EXPRESS'),(27,'2014-08-12 12:08:31','\0','huiqiangkuaidi','汇强快递',0,26,'EXPRESS'),(28,'2014-08-12 12:08:51','\0','tiandihuayu','华宇物流',0,27,'EXPRESS');

UNLOCK TABLES;

/*Table structure for table `shopping_favorite` */

DROP TABLE IF EXISTS `shopping_favorite`;

CREATE TABLE `shopping_favorite` (
  `id` bigint(20) NOT NULL AUTO_INCREMENT,
  `addTime` datetime DEFAULT NULL,
  `deleteStatus` bit(1) NOT NULL,
  `type` int(11) NOT NULL,
  `goods_id` bigint(20) DEFAULT NULL,
  `store_id` bigint(20) DEFAULT NULL,
  `user_id` bigint(20) DEFAULT NULL,
  PRIMARY KEY (`id`),
  KEY `FKAFC41E93339519D2` (`goods_id`),
  KEY `FKAFC41E931E208F02` (`user_id`),
  KEY `FKAFC41E931C0CA9F2` (`store_id`),
  CONSTRAINT `FKAFC41E931C0CA9F2` FOREIGN KEY (`store_id`) REFERENCES `shopping_store` (`id`),
  CONSTRAINT `FKAFC41E931E208F02` FOREIGN KEY (`user_id`) REFERENCES `shopping_user` (`id`),
  CONSTRAINT `FKAFC41E93339519D2` FOREIGN KEY (`goods_id`) REFERENCES `shopping_goods` (`id`)
) ENGINE=InnoDB AUTO_INCREMENT=131077 DEFAULT CHARSET=utf8;

/*Data for the table `shopping_favorite` */

LOCK TABLES `shopping_favorite` WRITE;

insert  into `shopping_favorite`(`id`,`addTime`,`deleteStatus`,`type`,`goods_id`,`store_id`,`user_id`) values (1,'2013-12-30 11:22:24','\0',1,NULL,1,32768),(65536,'2014-01-02 12:31:24','\0',1,NULL,1,1),(98304,'2014-01-02 21:02:07','\0',1,NULL,32768,1),(131072,'2014-02-25 21:33:02','\0',0,98304,NULL,1),(131073,'2014-09-16 18:52:50','\0',0,98448,NULL,1),(131074,'2014-09-22 11:55:13','\0',0,98412,NULL,1),(131075,'2014-10-10 15:26:21','\0',0,3,NULL,1),(131076,'2014-10-12 15:43:40','\0',0,1,NULL,1);

UNLOCK TABLES;

/*Table structure for table `shopping_gold_log` */

DROP TABLE IF EXISTS `shopping_gold_log`;

CREATE TABLE `shopping_gold_log` (
  `id` bigint(20) NOT NULL AUTO_INCREMENT,
  `addTime` datetime DEFAULT NULL,
  `deleteStatus` bit(1) NOT NULL,
  `gl_admin_content` longtext,
  `gl_admin_time` datetime DEFAULT NULL,
  `gl_content` longtext,
  `gl_count` int(11) NOT NULL,
  `gl_money` int(11) NOT NULL,
  `gl_payment` varchar(255) DEFAULT NULL,
  `gl_type` int(11) NOT NULL,
  `gl_admin_id` bigint(20) DEFAULT NULL,
  `gl_user_id` bigint(20) DEFAULT NULL,
  `gr_id` bigint(20) DEFAULT NULL,
  PRIMARY KEY (`id`),
  KEY `FKEA8877DC9FBF00E8` (`gr_id`),
  KEY `FKEA8877DCE986EF18` (`gl_admin_id`),
  KEY `FKEA8877DC811B8DA8` (`gl_user_id`),
  CONSTRAINT `FKEA8877DC811B8DA8` FOREIGN KEY (`gl_user_id`) REFERENCES `shopping_user` (`id`),
  CONSTRAINT `FKEA8877DC9FBF00E8` FOREIGN KEY (`gr_id`) REFERENCES `shopping_gold_record` (`id`),
  CONSTRAINT `FKEA8877DCE986EF18` FOREIGN KEY (`gl_admin_id`) REFERENCES `shopping_user` (`id`)
) ENGINE=InnoDB AUTO_INCREMENT=12 DEFAULT CHARSET=utf8;

/*Data for the table `shopping_gold_log` */

LOCK TABLES `shopping_gold_log` WRITE;

insert  into `shopping_gold_log`(`id`,`addTime`,`deleteStatus`,`gl_admin_content`,`gl_admin_time`,`gl_content`,`gl_count`,`gl_money`,`gl_payment`,`gl_type`,`gl_admin_id`,`gl_user_id`,`gr_id`) values (1,'2014-09-27 17:34:00','\0',NULL,NULL,'线下支付',10000,1000,'outline',0,NULL,1,1),(2,'2014-09-27 17:34:30','\0','管理员审核金币','2014-09-27 17:34:30','管理员审核金币记录',10000,1000,'outline',0,1,1,NULL),(3,'2014-09-27 17:36:37','\0',NULL,NULL,'线下支付',10000,1000,'outline',0,NULL,32768,2),(4,'2014-09-27 17:38:09','\0','管理员审核金币','2014-09-27 17:38:09','管理员审核金币记录',10000,1000,'outline',0,1,32768,NULL),(5,'2014-09-28 10:51:35','\0',NULL,NULL,'购买买就送套餐',60,0,NULL,-1,NULL,32768,NULL),(6,'2014-10-09 12:13:35','\0',NULL,NULL,'购买组合销售套餐',600,0,NULL,-1,NULL,32768,NULL),(7,'2014-11-12 15:51:53','\0',NULL,NULL,'购买微信商城',50,0,NULL,-1,NULL,32768,NULL),(8,'2014-11-12 16:19:45','\0',NULL,NULL,'购买微信商城',50,0,NULL,-1,NULL,32768,NULL),(9,'2014-11-29 12:06:44','\0',NULL,NULL,'购买买就送套餐',360,0,NULL,-1,NULL,32768,NULL),(10,'2015-02-28 19:28:15','\0',NULL,NULL,'购买微信商城',50,0,NULL,-1,NULL,32768,NULL),(11,'2015-03-01 12:36:02','\0',NULL,NULL,'购买微信商城',250,0,NULL,-1,NULL,32768,NULL);

UNLOCK TABLES;

/*Table structure for table `shopping_gold_record` */

DROP TABLE IF EXISTS `shopping_gold_record`;

CREATE TABLE `shopping_gold_record` (
  `id` bigint(20) NOT NULL AUTO_INCREMENT,
  `addTime` datetime DEFAULT NULL,
  `deleteStatus` bit(1) NOT NULL,
  `gold_admin_info` longtext,
  `gold_admin_time` datetime DEFAULT NULL,
  `gold_count` int(11) NOT NULL,
  `gold_exchange_info` longtext,
  `gold_money` int(11) NOT NULL,
  `gold_pay_status` int(11) NOT NULL,
  `gold_payment` varchar(255) DEFAULT NULL,
  `gold_sn` varchar(255) DEFAULT NULL,
  `gold_status` int(11) NOT NULL,
  `gold_admin_id` bigint(20) DEFAULT NULL,
  `gold_user_id` bigint(20) DEFAULT NULL,
  PRIMARY KEY (`id`),
  KEY `FKE8A430B97C7135FD` (`gold_admin_id`),
  KEY `FKE8A430B94C0A5623` (`gold_user_id`),
  CONSTRAINT `FKE8A430B94C0A5623` FOREIGN KEY (`gold_user_id`) REFERENCES `shopping_user` (`id`),
  CONSTRAINT `FKE8A430B97C7135FD` FOREIGN KEY (`gold_admin_id`) REFERENCES `shopping_user` (`id`)
) ENGINE=InnoDB AUTO_INCREMENT=3 DEFAULT CHARSET=utf8;

/*Data for the table `shopping_gold_record` */

LOCK TABLES `shopping_gold_record` WRITE;

insert  into `shopping_gold_record`(`id`,`addTime`,`deleteStatus`,`gold_admin_info`,`gold_admin_time`,`gold_count`,`gold_exchange_info`,`gold_money`,`gold_pay_status`,`gold_payment`,`gold_sn`,`gold_status`,`gold_admin_id`,`gold_user_id`) values (1,'2014-09-27 17:34:00','\0','管理员审核金币','2014-09-27 17:34:29',10000,'兑换金币10000',1000,2,'outline','gold201409271734001',1,1,1),(2,'2014-09-27 17:36:36','\0','管理员审核金币','2014-09-27 17:38:09',10000,'',1000,2,'outline','gold2014092717363632768',1,1,32768);

UNLOCK TABLES;

/*Table structure for table `shopping_goods` */

DROP TABLE IF EXISTS `shopping_goods`;

CREATE TABLE `shopping_goods` (
  `id` bigint(20) NOT NULL AUTO_INCREMENT,
  `addTime` datetime DEFAULT NULL,
  `deleteStatus` bit(1) NOT NULL,
  `goods_click` int(11) NOT NULL,
  `goods_details` longtext,
  `goods_fee` varchar(255) DEFAULT NULL,
  `goods_inventory` int(11) NOT NULL,
  `goods_inventory_detail` longtext,
  `goods_name` varchar(255) DEFAULT NULL,
  `goods_price` decimal(12,2) DEFAULT NULL,
  `goods_property` longtext,
  `goods_recommend` bit(1) NOT NULL,
  `goods_salenum` int(11) NOT NULL,
  `goods_seller_time` datetime DEFAULT NULL,
  `goods_serial` varchar(255) DEFAULT NULL,
  `goods_status` int(11) NOT NULL,
  `goods_transfee` int(11) NOT NULL,
  `goods_weight` decimal(12,2) DEFAULT NULL,
  `inventory_type` varchar(255) DEFAULT NULL,
  `seo_description` longtext,
  `seo_keywords` varchar(255) DEFAULT NULL,
  `store_price` decimal(12,2) DEFAULT NULL,
  `store_recommend` bit(1) NOT NULL,
  `store_recommend_time` datetime DEFAULT NULL,
  `ztc_admin_content` longtext,
  `ztc_apply_time` datetime DEFAULT NULL,
  `ztc_begin_time` date DEFAULT NULL,
  `ztc_click_num` int(11) NOT NULL,
  `ztc_dredge_price` int(11) NOT NULL,
  `ztc_gold` int(11) NOT NULL,
  `ztc_pay_status` int(11) NOT NULL,
  `ztc_price` int(11) NOT NULL,
  `ztc_status` int(11) NOT NULL,
  `gc_id` bigint(20) DEFAULT NULL,
  `goods_brand_id` bigint(20) DEFAULT NULL,
  `goods_main_photo_id` bigint(20) DEFAULT NULL,
  `goods_store_id` bigint(20) DEFAULT NULL,
  `ztc_admin_id` bigint(20) DEFAULT NULL,
  `goods_collect` int(11) DEFAULT '0',
  `group_buy` int(11) DEFAULT '0',
  `goods_choice_type` int(11) DEFAULT '0',
  `group_id` bigint(20) DEFAULT NULL,
  `activity_status` int(11) DEFAULT '0',
  `bargain_status` int(11) DEFAULT '0',
  `delivery_status` int(11) DEFAULT '0',
  `goods_current_price` decimal(12,2) DEFAULT NULL,
  `goods_volume` decimal(12,2) DEFAULT NULL,
  `ems_trans_fee` decimal(12,2) DEFAULT NULL,
  `express_trans_fee` decimal(12,2) DEFAULT NULL,
  `mail_trans_fee` decimal(12,2) DEFAULT NULL,
  `transport_id` bigint(20) DEFAULT NULL,
  `combin_status` int(11) DEFAULT '0',
  `combin_begin_time` date DEFAULT NULL,
  `combin_end_time` date DEFAULT NULL,
  `combin_price` decimal(12,2) DEFAULT NULL,
  `description_evaluate` decimal(10,0) DEFAULT '5',
  `weixin_shop_hot` bit(1) DEFAULT b'0',
  `weixin_shop_hotTime` date DEFAULT NULL,
  `weixin_shop_recommend` bit(1) DEFAULT b'0',
  `weixin_shop_recommendTime` date DEFAULT NULL,
  PRIMARY KEY (`id`),
  KEY `FK304F7EE5AD5743E0` (`goods_main_photo_id`),
  KEY `FK304F7EE56BDDCC57` (`gc_id`),
  KEY `FK304F7EE51ED8F14C` (`goods_store_id`),
  KEY `FK304F7EE5F140A6A4` (`goods_brand_id`),
  KEY `FK304F7EE5C292B563` (`ztc_admin_id`),
  KEY `FK304F7EE5493829C3` (`group_id`),
  KEY `FK304F7EE5914F1503` (`transport_id`),
  KEY `FK19833DBFF4A127CF` (`goods_main_photo_id`),
  KEY `FK19833DBFDD06648` (`gc_id`),
  KEY `FK19833DBFA8D824BB` (`goods_store_id`),
  KEY `FK19833DBFD898F8F2` (`transport_id`),
  KEY `FK19833DBF93334095` (`goods_brand_id`),
  KEY `FK19833DBFD3375D32` (`group_id`),
  KEY `FK19833DBF8D37D814` (`ztc_admin_id`),
  CONSTRAINT `FK19833DBF8D37D814` FOREIGN KEY (`ztc_admin_id`) REFERENCES `shopping_user` (`id`),
  CONSTRAINT `FK19833DBF93334095` FOREIGN KEY (`goods_brand_id`) REFERENCES `shopping_goodsbrand` (`id`),
  CONSTRAINT `FK19833DBFA8D824BB` FOREIGN KEY (`goods_store_id`) REFERENCES `shopping_store` (`id`),
  CONSTRAINT `FK19833DBFD3375D32` FOREIGN KEY (`group_id`) REFERENCES `shopping_group` (`id`),
  CONSTRAINT `FK19833DBFD898F8F2` FOREIGN KEY (`transport_id`) REFERENCES `shopping_transport` (`id`),
  CONSTRAINT `FK19833DBFDD06648` FOREIGN KEY (`gc_id`) REFERENCES `shopping_goodsclass` (`id`),
  CONSTRAINT `FK19833DBFF4A127CF` FOREIGN KEY (`goods_main_photo_id`) REFERENCES `shopping_accessory` (`id`),
  CONSTRAINT `FK304F7EE51ED8F14C` FOREIGN KEY (`goods_store_id`) REFERENCES `shopping_store` (`id`),
  CONSTRAINT `FK304F7EE5493829C3` FOREIGN KEY (`group_id`) REFERENCES `shopping_group` (`id`),
  CONSTRAINT `FK304F7EE56BDDCC57` FOREIGN KEY (`gc_id`) REFERENCES `shopping_goodsclass` (`id`),
  CONSTRAINT `FK304F7EE5914F1503` FOREIGN KEY (`transport_id`) REFERENCES `shopping_transport` (`id`),
  CONSTRAINT `FK304F7EE5AD5743E0` FOREIGN KEY (`goods_main_photo_id`) REFERENCES `shopping_accessory` (`id`),
  CONSTRAINT `FK304F7EE5C292B563` FOREIGN KEY (`ztc_admin_id`) REFERENCES `shopping_user` (`id`),
  CONSTRAINT `FK304F7EE5F140A6A4` FOREIGN KEY (`goods_brand_id`) REFERENCES `shopping_goodsbrand` (`id`)
) ENGINE=InnoDB AUTO_INCREMENT=98461 DEFAULT CHARSET=utf8;

/*Data for the table `shopping_goods` */

LOCK TABLES `shopping_goods` WRITE;

insert  into `shopping_goods`(`id`,`addTime`,`deleteStatus`,`goods_click`,`goods_details`,`goods_fee`,`goods_inventory`,`goods_inventory_detail`,`goods_name`,`goods_price`,`goods_property`,`goods_recommend`,`goods_salenum`,`goods_seller_time`,`goods_serial`,`goods_status`,`goods_transfee`,`goods_weight`,`inventory_type`,`seo_description`,`seo_keywords`,`store_price`,`store_recommend`,`store_recommend_time`,`ztc_admin_content`,`ztc_apply_time`,`ztc_begin_time`,`ztc_click_num`,`ztc_dredge_price`,`ztc_gold`,`ztc_pay_status`,`ztc_price`,`ztc_status`,`gc_id`,`goods_brand_id`,`goods_main_photo_id`,`goods_store_id`,`ztc_admin_id`,`goods_collect`,`group_buy`,`goods_choice_type`,`group_id`,`activity_status`,`bargain_status`,`delivery_status`,`goods_current_price`,`goods_volume`,`ems_trans_fee`,`express_trans_fee`,`mail_trans_fee`,`transport_id`,`combin_status`,`combin_begin_time`,`combin_end_time`,`combin_price`,`description_evaluate`,`weixin_shop_hot`,`weixin_shop_hotTime`,`weixin_shop_recommend`,`weixin_shop_recommendTime`) values (1,'2013-12-24 13:26:55','\0',103,'<img alt=\"\" src=\"/shopping/upload/store/1/2016/04/06/d3fd5933-6993-4f06-b17b-1559844b5516.jpg\" /><img alt=\"\" src=\"/shopping/upload/store/1/2016/04/06/75185836-0092-4302-a643-263cd877b4f3.jpg\" /> \r\n<p>\r\n	&nbsp;\r\n</p>',NULL,200,'[]','I’m David16专柜新品爱大卫韩版春季男装长袖休闲外套DQJP11C1','1280.00','[{\"val\":\"其他\",\"id\":\"2\",\"name\":\"材质\"}]','',0,NULL,'',0,0,'1.20','all','','','769.00','\0',NULL,NULL,NULL,NULL,0,0,0,0,0,0,5,2,426405,1,NULL,1,0,0,NULL,0,0,1,'769.00',NULL,'0.00','0.00','0.00',NULL,0,NULL,NULL,NULL,'5','\0',NULL,'\0',NULL),(3,'2013-12-24 13:31:03','\0',214,'<img alt=\"\" src=\"/shopping/upload/store/1/2016/04/06/baee2484-a6ea-41c8-a4d0-13d27e106662.jpg\" /><img alt=\"\" src=\"/shopping/upload/store/1/2016/04/06/10c50eab-707c-4e81-a363-50887e398593.jpg\" /> \r\n<div align=\"center\">\r\n	<br />\r\n</div>',NULL,200,'[]','秋冬新款男装 冲锋衣羽绒服 中长厚外套','900.00','[{\"val\":\"长款（衣长70-100CM）\",\"id\":\"3\",\"name\":\"衣长\"}, {\"val\":\"纯棉\",\"id\":\"2\",\"name\":\"材质\"}, {\"val\":\"长袖\",\"id\":\"1\",\"name\":\"款式\"}]','',0,NULL,'',0,0,'2.50','all','','','789.00','\0',NULL,NULL,NULL,NULL,0,0,0,0,0,0,5,3,426402,1,NULL,1,0,0,NULL,0,0,0,'789.00',NULL,'20.00','15.00','10.00',2,0,NULL,NULL,NULL,'5','\0',NULL,'\0',NULL),(4,'2013-12-24 13:32:53','\0',28,'<img alt=\"\" src=\"/shopping/upload/store/1/2016/04/06/0da54506-40a9-47f3-9a9c-39ae7f64da38.jpg\" /><img alt=\"\" src=\"/shopping/upload/store/1/2016/04/06/0831ddb2-392e-4ee1-adb0-caf0168150f2.jpg\" />',NULL,200,'[]','春季长袖T恤男士宽松加大码上衣青年男装t恤韩版假两件衬衫领体恤','195.00','[{\"val\":\"中长款（衣长50-70CM）\",\"id\":\"3\",\"name\":\"衣长\"}, {\"val\":\"纯棉\",\"id\":\"2\",\"name\":\"材质\"}, {\"val\":\"短袖\",\"id\":\"1\",\"name\":\"款式\"}]','',0,NULL,'',0,1,NULL,'all','','','65.00','\0',NULL,NULL,NULL,NULL,0,0,0,0,0,0,6,1,426422,1,NULL,0,0,0,NULL,0,0,0,'65.00',NULL,'0.00','0.00','0.00',NULL,0,NULL,NULL,NULL,'5','\0',NULL,'\0',NULL),(5,'2013-12-24 13:34:33','\0',34,'<img alt=\"\" src=\"/shopping/upload/store/1/2016/04/06/81c35a18-7f35-4425-8c17-4058397f8aab.jpg\" /><img alt=\"\" src=\"/shopping/upload/store/1/2016/04/06/46aa5016-06b1-47a5-abf7-d77f4cd81516.jpg\" /><img alt=\"\" src=\"/shopping/upload/store/1/2016/04/06/dbd3be88-6308-4292-a47b-f48eb9915d76.jpg\" />',NULL,200,'[]','马克华菲长袖衬衫 2015秋装新款男士修身韩版拼接衬衣7153307221','188.00','[{\"val\":\"中长款（衣长50-70CM）\",\"id\":\"3\",\"name\":\"衣长\"}, {\"val\":\"真丝\",\"id\":\"2\",\"name\":\"材质\"}, {\"val\":\"长袖\",\"id\":\"1\",\"name\":\"款式\"}]','',0,NULL,'',0,1,'0.00','all','','','148.52','\0',NULL,NULL,NULL,NULL,0,0,0,0,0,0,6,3,426432,1,NULL,0,0,0,NULL,0,0,0,'148.52',NULL,'0.00','0.00','0.00',NULL,0,NULL,NULL,NULL,'5','\0',NULL,'\0',NULL),(6,'2013-12-24 13:35:42','\0',15,'',NULL,200,'[]','法兰绒休闲格子衬衫男长袖免烫磨毛男士格子衬衣','340.00','[{\"val\":\"中长款（衣长50-70CM）\",\"id\":\"3\",\"name\":\"衣长\"}, {\"val\":\"纯棉\",\"id\":\"2\",\"name\":\"材质\"}, {\"val\":\"长袖\",\"id\":\"1\",\"name\":\"款式\"}]','',0,NULL,'',0,0,'0.50','all','','','238.00','\0',NULL,NULL,NULL,NULL,0,0,0,0,0,0,12,2,426290,1,NULL,0,2,0,2,0,0,0,'238.00',NULL,'0.00','0.00','0.00',NULL,0,NULL,NULL,NULL,'5','\0',NULL,'\0',NULL),(7,'2013-12-24 13:36:46','\0',27,'<img alt=\"\" src=\"/shopping/upload/store/1/2016/04/06/36b3b816-675f-48be-b527-85dd8fa72130.jpg\" />',NULL,200,'[]','清仓甩卖冬季男士棉衣男韩版加厚羽毛绒棉服男外套','338.00','[]','',0,NULL,'',0,0,'3.20','all','','','88.00','\0',NULL,NULL,NULL,NULL,0,0,0,0,0,0,7,1,426425,1,NULL,0,0,0,NULL,0,0,0,'88.00',NULL,'0.00','0.00','0.00',NULL,0,NULL,NULL,NULL,'5','\0',NULL,'\0',NULL),(8,'2013-12-24 13:37:38','\0',24,'<img alt=\"\" src=\"/shopping/upload/store/1/2016/04/06/fac15b99-221c-44a9-b8f7-e635351f44ce.jpg\" /><img alt=\"\" src=\"/shopping/upload/store/1/2016/04/06/c151d291-b8c1-47fc-9d55-824cd227553e.jpg\" />',NULL,200,'[]','abx男装2016春季深蓝色九分牛仔裤男小脚修身九分裤潮流牛仔9分裤','259.00','[{\"val\":\"中长款（衣长50-70CM）\",\"id\":\"3\",\"name\":\"衣长\"}, {\"val\":\"纯棉\",\"id\":\"2\",\"name\":\"材质\"}, {\"val\":\"长袖\",\"id\":\"1\",\"name\":\"款式\"}]','',0,NULL,'',0,0,'1.20','all','','','159.00','\0',NULL,NULL,NULL,NULL,0,0,0,0,0,0,12,2,426418,1,NULL,0,0,0,NULL,0,0,0,'159.00',NULL,'0.00','0.00','0.00',NULL,0,NULL,NULL,NULL,'5','\0',NULL,'\0',NULL),(9,'2013-12-24 13:38:46','\0',59,'<img alt=\"\" src=\"/shopping/upload/store/1/2016/04/06/c1c3833b-3e69-4ce7-a707-07dd7e7f4426.jpg\" /><img alt=\"\" src=\"/shopping/upload/store/1/2016/04/06/5c385828-5859-46f7-9f02-e9fada300142.jpg\" />',NULL,200,'[]','I’m David爱大卫男士单西夏季薄款男装纯色修身休闲西服DOJK310A','1028.00','[]','',0,NULL,'',0,1,'0.00','all','','','512.00','\0',NULL,NULL,NULL,NULL,0,0,0,0,0,0,5,3,426408,1,NULL,0,2,0,2,0,0,0,'512.00',NULL,'0.00','0.00','0.00',NULL,0,NULL,NULL,NULL,'5','\0',NULL,'\0',NULL),(32768,'2013-12-24 13:44:05','\0',31,'<img alt=\"\" src=\"/shopping/upload/store/1/2016/04/06/76490221-a46b-45a7-8ff5-5085f5e78d72.jpg\" /><img alt=\"\" src=\"/shopping/upload/store/1/2016/04/06/2dc318e7-05a8-4dcd-8688-b64e8e8bc903.jpg\" />',NULL,200,'[]','马克华菲羽绒服 2015冬装轻薄羽绒外套 男士修身立领保暖 潮 7251','895.00','[]','',0,NULL,'',0,0,'1.20','all','','','378.00','\0',NULL,NULL,NULL,NULL,0,0,0,0,0,0,7,2,426415,1,NULL,0,0,0,NULL,0,0,0,'378.00',NULL,'0.00','0.00','0.00',NULL,0,NULL,NULL,NULL,'5','\0',NULL,'\0',NULL),(32769,'2013-12-24 13:46:30','\0',51,'<img alt=\"\" src=\"/shopping/upload/store/1/2016/04/06/122eaec7-161c-4776-ae3a-95bf20640560.jpg\" /><img alt=\"\" src=\"/shopping/upload/store/1/2016/04/06/65dcd2c3-0012-47a6-b0de-6ecc90312e10.jpg\" /><img alt=\"\" src=\"/shopping/upload/store/1/2016/04/06/2ddf3df5-7bf6-40c4-8556-9453fdec1ad3.jpg\" /> \r\n<p>\r\n	&nbsp;\r\n</p>',NULL,200,'[]','??????????????????????????????','598.00','[{\"val\":\"?????35-50CM?\",\"id\":\"3\",\"name\":\"??\"}, {\"val\":\"??\",\"id\":\"2\",\"name\":\"??\"}, {\"val\":\"??\",\"id\":\"1\",\"name\":\"??\"}]','',0,NULL,'',0,0,'0.30','all','','','208.00','\0',NULL,NULL,NULL,NULL,0,0,0,0,0,0,8,NULL,426428,1,NULL,0,0,0,NULL,0,0,0,'208.00',NULL,'0.00','0.00','0.00',NULL,0,NULL,NULL,NULL,'5','\0',NULL,'\0',NULL),(65536,'2013-12-24 14:38:02','\0',70,'<span style=\"color:#666666;background-color:#FFFFFF;font-family:tahoma, arial, 微软雅黑, sans-serif;line-height:1.5;\">充绒量:&nbsp;100g(含)-150g(不含) &nbsp; &nbsp; &nbsp; &nbsp; &nbsp; &nbsp; &nbsp; &nbsp; &nbsp; &nbsp; &nbsp; &nbsp; &nbsp; &nbsp; &nbsp; &nbsp;</span><span style=\"color:#666666;background-color:#FFFFFF;font-family:tahoma, arial, 微软雅黑, sans-serif;line-height:1.5;\">含绒量:&nbsp;80% &nbsp; &nbsp; &nbsp; &nbsp; &nbsp; &nbsp; &nbsp; &nbsp; &nbsp; &nbsp; &nbsp; &nbsp; &nbsp; &nbsp; &nbsp; &nbsp; &nbsp; &nbsp; &nbsp; &nbsp; &nbsp; &nbsp; &nbsp; &nbsp; &nbsp; &nbsp; &nbsp; &nbsp; &nbsp; &nbsp; &nbsp; &nbsp; &nbsp; &nbsp;</span><span style=\"color:#666666;background-color:#FFFFFF;font-family:tahoma, arial, 微软雅黑, sans-serif;line-height:1.5;\">材质成分:&nbsp;聚酯纤维100%</span><br />\r\n<span style=\"color:#666666;background-color:#FFFFFF;font-family:tahoma, arial, 微软雅黑, sans-serif;line-height:1.5;\">品牌:&nbsp;niffeilu/妮菲学 &nbsp; &nbsp; &nbsp; &nbsp; &nbsp; &nbsp; &nbsp; &nbsp; &nbsp; &nbsp; &nbsp; &nbsp; &nbsp; &nbsp; &nbsp; &nbsp; &nbsp; &nbsp; &nbsp; &nbsp; &nbsp; &nbsp;&nbsp;</span><span style=\"color:#666666;background-color:#FFFFFF;font-family:tahoma, arial, 微软雅黑, sans-serif;line-height:1.5;\">货号:&nbsp;NF14R3702 &nbsp; &nbsp; &nbsp; &nbsp; &nbsp; &nbsp; &nbsp; &nbsp; &nbsp; &nbsp; &nbsp; &nbsp; &nbsp; &nbsp; &nbsp; &nbsp; &nbsp; &nbsp; &nbsp; &nbsp; &nbsp; &nbsp; &nbsp; &nbsp; &nbsp; &nbsp; &nbsp; &nbsp; &nbsp; &nbsp; &nbsp;</span><span style=\"color:#666666;background-color:#FFFFFF;font-family:tahoma, arial, 微软雅黑, sans-serif;line-height:1.5;\">服装版型:&nbsp;修身</span><br />\r\n<span style=\"color:#666666;background-color:#FFFFFF;font-family:tahoma, arial, 微软雅黑, sans-serif;line-height:1.5;\">厚薄:&nbsp;加厚 &nbsp; &nbsp; &nbsp; &nbsp; &nbsp; &nbsp; &nbsp; &nbsp; &nbsp; &nbsp; &nbsp; &nbsp; &nbsp; &nbsp; &nbsp; &nbsp; &nbsp; &nbsp; &nbsp; &nbsp; &nbsp; &nbsp; &nbsp; &nbsp; &nbsp; &nbsp; &nbsp; &nbsp; &nbsp;</span><span style=\"color:#666666;background-color:#FFFFFF;font-family:tahoma, arial, 微软雅黑, sans-serif;line-height:1.5;\">风格:&nbsp;甜美 &nbsp; &nbsp; &nbsp; &nbsp; &nbsp; &nbsp; &nbsp; &nbsp; &nbsp; &nbsp; &nbsp; &nbsp; &nbsp; &nbsp; &nbsp; &nbsp; &nbsp; &nbsp; &nbsp; &nbsp;&nbsp;<img src=\"http://192.168.2.100:8080/shopping/upload/store/1/2016/04/04/7b0c0465-7e9c-4676-8aa5-19f68eb3d2ba.jpg\" /><img src=\"http://192.168.2.100:8080/shopping/upload/store/1/2016/04/04/0e474a11-ae41-4802-8edb-684e97f58d7c.jpg\" /></span>',NULL,200,'[]','冬少女装韩版短款羽绒服 白领时尚连帽休闲棉服 短外套','508.00','[{\"val\":\"中长款（衣长50-70CM）\",\"id\":\"3\",\"name\":\"衣长\"}, {\"val\":\"其他\",\"id\":\"2\",\"name\":\"材质\"}, {\"val\":\"长袖\",\"id\":\"1\",\"name\":\"款式\"}]','',0,NULL,'',0,1,'1.00','all','女装','女装','248.00','\0',NULL,NULL,NULL,NULL,0,0,0,0,0,0,13,4,426358,1,NULL,0,0,0,NULL,0,0,0,'600.00','0.00','0.00','0.00','0.00',2,0,NULL,NULL,NULL,'5','\0',NULL,'\0',NULL),(65537,'2013-12-24 14:42:52','\0',21,'<img alt=\"\" src=\"/shopping/upload/store/1/2016/04/06/f86f77d8-bbf2-4642-bf24-78e2681dd281.jpg\" /><img alt=\"\" src=\"/shopping/upload/store/1/2016/04/06/25adf817-f66a-412a-b8fe-fe2f7e10c086.jpg\" />',NULL,200,'[]','伶俐柠檬10651复古女装连衣裙手绘长袖长裙中国风文艺范原创设计','300.00','[{\"val\":\"中长款（衣长50-70CM）\",\"id\":\"3\",\"name\":\"衣长\"}, {\"val\":\"真丝\",\"id\":\"2\",\"name\":\"材质\"}, {\"val\":\"长袖\",\"id\":\"1\",\"name\":\"款式\"}]','',0,NULL,'',0,0,'0.30','all','','','235.00','\0',NULL,NULL,NULL,NULL,0,0,0,0,0,0,15,6,426453,1,NULL,0,0,0,NULL,0,0,0,'235.00',NULL,'0.00','0.00','0.00',NULL,0,NULL,NULL,NULL,'5','\0',NULL,'\0',NULL),(65538,'2013-12-24 14:44:02','\0',26,'<img alt=\"\" src=\"/shopping/upload/store/1/2016/04/06/ac874dd4-a3d5-4d0d-b398-2b0a293120d5.jpg\" /><img alt=\"\" src=\"/shopping/upload/store/1/2016/04/06/3b461c97-662c-4571-be34-9770f08e9fd5.jpg\" />',NULL,200,'[]','裂帛旗舰店2016春季新品女装绣花不规则摆裙子七分袖雪纺连衣裙夏','259.80','[{\"val\":\"中长款（衣长50-70CM）\",\"id\":\"3\",\"name\":\"衣长\"}, {\"val\":\"聚酯\",\"id\":\"2\",\"name\":\"材质\"}, {\"val\":\"长袖\",\"id\":\"1\",\"name\":\"款式\"}]','',0,NULL,'',0,1,NULL,'all','','','259.80','\0',NULL,NULL,NULL,NULL,0,0,0,0,0,0,15,4,426440,1,NULL,0,0,0,NULL,0,0,0,'259.80',NULL,'0.00','0.00','0.00',NULL,0,NULL,NULL,NULL,'5','\0',NULL,'\0',NULL),(65539,'2013-12-24 14:45:04','\0',27,'<img alt=\"\" src=\"/shopping/upload/store/1/2016/04/06/c217031a-1afc-44b5-91a7-702046f8be25.jpg\" /><img alt=\"\" src=\"/shopping/upload/store/1/2016/04/06/f012fceb-0b03-41e4-bf0a-6ee5d13f8d34.jpg\" /><img alt=\"\" src=\"/shopping/upload/store/1/2016/04/06/016349ea-edd9-4568-9d94-bbac322f20bd.jpg\" />',NULL,200,'[]','姿忆秀加绒棉衣女装中长款2015冬装新款修身外套秋冬季韩版连帽','700.00','[{\"val\":\"长款（衣长70-100CM）\",\"id\":\"3\",\"name\":\"衣长\"}, {\"val\":\"长袖\",\"id\":\"1\",\"name\":\"款式\"}]','',0,NULL,'',0,1,'0.00','all','','','600.00','\0',NULL,NULL,NULL,NULL,0,0,0,0,0,0,13,6,426460,1,NULL,0,0,0,NULL,0,0,0,'600.00',NULL,'0.00','0.00','0.00',NULL,0,NULL,NULL,NULL,'5','\0',NULL,'\0',NULL),(65540,'2013-12-24 14:46:22','\0',16,'<img alt=\"\" src=\"/shopping/upload/store/1/2016/04/06/6cbb4521-05e8-4805-8397-f13b35ca57da.jpg\" /><img alt=\"\" src=\"/shopping/upload/store/1/2016/04/06/e3f65f06-2e78-4b61-a85f-a600a1097519.jpg\" /><img alt=\"\" src=\"/shopping/upload/store/1/2016/04/06/48ec1ce2-ea51-42dc-a2bc-c1f2be2bd28f.jpg\" />',NULL,200,'[]','日系衬衫连衣裙春秋款2016新款民族风女装裙子夏中长款打底a字裙','180.00','[{\"val\":\"中长款（衣长50-70CM）\",\"id\":\"3\",\"name\":\"衣长\"}, {\"val\":\"纯棉\",\"id\":\"2\",\"name\":\"材质\"}, {\"val\":\"长袖\",\"id\":\"1\",\"name\":\"款式\"}]','',0,NULL,'',0,1,'0.00','all','','','56.00','\0',NULL,NULL,NULL,NULL,0,0,0,0,0,0,15,NULL,426459,1,NULL,0,0,0,NULL,0,0,0,'56.00',NULL,'0.00','0.00','0.00',NULL,0,NULL,NULL,NULL,'5','\0',NULL,'\0',NULL),(98304,'2013-12-24 14:54:08','\0',34,'<img alt=\"\" src=\"/shopping/upload/store/1/2016/04/06/28880105-7886-4946-b2f6-d9feeb9c9b9a.jpg\" /><img alt=\"\" src=\"/shopping/upload/store/1/2016/04/06/308ab591-d4af-4ea7-b416-d227894296c4.jpg\" /><img alt=\"\" src=\"/shopping/upload/store/1/2016/04/06/e7ed3874-46b9-463b-aa0c-5e3136f10a46.jpg\" />',NULL,200,'[]','欧洲站2016春装新品女装春季圆领中袖A字白色连衣裙子配送腰带','300.00','[{\"val\":\"聚酯\",\"id\":\"2\",\"name\":\"材质\"}]','',0,NULL,'',0,0,'0.30','all','','','131.00','\0',NULL,NULL,NULL,NULL,0,0,0,0,0,0,17,NULL,426450,1,NULL,1,0,0,NULL,0,0,0,'131.00',NULL,'0.00','0.00','0.00',NULL,0,NULL,NULL,NULL,'5','\0',NULL,'\0',NULL),(98305,'2013-12-24 14:55:01','\0',21,'<img alt=\"\" src=\"/shopping/upload/store/1/2016/04/06/0c5a778f-2004-434d-9b3a-a3744a3ac381.jpg\" /><img alt=\"\" src=\"/shopping/upload/store/1/2016/04/06/98470d39-7fc9-42f0-84a0-5e9976873af3.jpg\" />',NULL,200,'[]','女装春夏韩版收腰修身圆领雪纺连衣裙A字裙大码百搭短袖新款淑女','700.00','[{\"val\":\"中长款（衣长50-70CM）\",\"id\":\"3\",\"name\":\"衣长\"}, {\"val\":\"纯棉\",\"id\":\"2\",\"name\":\"材质\"}, {\"val\":\"长袖\",\"id\":\"1\",\"name\":\"款式\"}]','',0,NULL,'',0,1,NULL,'all','','','600.00','\0',NULL,NULL,NULL,NULL,0,0,0,0,0,0,14,8,426448,1,NULL,0,0,0,NULL,0,0,0,'600.00',NULL,'0.00','0.00','0.00',NULL,0,NULL,NULL,NULL,'5','\0',NULL,'\0',NULL),(98306,'2013-12-24 14:58:37','\0',17,'',NULL,200,'[]','shinena夏娜 2013秋冬新款白色公主裙韩版翻领修身蕾丝修身连衣裙','300.00','[{\"val\":\"长款（衣长70-100CM）\",\"id\":\"3\",\"name\":\"衣长\"}, {\"val\":\"真丝\",\"id\":\"2\",\"name\":\"材质\"}, {\"val\":\"长袖\",\"id\":\"1\",\"name\":\"款式\"}]','',0,NULL,'',0,0,'1.20','all','','','235.00','\0',NULL,NULL,NULL,NULL,0,0,0,0,0,0,17,6,426271,1,NULL,0,0,0,NULL,0,0,0,'235.00',NULL,'0.00','0.00','0.00',NULL,0,NULL,NULL,NULL,'5','\0',NULL,'\0',NULL),(98307,'2013-12-24 14:59:27','\0',23,'<img alt=\"\" src=\"/shopping/upload/store/1/2016/04/06/0a647b48-8b87-48cf-a407-fe5a0ea42249.jpg\" /><img alt=\"\" src=\"/shopping/upload/store/1/2016/04/06/e8e44a16-5ff9-44d1-9615-3487882fb6b8.jpg\" /><img alt=\"\" src=\"/shopping/upload/store/1/2016/04/06/19e9416f-4114-42f1-90d7-754405fc4498.jpg\" /> \r\n<p>\r\n	&nbsp;\r\n</p>',NULL,200,'[]','裂帛长裙2016夏装新款刺绣无袖背心裙子气质中长款雪纺连衣裙女春','300.00','[{\"val\":\"中长款（衣长50-70CM）\",\"id\":\"3\",\"name\":\"衣长\"}, {\"val\":\"真丝\",\"id\":\"2\",\"name\":\"材质\"}, {\"val\":\"无袖\",\"id\":\"1\",\"name\":\"款式\"}]','',0,NULL,'',0,0,'0.30','all','','','199.80','\0',NULL,NULL,NULL,NULL,0,0,0,0,0,0,17,7,426444,1,NULL,0,0,0,NULL,0,0,0,'199.80',NULL,'0.00','0.00','0.00',NULL,0,NULL,NULL,NULL,'5','\0',NULL,'\0',NULL),(98308,'2013-12-24 15:00:20','\0',22,'<img alt=\"\" src=\"/shopping/upload/store/1/2016/04/06/8a7b34ac-712d-4e25-b0a0-10b8dcc46d4e.jpg\" /><img alt=\"\" src=\"/shopping/upload/store/1/2016/04/06/402c7fa2-a501-4b0b-982d-771df9bbae83.jpg\" /><img alt=\"\" src=\"/shopping/upload/store/1/2016/04/06/bb96efb6-5417-494c-a475-f88b5565778d.jpg\" />',NULL,200,'[]','2016新款女装小清新绣花白色欧根纱无袖连衣裙短裙子夏宽松蓬蓬裙','300.00','[{\"val\":\"中长款（衣长50-70CM）\",\"id\":\"3\",\"name\":\"衣长\"}, {\"val\":\"纯棉\",\"id\":\"2\",\"name\":\"材质\"}, {\"val\":\"无袖\",\"id\":\"1\",\"name\":\"款式\"}]','',0,NULL,'',0,1,NULL,'all','','','235.00','\0',NULL,NULL,NULL,NULL,0,0,0,0,0,0,17,8,426436,1,NULL,1,0,0,NULL,0,0,0,'235.00',NULL,'0.00','0.00','0.00',NULL,0,NULL,NULL,NULL,'5','\0',NULL,'\0',NULL),(98309,'2013-12-24 15:01:43','\0',18,'',NULL,200,'[]','燃脂收腹提臀塑身衣无痕分体套装 产后动能内衣 秋冬款','300.00','[]','',0,NULL,'',0,0,'1.20','all','','','235.00','\0',NULL,NULL,NULL,NULL,0,0,0,0,0,0,19,NULL,426268,1,NULL,0,0,0,NULL,0,0,0,'235.00',NULL,'0.00','0.00','0.00',NULL,0,NULL,NULL,NULL,'5','\0',NULL,'\0',NULL),(98310,'2013-12-24 15:02:47','\0',21,'',NULL,200,'[]','美特斯邦威暖居女短袖家居短袍','300.00','[]','',0,NULL,'',0,0,'0.50','all','','','235.00','\0',NULL,NULL,NULL,NULL,0,0,0,0,0,0,23,NULL,426267,1,NULL,0,0,0,NULL,0,0,0,'235.00',NULL,'0.00','0.00','0.00',NULL,0,NULL,NULL,NULL,'5','\0',NULL,'\0',NULL),(98311,'2013-12-24 15:03:30','\0',14,'',NULL,200,'[]','美体塑身衣托胸无袖塑身内衣塑形衣收腹瘦腰部束身衣','300.00','[]','',0,NULL,'',0,0,'1.20','all','','','235.00','\0',NULL,NULL,NULL,NULL,0,0,0,0,0,0,19,NULL,426266,1,NULL,0,0,0,NULL,0,0,0,'235.00',NULL,'0.00','0.00','0.00',NULL,0,NULL,NULL,NULL,'5','\0',NULL,'\0',NULL),(98312,'2013-12-24 15:04:21','\0',14,'',NULL,200,'[]','佐丹奴内衣裤男装百搭舒适平脚内裤','100.00','[]','',0,NULL,'',0,0,'0.30','all','','','65.00','\0',NULL,NULL,NULL,NULL,0,0,0,0,0,0,21,NULL,426265,1,NULL,0,0,0,NULL,0,0,0,'65.00',NULL,'0.00','0.00','0.00',NULL,0,NULL,NULL,NULL,'5','\0',NULL,'\0',NULL),(98313,'2013-12-24 15:05:18','\0',15,'',NULL,200,'[]','三枪内衣 秋衣套装 三枪男士半高领精纺全棉套装 20048D0专柜正品','300.00','[{\"val\":\"中长款（衣长50-70CM）\",\"id\":\"3\",\"name\":\"衣长\"}, {\"val\":\"纯棉\",\"id\":\"2\",\"name\":\"材质\"}, {\"val\":\"长袖\",\"id\":\"1\",\"name\":\"款式\"}]','',0,NULL,'',0,0,'0.30','all','','','235.00','\0',NULL,NULL,NULL,NULL,0,0,0,0,0,0,23,NULL,426264,1,NULL,0,0,0,NULL,0,0,0,'235.00',NULL,'0.00','0.00','0.00',NULL,0,NULL,NULL,NULL,'5','\0',NULL,'\0',NULL),(98314,'2013-12-24 15:06:07','\0',15,'<p style=\"text-indent:2em;\">\r\n	<span><span><strong><span style=\"font-size:16px;\">产地: 中国大陆 &nbsp; &nbsp; &nbsp; &nbsp; &nbsp; &nbsp; &nbsp; &nbsp; &nbsp; &nbsp; &nbsp; &nbsp; &nbsp; &nbsp; &nbsp; &nbsp; &nbsp; &nbsp; &nbsp; &nbsp; &nbsp; &nbsp;&nbsp;<span>颜色分类:</span><span>绿色160ML(3-6个月)M号</span></span></strong></span></span>\r\n</p>\r\n<p style=\"text-indent:2em;\">\r\n	<span><span><strong><span style=\"font-size:16px;\"><span>品牌: Anantara/恩诺童</span>&nbsp; &nbsp; &nbsp; &nbsp; &nbsp; &nbsp; &nbsp; &nbsp; &nbsp; &nbsp; &nbsp; &nbsp; &nbsp; &nbsp; &nbsp; &nbsp; &nbsp; &nbsp; &nbsp; &nbsp; &nbsp; &nbsp; &nbsp;&nbsp;<span>粉色160ML(3-6个月)M号&nbsp;</span></span></strong></span></span>\r\n</p>\r\n<p style=\"text-indent:2em;\">\r\n	<span><span><strong><span style=\"font-size:16px;\"><span>奶瓶是否带柄: 不带柄</span> &nbsp; &nbsp; &nbsp; &nbsp; &nbsp; &nbsp; &nbsp; &nbsp; &nbsp; &nbsp; &nbsp; &nbsp; &nbsp; &nbsp; &nbsp; &nbsp; &nbsp;&nbsp;<span>材质: 其他</span><br />\r\n</span></strong></span></span>\r\n</p>\r\n<p style=\"text-indent:2em;\">\r\n	<span><span><strong><span style=\"font-size:16px;\"><span>口径大小: 宽口径 &nbsp; &nbsp; &nbsp; &nbsp; &nbsp; &nbsp; &nbsp; &nbsp; &nbsp; &nbsp; &nbsp; &nbsp; &nbsp; &nbsp; &nbsp; &nbsp; &nbsp; &nbsp; &nbsp; &nbsp; &nbsp;</span><span>形状: 葫芦型<img src=\"http://192.168.2.100:8080/shopping/upload/store/1/2016/04/04/c5e18ee0-b0ab-4094-bbe7-0ea1f10c5fa5.jpg\" /><img src=\"http://192.168.2.100:8080/shopping/upload/store/1/2016/04/04/cd1aea48-da4a-41d4-b7e6-75d9d0d10159.jpg\" /></span><br />\r\n</span></strong></span></span>\r\n</p>',NULL,197,'[]','恩诺童硅胶奶瓶婴儿宝宝宽口径带手柄儿童奶瓶防摔防胀气母婴用品','159.00','[]','',3,NULL,'',0,0,'0.50','all','','','138.00','\0',NULL,NULL,NULL,NULL,0,0,0,0,0,0,210,NULL,426324,1,NULL,0,0,0,NULL,0,0,0,'138.00',NULL,'0.00','0.00','0.00',NULL,0,NULL,NULL,NULL,'5','\0',NULL,'\0',NULL),(98315,'2013-12-24 15:07:00','\0',16,'',NULL,200,'[]','女士珊瑚绒睡裙碧美妮加厚保暖长袖睡衣','300.00','[]','',0,NULL,'',0,0,'2.50','all','','','235.00','\0',NULL,NULL,NULL,NULL,0,0,0,0,0,0,22,NULL,426262,1,NULL,0,0,0,NULL,0,0,0,'235.00',NULL,'0.00','0.00','0.00',NULL,0,NULL,NULL,NULL,'5','\0',NULL,'\0',NULL),(98316,'2013-12-24 15:07:46','\0',18,'',NULL,200,'[]',' 秋冬款 女 嫰黄色珊瑚绒加厚连帽睡衣 睡裙 家居服','300.00','[]','',0,NULL,'',0,0,'2.50','all','','','235.00','\0',NULL,NULL,NULL,NULL,0,0,0,0,0,0,23,NULL,426261,1,NULL,0,0,0,NULL,0,0,0,'235.00',NULL,'0.00','0.00','0.00',NULL,0,NULL,NULL,NULL,'5','\0',NULL,'\0',NULL),(98317,'2013-12-24 15:08:30','\0',22,'',NULL,200,'[]','花花公子加厚夹棉男士睡衣家居服冬加厚夹棉男睡衣','300.00','[]','',0,NULL,'',0,0,'2.50','all','','','235.00','\0',NULL,NULL,NULL,NULL,0,0,0,0,0,0,22,NULL,426260,1,NULL,0,0,0,NULL,0,0,0,'235.00',NULL,'0.00','0.00','0.00',NULL,0,NULL,NULL,NULL,'5','\0',NULL,'\0',NULL),(98318,'2013-12-24 15:09:38','\0',12,'',NULL,200,'[]','2013夏季新款糖果色抹胸毛巾双扣调节短浴裙','300.00','[]','',0,NULL,'',0,0,'1.20','all','','','235.00','\0',NULL,NULL,NULL,NULL,0,0,0,0,0,0,23,NULL,426259,1,NULL,0,0,0,NULL,0,0,0,'235.00',NULL,'0.00','0.00','0.00',NULL,0,NULL,NULL,NULL,'5','\0',NULL,'\0',NULL),(98319,'2013-12-24 15:11:02','\0',13,'<img alt=\"\" src=\"/shopping/upload/store/1/2016/04/06/e0cb5029-847d-4993-b6f2-cbe5df8344d7.jpg\" /><img alt=\"\" src=\"/shopping/upload/store/1/2016/04/06/46c3cab2-3648-4c10-88cf-d8462e7b278a.jpg\" />',NULL,200,'[]','正品阿迪达斯adidas三叶草女鞋贝壳头同款低帮男鞋运动板鞋B35832','400.00','[]','',0,NULL,'',0,1,'1.20','all','','','356.00','\0',NULL,NULL,NULL,NULL,0,0,0,0,0,0,32,11,426484,1,NULL,0,0,0,NULL,0,0,0,'356.00',NULL,'0.00','0.00','0.00',NULL,0,NULL,NULL,NULL,'5','\0',NULL,'\0',NULL),(98320,'2013-12-24 15:14:36','\0',13,'',NULL,200,'[]','NIKE 耐克 max 男子跑步鞋 487982-104','300.00','[]','',0,NULL,'',0,0,'2.50','all','','','235.00','\0',NULL,NULL,NULL,NULL,0,0,0,0,0,0,32,11,426257,1,NULL,0,0,0,NULL,0,0,0,'235.00',NULL,'0.00','0.00','0.00',NULL,0,NULL,NULL,NULL,'5','\0',NULL,'\0',NULL),(98321,'2013-12-24 15:15:36','\0',173,'<img alt=\"\" src=\"/shopping/upload/store/1/2016/04/06/90f1c734-e7b1-49d9-8f96-c6750d774eed.png\" /><img alt=\"\" src=\"/shopping/upload/store/1/2016/04/06/10118ea6-e0a3-4eeb-90a3-df2f15ef319d.jpg\" /><img alt=\"\" src=\"/shopping/upload/store/1/2016/04/06/3e7fb34d-ecce-4ec8-848c-bc44356018a8.jpg\" /><img alt=\"\" src=\"/shopping/upload/store/1/2016/04/06/7854b958-8ad6-4977-aa64-daea769df0f8.jpg\" /> \r\n<p>\r\n	&nbsp;\r\n</p>',NULL,200,'[]','花花公子男鞋2016春季休闲皮鞋男士鞋子真皮英伦休闲鞋男潮流板鞋','700.00','[]','',0,NULL,'',0,0,'2.50','all','','','560.00','\0',NULL,NULL,NULL,NULL,0,0,0,0,0,0,30,NULL,426386,1,NULL,0,0,0,NULL,0,0,0,'560.00',NULL,'0.00','0.00','0.00',NULL,0,NULL,NULL,NULL,'5','\0',NULL,'\0',NULL),(98322,'2013-12-24 15:16:35','\0',19,'<img alt=\"\" src=\"/shopping/upload/store/1/2016/04/06/a41bb658-5099-413d-bbeb-75aa808961a7.jpg\" /><img alt=\"\" src=\"/shopping/upload/store/1/2016/04/06/c989a0c3-acf6-4717-a52a-48fdbb88f526.jpg\" />',NULL,200,'[]','正品阿迪达斯男鞋2016春夏季adidas女鞋复古跑步鞋透气运动休闲鞋','489.00','[]','',0,NULL,'',0,1,'2.50','all','','','342.30','\0',NULL,NULL,NULL,NULL,0,0,0,0,0,0,33,NULL,426487,1,NULL,0,0,0,NULL,0,0,0,'342.30',NULL,'0.00','0.00','0.00',NULL,0,NULL,NULL,NULL,'5','\0',NULL,'\0',NULL),(98323,'2013-12-24 15:16:58','\0',18,'',NULL,500,'[]','LISKAMM雷石 户外运动 透气防水防风男士冲锋衣113M','200.00','[]','',0,NULL,'',0,0,'0.80','all','','','180.00','\0',NULL,NULL,NULL,NULL,0,0,0,0,0,0,54,1,426253,1,NULL,0,2,0,2,0,0,0,'180.00',NULL,'0.00','0.00','0.00',NULL,0,NULL,NULL,NULL,'5','\0',NULL,'\0',NULL),(98324,'2013-12-24 15:19:14','\0',10,'',NULL,500,'[]','塞沃斯SWS 正品情侣款特厚保暖软壳抓绒衣','300.00','[]','',0,NULL,'',0,0,'0.80','all','','','150.00','\0',NULL,NULL,NULL,NULL,0,0,0,0,0,0,54,NULL,426252,1,NULL,0,0,0,NULL,0,0,0,'150.00',NULL,'0.00','0.00','0.00',NULL,0,NULL,NULL,NULL,'5','\0',NULL,'\0',NULL),(98325,'2013-12-24 15:19:29','\0',21,'<img alt=\"\" src=\"/shopping/upload/store/1/2016/04/06/29958e55-59bc-4d17-a2c3-08b81fd26ace.jpg\" />',NULL,200,'[]','西宾英伦休闲鞋男低帮真皮青年男士休闲皮鞋男鞋春季系带软面皮鞋','318.00','[]','',0,NULL,'',0,1,'0.00','all','','','139.00','\0',NULL,NULL,NULL,NULL,0,0,0,0,0,0,30,NULL,426480,1,NULL,0,0,0,NULL,0,0,0,'139.00',NULL,'0.00','0.00','0.00',NULL,0,NULL,NULL,NULL,'5','\0',NULL,'\0',NULL),(98326,'2013-12-24 15:20:19','\0',20,'<img alt=\"\" src=\"/shopping/upload/store/1/2016/04/06/0d5db1df-39d9-4ff7-b480-a81f9ab64516.png\" /><img alt=\"\" src=\"/shopping/upload/store/1/2016/04/06/15d72dee-07b7-4d12-b19b-f1b18f61479a.jpg\" /><img alt=\"\" src=\"/shopping/upload/store/1/2016/04/06/0bfdea32-5790-4b23-aed6-1d2f1f915cd3.jpg\" />',NULL,200,'[]','热卖春夏透气英伦男士帆布鞋休闲鞋韩版潮低帮学生板鞋脚蹬男单鞋 ','78.00','[]','',0,NULL,'',0,1,'0.00','all','','','39.00','\0',NULL,NULL,NULL,NULL,0,0,0,0,0,0,30,NULL,426479,1,NULL,0,0,0,NULL,0,0,0,'39.00',NULL,'0.00','0.00','0.00',NULL,0,NULL,NULL,NULL,'5','\0',NULL,'\0',NULL),(98327,'2013-12-24 15:20:37','\0',10,'',NULL,1000,'[]','LISKAMM雷石 户外运动 防风防水冲锋衣','200.00','[]','',0,NULL,'',0,0,'0.80','all','','','189.00','\0',NULL,NULL,NULL,NULL,0,0,0,0,0,0,54,3,426249,1,NULL,0,0,0,NULL,0,0,0,'189.00',NULL,'0.00','0.00','0.00',NULL,0,NULL,NULL,NULL,'5','\0',NULL,'\0',NULL),(98328,'2013-12-24 15:21:11','\0',21,'<img alt=\"\" src=\"/shopping/upload/store/1/2016/04/06/daf3b141-1247-4ec3-9c41-6cfd0565d462.png\" /><img alt=\"\" src=\"/shopping/upload/store/1/2016/04/06/8dd9b578-0b47-4414-aec2-2662573f59e9.jpg\" /><img alt=\"\" src=\"/shopping/upload/store/1/2016/04/06/b0820517-c622-49ca-ab76-d0b74269982a.jpg\" />',NULL,22,'[]','花花公子男鞋2016春季休闲皮鞋男士鞋子真皮英伦休闲鞋男潮流板鞋','429.00','[]','',0,NULL,'',0,1,'0.00','all','','','278.00','\0',NULL,NULL,NULL,NULL,0,0,0,0,0,0,30,NULL,426474,1,NULL,0,0,0,NULL,0,0,0,'278.00',NULL,'0.00','0.00','0.00',NULL,0,NULL,NULL,NULL,'5','\0',NULL,'\0',NULL),(98329,'2013-12-24 15:21:56','\0',17,'',NULL,200,'[]','奥古仕盾 男式网面透气 日常休闲鞋磨砂网面镂空单鞋','700.00','[]','',0,NULL,'',0,0,'1.20','all','','','600.00','\0',NULL,NULL,NULL,NULL,0,0,0,0,0,0,30,NULL,426247,1,NULL,0,0,0,NULL,0,0,0,'600.00',NULL,'0.00','0.00','0.00',NULL,0,NULL,NULL,NULL,'5','\0',NULL,'\0',NULL),(98330,'2013-12-24 15:21:59','\0',15,'',NULL,1000,'[]','Makino犸凯奴 户外女款正品特价 三合一抓绒 防水透气两件套冲锋衣','300.00','[]','',0,NULL,'',0,0,'0.80','all','','','199.00','\0',NULL,NULL,NULL,NULL,0,0,0,0,0,0,54,1,426296,1,NULL,0,0,0,NULL,0,0,0,'199.00',NULL,'0.00','0.00','0.00',NULL,0,NULL,NULL,NULL,'5','\0',NULL,'\0',NULL),(98331,'2013-12-24 15:22:50','\0',34,'',NULL,199,'[]','Nike 耐克官方 NIKE FREE TR 6 女子训练鞋 ','700.00','[]','',1,NULL,'',0,0,'2.50','all','','','600.00','\0',NULL,NULL,NULL,NULL,0,0,0,0,0,0,30,NULL,426471,1,NULL,0,0,0,NULL,0,0,0,'600.00',NULL,'0.00','0.00','0.00',NULL,0,NULL,NULL,NULL,'5','\0',NULL,'\0',NULL),(98332,'2013-12-24 15:23:30','\0',10,'',NULL,10000,'[]','户外运动 女款摇粒绒背心抓绒背心','300.00','[]','',0,NULL,'',0,0,'1.00','all','','','150.00','\0',NULL,NULL,NULL,NULL,0,0,0,0,0,0,54,4,426246,1,NULL,0,0,0,NULL,0,0,0,'150.00',NULL,'0.00','0.00','0.00',NULL,0,NULL,NULL,NULL,'5','\0',NULL,'\0',NULL),(98333,'2013-12-24 15:23:49','\0',21,'<img alt=\"\" src=\"/shopping/upload/store/1/2016/04/06/bca45f4d-6289-4c96-92f8-821301f3d06b.jpg\" />',NULL,200,'[]','Kappa 男运动鞋男复古跑步鞋系带 翻毛鞋K0455MM61','568.00','[]','',0,NULL,'',0,1,'0.00','all','','','289.00','\0',NULL,NULL,NULL,NULL,0,0,0,0,0,0,30,NULL,426468,1,NULL,0,0,0,NULL,0,0,0,'289.00',NULL,'0.00','0.00','0.00',NULL,0,NULL,NULL,NULL,'5','\0',NULL,'\0',NULL),(98334,'2013-12-24 15:24:48','\0',21,'',NULL,1000,'[]','圣弗莱 女裤 直筒迷彩工装多袋裤','100.00','[]','',0,NULL,'',0,0,'0.80','all','','','98.00','\0',NULL,NULL,NULL,NULL,0,0,0,0,0,0,54,5,426244,1,NULL,0,0,0,NULL,0,0,0,'98.00',NULL,'0.00','0.00','0.00',NULL,0,NULL,NULL,NULL,'5','\0',NULL,'\0',NULL),(98335,'2013-12-24 15:25:19','\0',29,'',NULL,200,'[]','卡芙琳 美丽佳人系列 时尚秋冬新品甜美蝴蝶结圆头仿羊羔毛流苏雪地靴子女靴子鞋','300.00','[]','',0,NULL,'',0,0,'2.50','all','','','235.00','\0',NULL,NULL,NULL,NULL,0,0,0,0,0,0,41,NULL,426243,1,NULL,0,0,0,NULL,0,0,0,'235.00',NULL,'0.00','0.00','0.00',NULL,0,NULL,NULL,NULL,'5','\0',NULL,'\0',NULL),(98336,'2013-12-24 15:25:51','\0',8,'',NULL,100,'[]','户外运动 女款 新品 软壳冲锋裤','156.00','[]','',0,NULL,'',0,0,'0.80','all','','','89.00','\0',NULL,NULL,NULL,NULL,0,0,0,0,0,0,54,6,426242,1,NULL,0,0,0,NULL,0,0,0,'89.00',NULL,'0.00','0.00','0.00',NULL,0,NULL,NULL,NULL,'5','\0',NULL,'\0',NULL),(98337,'2013-12-24 15:26:00','\0',30,'<img alt=\"\" src=\"/shopping/upload/store/1/2016/04/06/46531ee2-e3b9-4620-887e-08cbe7f59a10.png\" /><img alt=\"\" src=\"/shopping/upload/store/1/2016/04/06/1b916d21-0dae-496d-a13e-31a83de367de.jpg\" /><img alt=\"\" src=\"/shopping/upload/store/1/2016/04/06/ee63008e-dc2b-41ad-a40d-5413dc389195.jpg\" />',NULL,200,'[]','骆驼坡跟女鞋 2016年春季新款休闲鞋 真皮圆头中跟粗跟单鞋','519.00','[]','',0,NULL,'',0,1,'2.50','all','','','289.00','\0',NULL,NULL,NULL,NULL,0,0,0,0,0,0,41,NULL,426490,1,NULL,0,0,0,NULL,0,0,0,'289.00',NULL,'0.00','0.00','0.00',NULL,0,NULL,NULL,NULL,'5','\0',NULL,'\0',NULL),(98338,'2013-12-24 15:27:54','\0',19,'',NULL,1000,'[]','外正品 冬季热卖 新款双层可拆卸抓绒内胆 男女冲锋裤','299.00','[]','',0,NULL,'',0,0,'0.80','all','','','199.00','\0',NULL,NULL,NULL,NULL,0,0,0,0,0,0,54,11,426240,1,NULL,0,0,0,NULL,0,0,0,'199.00',NULL,'0.00','0.00','0.00',NULL,0,NULL,NULL,NULL,'5','\0',NULL,'\0',NULL),(98339,'2013-12-24 15:29:22','\0',12,'',NULL,1000,'[]','兰德斯正品 户外马甲多功能马甲 男款防晒防紫外线摄影马甲','123.00','[]','',0,NULL,'',0,0,'1.20','all','','','54.00','\0',NULL,NULL,NULL,NULL,0,0,0,0,0,0,54,4,426238,1,NULL,0,0,0,NULL,0,0,0,'54.00',NULL,'0.00','0.00','0.00',NULL,0,NULL,NULL,NULL,'5','\0',NULL,'\0',NULL),(98340,'2013-12-24 15:30:27','\0',21,'',NULL,200,'[]','名典女鞋水钻高筒靴过膝长靴细高跟靴子包邮女靴','700.00','[]','',0,NULL,'',0,0,'2.50','all','','','600.00','\0',NULL,NULL,NULL,NULL,0,0,0,0,0,0,42,NULL,426237,1,NULL,0,0,0,NULL,0,0,0,'600.00',NULL,'0.00','0.00','0.00',NULL,0,NULL,NULL,NULL,'5','\0',NULL,'\0',NULL),(98341,'2013-12-24 15:32:02','\0',22,'',NULL,200,'[]','新款秋冬短靴 真皮磨砂牛皮马丁靴 平跟裸靴女靴子','700.00','[]','',0,NULL,'',0,0,'2.50','all','','','600.00','\0',NULL,NULL,NULL,NULL,0,0,0,0,0,0,41,NULL,426236,1,NULL,0,0,0,NULL,0,0,0,'600.00',NULL,'0.00','0.00','0.00',NULL,0,NULL,NULL,NULL,'5','\0',NULL,'\0',NULL),(98342,'2013-12-24 15:32:48','\0',23,'<p style=\"color:#252525;font-family:tahoma, arial, 微软雅黑, sans-serif;background-color:#FFFFFF;\">\r\n	<p style=\"color:#252525;font-family:tahoma, arial, 微软雅黑, sans-serif;background-color:#FFFFFF;\">\r\n		产品参数\r\n	</p>\r\n	<div style=\"margin:0px;padding:0px;color:#666666;font-family:tahoma, arial, 微软雅黑, sans-serif;background-color:#FFFFFF;\">\r\n		<div style=\"margin:0px;padding:0px;\">\r\n			<div style=\"margin:0px 0px 36px;padding:0px;\">\r\n				<span style=\"line-height:1.5em;color:#D57622;\">其他</span>\r\n				<ul>\r\n					<li style=\"vertical-align:top;\">\r\n						适用场景：其他休闲\r\n					</li>\r\n					<li style=\"vertical-align:top;\">\r\n						适用对象：青年\r\n					</li>\r\n				</ul>\r\n			</div>\r\n			<div style=\"margin:0px 0px 36px;padding:0px;\">\r\n				<span style=\"line-height:1.5em;color:#D57622;\">工艺/流行</span>\r\n				<ul>\r\n					<li style=\"vertical-align:top;\">\r\n						花型图案：字母数字\r\n					</li>\r\n					<li style=\"vertical-align:top;\">\r\n						细分风格：美式休闲\r\n					</li>\r\n				</ul>\r\n			</div>\r\n			<div style=\"margin:0px 0px 36px;padding:0px;\">\r\n				<span style=\"line-height:1.5em;color:#D57622;\">关键信息</span>\r\n				<ul>\r\n					<li style=\"vertical-align:top;\">\r\n						上市年份季节：2016年夏季\r\n					</li>\r\n					<li style=\"vertical-align:top;\">\r\n						厚薄：薄\r\n					</li>\r\n					<li style=\"vertical-align:top;\">\r\n						材质成分：棉100%\r\n					</li>\r\n					<li style=\"vertical-align:top;\">\r\n						货号：7162217012\r\n					</li>\r\n					<li style=\"vertical-align:top;\">\r\n						销售渠道类型：商场同款(线上线下都销售)\r\n					</li>\r\n					<li style=\"vertical-align:top;\">\r\n						面料分类：竹节纱\r\n					</li>\r\n					<li style=\"vertical-align:top;\">\r\n						品牌：Mark Fairwhale/马克华菲\r\n					</li>\r\n					<li style=\"vertical-align:top;\">\r\n						基础风格：时尚都市\r\n					</li>\r\n				</ul>\r\n			</div>\r\n			<div style=\"margin:0px 0px 36px;padding:0px;\">\r\n				<span style=\"line-height:1.5em;color:#D57622;\">版型款式</span>\r\n				<ul>\r\n					<li style=\"vertical-align:top;\">\r\n						袖长：短袖\r\n					</li>\r\n					<li style=\"vertical-align:top;\">\r\n						领型：圆领\r\n					</li>\r\n				</ul>\r\n			</div>\r\n		</div>\r\n	</div>\r\n<img src=\"http://192.168.2.100:8080/shopping/upload/store/1/2016/04/04/c69f3b06-7bb0-4b25-a09d-69a5e3e182d8.jpg\" /><img src=\"http://192.168.2.100:8080/shopping/upload/store/1/2016/04/04/bf6d1bb0-2823-45c6-bd7f-a90a911ea27c.jpg\" />\r\n</p>',NULL,122,'[]','马克华菲短袖T恤 2016夏新品 男 修身胶印字母简约时尚短袖上衣','255.00','[]','',0,NULL,'',0,0,'0.80','all','','','148.00','\0',NULL,NULL,NULL,NULL,0,0,0,0,0,0,54,3,426353,1,NULL,0,0,0,NULL,0,0,0,'159.00',NULL,'0.00','0.00','0.00',NULL,0,NULL,NULL,NULL,'5','\0',NULL,'\0',NULL),(98343,'2013-12-24 15:34:43','\0',10,'',NULL,1200,'[]','美骆世家Camssoo高帮全皮户外鞋登山鞋','588.00','[]','',0,NULL,'',0,0,'0.10','all','','','255.00','\0',NULL,NULL,NULL,NULL,0,0,0,0,0,0,55,2,426234,1,NULL,0,0,0,NULL,0,0,0,'255.00',NULL,'0.00','0.00','0.00',NULL,0,NULL,NULL,NULL,'5','\0',NULL,'\0',NULL),(98344,'2013-12-24 15:34:55','\0',25,'<img alt=\"\" src=\"/shopping/upload/store/1/2016/04/06/d03f1df2-b63c-4c19-afae-12863d3b2577.png\" /><img alt=\"\" src=\"/shopping/upload/store/1/2016/04/06/64cb69aa-fcaf-4999-97c6-7f0b09ea3d65.jpg\" /><img alt=\"\" src=\"/shopping/upload/store/1/2016/04/06/9de76f68-ca55-45d8-b50e-27250719aad3.jpg\" />',NULL,199,'[]','2016粗跟包头时尚高跟防水台凉鞋 夏季新款韩版水钻甜美公主女鞋','99.00','[]','',1,NULL,'',0,0,'2.50','all','','','76.00','\0',NULL,NULL,NULL,NULL,0,0,0,0,0,0,40,NULL,426390,1,NULL,0,0,0,NULL,0,0,0,'76.00',NULL,'0.00','0.00','0.00',NULL,0,NULL,NULL,NULL,'5','\0',NULL,'\0',NULL),(98345,'2013-12-24 15:35:49','\0',21,'',NULL,1000,'[]','世家女式冬季新款户外鞋保暖登山鞋','200.00','[]','',0,NULL,'',0,0,'0.10','all','','','188.00','\0',NULL,NULL,NULL,NULL,0,0,0,0,0,0,55,2,426301,1,NULL,0,0,0,NULL,0,0,0,'188.00',NULL,'0.00','0.00','0.00',NULL,0,NULL,NULL,NULL,'5','\0',NULL,'\0',NULL),(98346,'2013-12-24 15:35:49','\0',19,'<img alt=\"\" src=\"/shopping/upload/store/1/2016/04/06/ca4897c9-440e-4d53-833b-cdf53f024150.png\" /><img alt=\"\" src=\"/shopping/upload/store/1/2016/04/06/07ed3a0b-e936-4d3f-b9a4-c7463cfc81b1.jpg\" /><img alt=\"\" src=\"/shopping/upload/store/1/2016/04/06/8405f2a2-b9cf-44fa-b9c2-6fb01b76b189.jpg\" />',NULL,200,'[]','Daphne达芙妮2016春新款女鞋 英伦简约粗低跟圆头系带PU深口单鞋','249.00','[]','',0,NULL,'',0,1,'2.50','all','','','189.00','\0',NULL,NULL,NULL,NULL,0,0,0,0,0,0,41,NULL,426494,1,NULL,0,0,0,NULL,0,0,0,'189.00',NULL,'0.00','0.00','0.00',NULL,0,NULL,NULL,NULL,'5','\0',NULL,'\0',NULL),(98347,'2013-12-24 15:38:26','\0',27,'',NULL,1000,'[]','男网面透气运动鞋 男女款跑步鞋子休闲鞋','255.00','[]','',0,NULL,'',0,0,'0.10','all','','','199.00','\0',NULL,NULL,NULL,NULL,0,0,0,0,0,0,55,11,426302,1,NULL,0,0,0,NULL,0,0,0,'199.00',NULL,'0.00','0.00','0.00',NULL,0,NULL,NULL,NULL,'5','\0',NULL,'\0',NULL),(98348,'2013-12-24 15:40:22','\0',23,'',NULL,1000,'[]','Kappa卡帕背靠背灰色男轻质跑鞋','500.00','[]','',0,NULL,'',0,0,'0.10','all','','','400.00','\0',NULL,NULL,NULL,NULL,0,0,0,0,0,0,55,11,426229,1,NULL,0,0,0,NULL,0,0,0,'400.00',NULL,'0.00','0.00','0.00',NULL,0,NULL,NULL,NULL,'5','\0',NULL,'\0',NULL),(98349,'2013-12-24 15:41:59','\0',14,'',NULL,1000,'[]','艾弗森低帮轻质网布透气男子跑步鞋','599.00','[]','',0,NULL,'',0,0,'0.10','all','','','399.00','\0',NULL,NULL,NULL,NULL,0,0,0,0,0,0,55,NULL,426228,1,NULL,0,0,0,NULL,0,0,0,'399.00',NULL,'0.00','0.00','0.00',NULL,0,NULL,NULL,NULL,'5','\0',NULL,'\0',NULL),(98350,'2013-12-24 15:43:13','\0',10,'',NULL,1000,'[]','运动无限网面亮皮拼接舒适轻便透气跑鞋','299.00','[]','',0,NULL,'',0,0,'0.10','all','','','100.00','\0',NULL,NULL,NULL,NULL,0,0,0,0,0,0,55,NULL,426227,1,NULL,0,0,0,NULL,0,0,0,'100.00',NULL,'0.00','0.00','0.00',NULL,0,NULL,NULL,NULL,'5','\0',NULL,'\0',NULL),(98351,'2013-12-24 15:44:22','\0',23,'',NULL,2123,'[]','跃动轻便防滑减压系带透气网面轻质跑鞋','500.00','[]','',0,NULL,'',0,0,'0.10','all','','','455.00','\0',NULL,NULL,NULL,NULL,0,0,0,0,0,0,55,NULL,426303,1,NULL,0,0,0,NULL,0,0,0,'455.00',NULL,'0.00','0.00','0.00',NULL,0,NULL,NULL,NULL,'5','\0',NULL,'\0',NULL),(98352,'2013-12-24 15:45:28','\0',18,'',NULL,1000,'[]','耐克Nike 正品男子阿甘跑步鞋','500.00','[]','',0,NULL,'',0,0,'0.10','all','','','400.00','\0',NULL,NULL,NULL,NULL,0,0,0,0,0,0,55,11,426225,1,NULL,0,0,0,NULL,0,0,0,'400.00',NULL,'0.00','0.00','0.00',NULL,0,NULL,NULL,NULL,'5','\0',NULL,'\0',NULL),(98353,'2013-12-24 15:47:36','\0',18,'',NULL,1000,'[]','CBA专柜正品男款透气户外舒适跑步鞋运动鞋','500.00','[]','',0,NULL,'',0,0,'0.80','all','','','200.00','\0',NULL,NULL,NULL,NULL,0,0,0,0,0,0,55,NULL,426224,1,NULL,0,0,0,NULL,0,0,0,'200.00',NULL,'0.00','0.00','0.00',NULL,0,NULL,NULL,NULL,'5','\0',NULL,'\0',NULL),(98354,'2013-12-24 15:48:36','\0',16,'',NULL,100,'[]','CBA新品专柜正品女情侣款多透孔透气跑鞋','500.00','[]','',0,NULL,'',0,0,'0.10','all','','','488.00','\0',NULL,NULL,NULL,NULL,0,0,0,0,0,0,55,NULL,426223,1,NULL,0,0,0,NULL,0,0,0,'488.00',NULL,'0.00','0.00','0.00',NULL,0,NULL,NULL,NULL,'5','\0',NULL,'\0',NULL),(98355,'2013-12-24 15:49:37','\0',16,'',NULL,2312,'[]','Adidas 阿迪达斯新款男式运动跑步鞋','600.00','[]','',0,NULL,'',0,0,'0.10','all','','','588.00','\0',NULL,NULL,NULL,NULL,0,0,0,0,0,0,55,NULL,426300,1,NULL,0,0,0,NULL,0,0,0,'588.00',NULL,'0.00','0.00','0.00',NULL,0,NULL,NULL,NULL,'5','\0',NULL,'\0',NULL),(98356,'2013-12-24 15:50:37','\0',12,'',NULL,5452452,'[]','361度 官方 正品 LM 男子跑步鞋 男款常规跑鞋','600.00','[]','',0,NULL,'',0,0,'0.10','all','','','555.00','\0',NULL,NULL,NULL,NULL,0,0,0,0,0,0,55,NULL,426221,1,NULL,0,0,0,NULL,0,0,0,'555.00',NULL,'0.00','0.00','0.00',NULL,0,NULL,NULL,NULL,'5','\0',NULL,'\0',NULL),(98357,'2013-12-24 15:53:41','\0',15,'',NULL,200,'[]','低调女人2013秋冬新品马丁靴圆头坡跟短靴松糕厚底铆钉女鞋','700.00','[]','',0,NULL,'',0,0,'2.50','all','','','600.00','\0',NULL,NULL,NULL,NULL,0,0,0,0,0,0,41,NULL,426220,1,NULL,0,0,0,NULL,0,0,0,'600.00',NULL,'0.00','0.00','0.00',NULL,0,NULL,NULL,NULL,'5','\0',NULL,'\0',NULL),(98358,'2013-12-24 15:54:09','\0',23,'<img alt=\"\" src=\"/shopping/upload/store/1/2016/04/06/fd8ebe13-6319-4933-987c-26a8ba6d99be.jpg\" /><img alt=\"\" src=\"/shopping/upload/store/1/2016/04/06/a74365f8-1ca9-4d3c-98d8-6745addecf24.gif\" /><img alt=\"\" src=\"/shopping/upload/store/1/2016/04/06/f08cd5eb-c4ce-474e-8126-8d348f7fe0f8.jpg\" />',NULL,35453,'[]','骆驼户外全自动帐篷3-4人 野外露营防雨双层 休闲帐篷套装','390.00','[]','',0,NULL,'',0,0,'0.80','all','','','189.00','\0',NULL,NULL,NULL,NULL,0,0,0,0,0,0,57,13,426395,1,NULL,0,0,0,NULL,0,0,0,'189.00',NULL,'0.00','0.00','0.00',NULL,0,NULL,NULL,NULL,'5','\0',NULL,'\0',NULL),(98359,'2013-12-24 15:54:25','\0',15,'',NULL,200,'[]','太平公主 2013新品 坡跟悬空皮带手工编织鱼嘴鞋 单鞋女鞋','300.00','[]','',0,NULL,'',0,0,'2.50','all','','','235.00','\0',NULL,NULL,NULL,NULL,0,0,0,0,0,0,40,NULL,426218,1,NULL,0,0,0,NULL,0,0,0,'235.00',NULL,'0.00','0.00','0.00',NULL,0,NULL,NULL,NULL,'5','\0',NULL,'\0',NULL),(98360,'2013-12-24 15:55:00','\0',17,'',NULL,200,'[]','日系甜美侧雪纺纱花朵露趾厚底凉鞋拖鞋沙滩鞋女鞋子 ','300.00','[]','',0,NULL,'',0,0,'2.50','all','','','238.00','\0',NULL,NULL,NULL,NULL,0,0,0,0,0,0,44,NULL,426217,1,NULL,0,0,0,NULL,0,0,0,'238.00',NULL,'0.00','0.00','0.00',NULL,0,NULL,NULL,NULL,'5','\0',NULL,'\0',NULL),(98361,'2013-12-24 15:55:33','\0',21,'',NULL,2,'[]','交叉绑带女鞋防水台鱼嘴凉鞋露趾高跟性感细跟罗马鞋','300.00','[]','',0,NULL,'',0,0,'0.30','all','','','235.00','\0',NULL,NULL,NULL,NULL,0,0,0,0,0,0,40,NULL,426216,1,NULL,0,0,0,NULL,0,0,0,'235.00',NULL,'0.00','0.00','0.00',NULL,0,NULL,NULL,NULL,'5','\0',NULL,'\0',NULL),(98362,'2013-12-24 15:56:12','\0',17,'',NULL,41122,'[]','竿套装 抛竿套装 2.7米 淡水海水通用 钓鱼竿 渔具','1000.00','[]','',0,NULL,'',0,0,'0.50','all','','','800.00','\0',NULL,NULL,NULL,NULL,0,0,0,0,0,0,63,NULL,426215,1,NULL,0,0,0,NULL,0,0,0,'800.00',NULL,'0.00','0.00','0.00',NULL,0,NULL,NULL,NULL,'5','\0',NULL,'\0',NULL),(98363,'2013-12-24 15:57:25','\0',21,'',NULL,5123,'[]','野餐自助烧烤包 户外烧烤炉 家用烧烤架 烤针烤网烤架','2000.00','[]','',0,NULL,'',0,0,'5.00','all','','','1500.00','\0',NULL,NULL,NULL,NULL,0,0,0,0,0,0,62,NULL,426213,1,NULL,0,2,0,2,0,0,0,'1500.00',NULL,'0.00','0.00','0.00',NULL,0,NULL,NULL,NULL,'5','\0',NULL,'\0',NULL),(98364,'2013-12-24 15:58:19','\0',17,'',NULL,123,'[]','KingCamp烤炉 安全耐用超轻 18苹果炉 ','2000.00','[]','',0,NULL,'',0,0,'5.00','all','','','1500.00','\0',NULL,NULL,NULL,NULL,0,0,0,0,0,0,62,NULL,426212,1,NULL,0,0,0,NULL,0,0,0,'1500.00',NULL,'0.00','0.00','0.00',NULL,0,NULL,NULL,NULL,'5','\0',NULL,'\0',NULL),(98365,'2013-12-24 15:59:48','\0',16,'',NULL,54555,'[]','YODO悠度特价经典 冰点 防潮野餐垫175X135CM 户外垫 室内睡垫爬行垫','120.00','[]','',0,NULL,'',0,0,'0.10','all','','','100.00','\0',NULL,NULL,NULL,NULL,0,0,0,0,0,0,61,NULL,426211,1,NULL,0,0,0,NULL,0,0,0,'100.00',NULL,'0.00','0.00','0.00',NULL,0,NULL,NULL,NULL,'5','\0',NULL,'\0',NULL),(98366,'2013-12-24 16:01:16','\0',21,'',NULL,1000,'[]','旅行者防风抓绒手套','200.00','[]','',0,NULL,'',0,0,'0.80','all','','','100.00','\0',NULL,NULL,NULL,NULL,0,0,0,0,0,0,59,NULL,426210,1,NULL,0,0,0,NULL,0,0,0,'100.00',NULL,'0.00','0.00','0.00',NULL,0,NULL,NULL,NULL,'5','\0',NULL,'\0',NULL),(98367,'2013-12-24 16:01:30','\0',23,'',NULL,200,'[]','米莉莎 正品手表 女士韩国时尚韩版女表 陶瓷手表白色 陶瓷手表','300.00','[]','',0,NULL,'',0,0,'0.50','all','','','178.00','\0',NULL,NULL,NULL,NULL,0,0,0,0,0,0,65536,NULL,426209,1,NULL,0,0,0,NULL,0,0,0,'178.00',NULL,'0.00','0.00','0.00',NULL,0,NULL,NULL,NULL,'5','\0',NULL,'\0',NULL),(98368,'2013-12-24 16:02:40','\0',15,'',NULL,1000,'[]','BOSMA博冠蜂鸟10X42 高清 便携 广角 双筒望远镜 微光可夜视 高倍高清 防水防雾','500.00','[]','',0,NULL,'',0,0,'1.10','all','','','400.00','\0',NULL,NULL,NULL,NULL,0,0,0,0,0,0,59,NULL,426208,1,NULL,0,0,0,NULL,0,0,0,'400.00',NULL,'0.00','0.00','0.00',NULL,0,NULL,NULL,NULL,'5','\0',NULL,'\0',NULL),(98369,'2013-12-24 16:07:06','\0',18,'',NULL,1000,'[]','阿迪达斯 adidas 专柜正品中性双肩包','300.00','[]','',0,NULL,'',0,0,'0.80','all','','','100.00','\0',NULL,NULL,NULL,NULL,0,0,0,0,0,0,65539,NULL,426207,1,NULL,0,0,0,NULL,0,0,0,'100.00',NULL,'0.00','0.00','0.00',NULL,0,NULL,NULL,NULL,'5','\0',NULL,'\0',NULL),(98370,'2013-12-24 16:07:45','\0',15,'',NULL,200,'[]','鳄鱼恤女皮带牛皮腰带女时尚百搭韩版针扣女士腰带','300.00','[]','',0,NULL,'',0,0,'0.50','all','','','178.00','\0',NULL,NULL,NULL,NULL,0,0,0,0,0,0,46,NULL,426206,1,NULL,0,0,0,NULL,0,0,0,'178.00',NULL,'0.00','0.00','0.00',NULL,0,NULL,NULL,NULL,'5','\0',NULL,'\0',NULL),(98371,'2013-12-24 16:08:07','\0',10,'',NULL,100,'[]','耐克Nike 正品男包女包 2013新款中性双肩背包','200.00','[]','',0,NULL,'',0,0,'0.80','all','','','150.00','\0',NULL,NULL,NULL,NULL,0,0,0,0,0,0,65539,11,426205,1,NULL,0,0,0,NULL,0,0,0,'150.00',NULL,'0.00','0.00','0.00',NULL,0,NULL,NULL,NULL,'5','\0',NULL,'\0',NULL),(98372,'2013-12-24 16:08:30','\0',9,'',NULL,200,'[]','华路仕 2013新款女士真皮腰带 平滑扣皮带 时尚休闲','330.00','[]','',0,NULL,'',0,0,'0.20','all','','','235.00','\0',NULL,NULL,NULL,NULL,0,0,0,0,0,0,46,NULL,426204,1,NULL,0,0,0,NULL,0,0,0,'235.00',NULL,'0.00','0.00','0.00',NULL,0,NULL,NULL,NULL,'5','\0',NULL,'\0',NULL),(98373,'2013-12-24 16:09:07','\0',11,'',NULL,200,'[]','卡斯曼正品男士手表 时尚防水钢带表带石英表 男式日历时装表男表','340.00','[]','',0,NULL,'',0,0,'0.20','all','','','235.00','\0',NULL,NULL,NULL,NULL,0,0,0,0,0,0,65536,NULL,426203,1,NULL,0,0,0,NULL,0,0,0,'235.00',NULL,'0.00','0.00','0.00',NULL,0,NULL,NULL,NULL,'5','\0',NULL,'\0',NULL),(98374,'2013-12-24 16:09:32','\0',15,'',NULL,123,'[]','李宁都市轻运动系列背包','500.00','[]','',0,NULL,'',0,0,'0.80','all','','','411.00','\0',NULL,NULL,NULL,NULL,0,0,0,0,0,0,65539,NULL,426202,1,NULL,0,0,0,NULL,0,0,0,'411.00',NULL,'0.00','0.00','0.00',NULL,0,NULL,NULL,NULL,'5','\0',NULL,'\0',NULL),(98375,'2013-12-24 16:09:45','\0',13,'',NULL,200,'[]','韩国2013秋季新款纯色毛球毛线帽子','100.00','[]','',0,NULL,'',0,0,'0.20','all','','','65.00','\0',NULL,NULL,NULL,NULL,0,0,0,0,0,0,65537,NULL,426201,1,NULL,0,0,0,NULL,0,0,0,'65.00',NULL,'0.00','0.00','0.00',NULL,0,NULL,NULL,NULL,'5','\0',NULL,'\0',NULL),(98376,'2013-12-24 16:10:49','\0',10,'',NULL,123,'[]','羽毛球拍 正品超速 5200 女士专用','120.00','[]','',0,NULL,'',0,0,'0.10','all','','','99.00','\0',NULL,NULL,NULL,NULL,0,0,0,0,0,0,64,NULL,426200,1,NULL,0,2,0,2,0,0,0,'99.00',NULL,'0.00','0.00','0.00',NULL,0,NULL,NULL,NULL,'5','\0',NULL,'\0',NULL),(98377,'2013-12-24 16:11:00','\0',13,'',NULL,200,'[]','威古氏 欧美女士偏光太阳镜时尚多色大镜框墨镜','100.00','[]','',0,NULL,'',0,0,'0.20','all','','','35.00','','2016-04-04 18:24:01',NULL,NULL,NULL,0,0,0,0,0,0,65538,NULL,426199,1,NULL,0,0,0,NULL,0,0,0,'35.00',NULL,'0.00','0.00','0.00',NULL,0,NULL,NULL,NULL,'5','\0',NULL,'\0',NULL),(98378,'2013-12-24 16:11:37','\0',12,'',NULL,200,'[]','水晶 项链 女 吊坠 生日情侣情人送礼 大简爱','120.00','[]','',0,NULL,'',0,0,'0.20','all','','','89.00','\0',NULL,NULL,NULL,NULL,0,0,0,0,0,0,65538,NULL,426198,1,NULL,0,0,0,NULL,0,0,0,'89.00',NULL,'0.00','0.00','0.00',NULL,0,NULL,NULL,NULL,'5','\0',NULL,'\0',NULL),(98379,'2013-12-24 16:12:00','\0',20,'',NULL,534545,'[]','祖迪斯 Joerex双面反胶乒乓球拍二拍套装附3乒乓球','100.00','[]','',0,NULL,'',0,0,'0.10','all','','','99.00','\0',NULL,NULL,NULL,NULL,0,0,0,0,0,0,65,NULL,426197,1,NULL,0,0,0,NULL,0,0,0,'99.00',NULL,'0.00','0.00','0.00',NULL,0,NULL,NULL,NULL,'5','\0',NULL,'\0',NULL),(98380,'2013-12-24 16:12:11','\0',14,'',NULL,200,'[]','卡麦尔防辐射眼镜 黄金膜抗疲劳电脑镜 男女方框平光镜','100.00','[]','',0,NULL,'',0,0,'0.20','all','','','38.00','\0',NULL,NULL,NULL,NULL,0,0,0,0,0,0,65538,NULL,426196,1,NULL,0,0,0,NULL,0,0,0,'38.00',NULL,'0.00','0.00','0.00',NULL,0,NULL,NULL,NULL,'5','\0',NULL,'\0',NULL),(98381,'2013-12-24 16:12:48','\0',18,'',NULL,200,'[]','特价抢购 女王钻戒 爆闪1.75克拉超闪瑞士钻 925纯银戒指','170.00','[]','',0,NULL,'',0,0,'0.10','all','','','89.00','','2016-04-04 18:23:54',NULL,NULL,NULL,0,0,0,0,0,0,65538,NULL,426195,1,NULL,0,0,0,NULL,0,0,0,'89.00',NULL,'0.00','0.00','0.00',NULL,0,NULL,NULL,NULL,'5','\0',NULL,'\0',NULL),(98382,'2013-12-24 16:13:21','\0',15,'',NULL,200,'[]','花季 925纯银耳钉女 银饰耳饰 超闪瑞士钻 饰品zhned','125.00','[]','',0,NULL,'',0,0,'0.10','all','','','76.00','','2016-04-04 18:23:56',NULL,NULL,NULL,0,0,0,0,0,0,65538,NULL,426194,1,NULL,0,0,0,NULL,0,0,0,'76.00',NULL,'0.00','0.00','0.00',NULL,0,NULL,NULL,NULL,'5','\0',NULL,'\0',NULL),(98383,'2013-12-24 16:13:33','\0',19,'',NULL,800,'[]','正品包邮 STAR世达专业比赛高级超纤革5号耐磨足球','100.00','[]','',0,NULL,'',0,0,'0.10','all','','','66.00','\0',NULL,NULL,NULL,NULL,0,0,0,0,0,0,66,NULL,426193,1,NULL,0,0,0,NULL,0,0,0,'66.00',NULL,'0.00','0.00','0.00',NULL,0,NULL,NULL,NULL,'5','\0',NULL,'\0',NULL),(98384,'2013-12-24 16:14:13','\0',9,'',NULL,200,'[]','新款韩版 手提包斜挎包 商务男包 单肩包9032-4大号','700.00','[]','',0,NULL,'',0,0,'0.20','all','','','600.00','\0',NULL,NULL,NULL,NULL,0,0,0,0,0,0,34,NULL,426192,1,NULL,0,0,0,NULL,0,0,0,'600.00',NULL,'0.00','0.00','0.00',NULL,0,NULL,NULL,NULL,'5','\0',NULL,'\0',NULL),(98385,'2013-12-24 16:14:43','\0',16,'',NULL,21213,'[]','进口吸湿篮球 耐磨博而特BERTER 超强手感 ','140.00','[]','',0,NULL,'',0,0,'0.10','all','','','100.00','\0',NULL,NULL,NULL,NULL,0,0,0,0,0,0,67,NULL,426189,1,NULL,0,0,0,NULL,0,0,0,'100.00',NULL,'0.00','0.00','0.00',NULL,0,NULL,NULL,NULL,'5','\0',NULL,'\0',NULL),(98386,'2013-12-24 16:15:10','\0',10,'',NULL,200,'[]','萨兰丹迪 牛皮格纹休闲男士手包商务手包','700.00','[]','',0,NULL,'',0,0,'0.20','all','','','556.00','\0',NULL,NULL,NULL,NULL,0,0,0,0,0,0,35,NULL,426191,1,NULL,0,0,0,NULL,0,0,0,'556.00',NULL,'0.00','0.00','0.00',NULL,0,NULL,NULL,NULL,'5','\0',NULL,'\0',NULL),(98387,'2013-12-24 16:17:41','\0',9,'',NULL,200,'[]','七匹狼 septwolves 专柜正品 新款包包 商务 手包 休闲 男包 男士手拿包 男式手抓包','700.00','[]','',0,NULL,'',0,0,'0.20','all','','','600.00','\0',NULL,NULL,NULL,NULL,0,0,0,0,0,0,36,NULL,426186,1,NULL,0,0,0,NULL,0,0,0,'600.00',NULL,'0.00','0.00','0.00',NULL,0,NULL,NULL,NULL,'5','\0',NULL,'\0',NULL),(98388,'2013-12-24 16:17:55','\0',17,'',NULL,1000,'[]','修身舞蹈裤瑜珈裤健身裤广场舞蹈服裤 健美舞蹈裤','120.00','[]','',0,NULL,'',0,0,'0.80','all','','','99.00','\0',NULL,NULL,NULL,NULL,0,0,0,0,0,0,65540,NULL,426182,1,NULL,0,0,0,NULL,0,0,0,'99.00',NULL,'0.00','0.00','0.00',NULL,0,NULL,NULL,NULL,'5','\0',NULL,'\0',NULL),(98389,'2013-12-24 16:18:24','\0',10,'',NULL,200,'[]','七匹狼正品 男士单肩包 真皮斜挎包 多功能男款新包 休闲背包','1000.00','[]','',0,NULL,'',0,0,'0.10','all','','','890.00','\0',NULL,NULL,NULL,NULL,0,0,0,0,0,0,38,NULL,426180,1,NULL,0,0,0,NULL,0,0,0,'890.00',NULL,'0.00','0.00','0.00',NULL,0,NULL,NULL,NULL,'5','\0',NULL,'\0',NULL),(98390,'2013-12-24 16:18:45','\0',22,'',NULL,12132,'[]','女童拉丁舞裙舞蹈表演服练功服舞蹈服儿童拉丁舞服装','100.00','[]','',0,NULL,'',0,0,'0.80','all','','','88.00','\0',NULL,NULL,NULL,NULL,0,0,0,0,0,0,65540,NULL,426184,1,NULL,0,0,0,NULL,0,0,0,'88.00',NULL,'0.00','0.00','0.00',NULL,0,NULL,NULL,NULL,'5','\0',NULL,'\0',NULL),(98391,'2013-12-24 16:19:06','\0',20,'',NULL,200,'[]','七匹狼 septwolves 新款包包 专柜正品 商务休闲时尚男包 男士单肩包 牛皮 斜挎包 竖款','700.00','[]','',0,NULL,'',1,0,'0.20','all','','','600.00','\0',NULL,NULL,NULL,NULL,0,0,0,0,0,0,38,NULL,NULL,1,NULL,0,0,0,NULL,0,1,0,'600.00',NULL,'0.00','0.00','0.00',NULL,0,NULL,NULL,NULL,'5','\0',NULL,'\0',NULL),(98392,'2013-12-24 16:19:41','\0',28,'',NULL,199,'[]','君华仕 6671-3 新款牛皮复古编织男士横款单肩斜跨包平板包','300.00','[]','',1,NULL,'',0,0,'0.30','all','','','178.00','\0',NULL,NULL,NULL,NULL,0,0,0,0,0,0,36,NULL,426179,1,NULL,0,0,0,NULL,0,0,0,'178.00',NULL,'0.00','0.00','0.00',NULL,0,NULL,NULL,NULL,'5','\0',NULL,'\0',NULL),(98393,'2013-12-24 16:19:59','\0',21,'',NULL,241,'[]','杰朴森加厚8mm防滑瑜伽垫子瑜伽毯PVC瑜珈垫愈加垫二件套','122.00','[]','',0,NULL,'',0,0,'0.80','all','','','68.00','\0',NULL,NULL,NULL,NULL,0,0,0,0,0,0,65540,NULL,426178,1,NULL,0,0,0,NULL,0,0,0,'68.00',NULL,'0.00','0.00','0.00',NULL,0,NULL,NULL,NULL,'5','\0',NULL,'\0',NULL),(98394,'2013-12-24 16:20:32','\0',10,'',NULL,200,'[]','_Wenger 威戈 07_GA-7362-13F00 笔记本双肩包 16英寸','300.00','[]','',0,NULL,'',0,0,'0.20','all','','','235.00','\0',NULL,NULL,NULL,NULL,0,0,0,0,0,0,36,3,426190,1,NULL,0,0,0,NULL,0,0,0,'235.00',NULL,'0.00','0.00','0.00',NULL,0,NULL,NULL,NULL,'5','\0',NULL,'\0',NULL),(98395,'2013-12-24 16:20:50','\0',22,'',NULL,121,'[]','金格尔热带花朵连体裙式泳衣','100.00','[]','',0,NULL,'',0,0,'0.80','all','','','50.00','\0',NULL,NULL,NULL,NULL,0,0,0,0,0,0,65541,NULL,426176,1,NULL,0,0,0,NULL,0,0,0,'50.00',NULL,'0.00','0.00','0.00',NULL,0,NULL,NULL,NULL,'5','\0',NULL,'\0',NULL),(98396,'2013-12-24 16:21:15','\0',13,'',NULL,200,'[]','泰格斯 TSB227AP 中国风系列笔记本双肩包 15.6英寸','340.00','[]','',0,NULL,'',0,0,'0.20','all','','','238.00','\0',NULL,NULL,NULL,NULL,0,0,0,0,0,0,36,NULL,426175,1,NULL,0,0,0,NULL,0,2,0,'190.40',NULL,'0.00','0.00','0.00',NULL,0,NULL,NULL,NULL,'5','\0',NULL,'\0',NULL),(98397,'2013-12-24 16:21:58','\0',20,'',NULL,21,'[]','依琦莲泳衣 温泉泳装连体裙式女游泳衣小胸聚拢遮肚显瘦','200.00','[]','',0,NULL,'',0,0,'0.80','all','','','100.00','\0',NULL,NULL,NULL,NULL,0,0,0,0,0,0,65541,NULL,426173,1,NULL,0,0,0,NULL,0,2,0,'80.00',NULL,'0.00','0.00','0.00',NULL,0,NULL,NULL,NULL,'5','\0',NULL,'\0',NULL),(98398,'2013-12-24 16:21:58','\0',15,'',NULL,200,'[]','威戈 GA-7303-13F00 笔记本双肩包 15.4英寸','300.00','[]','',0,NULL,'',0,0,'0.20','all','','','235.00','\0',NULL,NULL,NULL,NULL,0,0,0,0,0,0,36,3,426174,1,NULL,0,0,0,NULL,0,0,0,'235.00',NULL,'0.00','0.00','0.00',NULL,0,NULL,NULL,NULL,'5','\0',NULL,'\0',NULL),(98399,'2013-12-24 16:22:40','\0',17,'',NULL,200,'[]','Wenger 威戈 GA-7305-14F00 笔记本双肩包 15.6英寸','700.00','[]','',0,NULL,'',0,0,'0.20','all','','','600.00','\0',NULL,NULL,NULL,NULL,0,0,0,0,0,0,35,NULL,426172,1,NULL,0,0,0,NULL,0,2,0,'480.00',NULL,'0.00','0.00','0.00',NULL,0,NULL,NULL,NULL,'5','\0',NULL,'\0',NULL),(98400,'2013-12-24 16:23:23','\0',17,'',NULL,1212,'[]','黑貂 sable RS924MPB 女款游泳眼镜 空筒无镜片','40.00','[]','',0,NULL,'',0,0,'5.00','all','','','23.00','\0',NULL,NULL,NULL,NULL,0,0,0,0,0,0,65541,NULL,426171,1,NULL,0,0,0,NULL,0,2,0,'18.40',NULL,'0.00','0.00','0.00',NULL,0,NULL,NULL,NULL,'5','\0',NULL,'\0',NULL),(98401,'2013-12-24 16:25:50','\0',22,'',NULL,1000,'[]','苹果iPhone 6（16GB） 您的体验是我们最大的努力方向','5200.00','[]','',0,NULL,'',0,0,'0.10','all','','','4999.00','\0',NULL,NULL,NULL,NULL,0,0,0,0,0,0,75,NULL,426170,1,NULL,0,0,0,2,0,0,0,'4999.00',NULL,'0.00','0.00','0.00',NULL,0,NULL,NULL,NULL,'5','\0',NULL,'\0',NULL),(98402,'2013-12-24 16:26:23','\0',26,'',NULL,200,'[]','韩版时尚女士单肩手提斜跨包包','700.00','[]','',0,NULL,'',0,0,'0.20','all','','','567.00','','2013-12-24 16:32:36',NULL,NULL,NULL,0,0,0,0,0,0,38,NULL,426169,1,NULL,0,0,0,NULL,0,2,0,'453.60',NULL,'0.00','0.00','0.00',NULL,0,NULL,NULL,NULL,'5','\0',NULL,'\0',NULL),(98403,'2013-12-24 16:26:57','\0',16,'',NULL,1000,'[]','三星GALAXY Note II N7100（16GB）','4666.00','[]','',0,NULL,'',0,0,'0.10','all','','','3999.00','\0',NULL,NULL,NULL,NULL,0,0,0,0,0,0,75,NULL,426168,1,NULL,0,0,0,NULL,0,2,0,'3199.20',NULL,'0.00','0.00','0.00',NULL,0,NULL,NULL,NULL,'5','\0',NULL,'\0',NULL),(98404,'2013-12-24 16:27:27','\0',38,'',NULL,200,'[]','化妆工具套装包邮 腮红刷 大号 卡姿兰套刷 化妆刷套装','290.00','[]','',0,NULL,'',0,0,'0.10','all','','','126.00','','2013-12-24 16:32:44',NULL,NULL,NULL,0,0,0,0,0,0,175,NULL,426167,1,NULL,0,0,0,NULL,0,2,0,'100.80',NULL,'0.00','0.00','0.00',NULL,0,NULL,NULL,NULL,'5','\0',NULL,'\0',NULL),(98405,'2013-12-24 16:27:53','\0',13,'',NULL,1000,'[]','三星I9100 GALAXY SII','4999.00','[]','',0,NULL,'',0,0,'0.10','all','','','3999.00','\0',NULL,NULL,NULL,NULL,0,0,0,0,0,0,75,NULL,426166,1,NULL,0,0,0,NULL,0,0,0,'3999.00',NULL,'0.00','0.00','0.00',NULL,0,NULL,NULL,NULL,'5','\0',NULL,'\0',NULL),(98406,'2013-12-24 16:28:23','\0',51,'<p style=\"text-indent:2em;\">\r\n	<span style=\"color:#666666;line-height:1.5;\">上市时间:&nbsp;2015年秋季 &nbsp; &nbsp; &nbsp; &nbsp; &nbsp; &nbsp; &nbsp; &nbsp; &nbsp; &nbsp; &nbsp; &nbsp; &nbsp; &nbsp; &nbsp; &nbsp;</span><span style=\"color:#666666;line-height:1.5;\">大小:&nbsp;中 &nbsp; &nbsp; &nbsp; &nbsp; &nbsp; &nbsp; &nbsp; &nbsp; &nbsp; &nbsp; &nbsp; &nbsp; &nbsp; &nbsp; &nbsp; &nbsp; &nbsp; &nbsp; &nbsp; &nbsp; &nbsp; &nbsp; &nbsp; &nbsp;</span><span style=\"color:#666666;line-height:1.5;\">流行款式名称:&nbsp;新月包</span><br />\r\n<span style=\"color:#666666;line-height:1.5;\">&nbsp; &nbsp; &nbsp;&nbsp;适用对象:&nbsp;青年 &nbsp; &nbsp; &nbsp; &nbsp; &nbsp; &nbsp; &nbsp; &nbsp; &nbsp; &nbsp; &nbsp; &nbsp; &nbsp; &nbsp; &nbsp; &nbsp; &nbsp; &nbsp; &nbsp; &nbsp;&nbsp;</span><span style=\"color:#666666;line-height:1.5;\">销售渠道类型:&nbsp;纯电商(只在线上销售) &nbsp; &nbsp; &nbsp; &nbsp; &nbsp;&nbsp;</span><span style=\"color:#666666;line-height:1.5;\">款式:&nbsp;手提包</span><br />\r\n<span style=\"color:#666666;line-height:1.5;\">&nbsp; &nbsp; &nbsp;&nbsp;质地:&nbsp;牛皮 &nbsp; &nbsp; &nbsp; &nbsp; &nbsp; &nbsp; &nbsp; &nbsp; &nbsp; &nbsp; &nbsp; &nbsp; &nbsp; &nbsp; &nbsp; &nbsp; &nbsp; &nbsp; &nbsp; &nbsp; &nbsp; &nbsp; &nbsp;&nbsp;</span><span style=\"color:#666666;line-height:1.5;\">皮革材质:&nbsp;头层牛皮 &nbsp; &nbsp; &nbsp; &nbsp; &nbsp; &nbsp; &nbsp; &nbsp; &nbsp; &nbsp; &nbsp; &nbsp; &nbsp; &nbsp; &nbsp; &nbsp; &nbsp;</span><span style=\"color:#666666;line-height:1.5;\">提拎部件类型:&nbsp;装卸式提把</span><br />\r\n<span style=\"color:#666666;line-height:1.5;\">&nbsp; &nbsp; &nbsp;&nbsp;闭合方式:&nbsp;拉链 &nbsp; &nbsp; &nbsp; &nbsp; &nbsp; &nbsp; &nbsp; &nbsp; &nbsp; &nbsp; &nbsp; &nbsp; &nbsp; &nbsp; &nbsp; &nbsp; &nbsp; &nbsp; &nbsp; &nbsp;&nbsp;</span><span style=\"color:#666666;line-height:1.5;\">内部结构:&nbsp;卡位&nbsp;拉链暗袋&nbsp;手机袋&nbsp;夹层拉链袋 </span><span style=\"color:#666666;line-height:1.5;\">箱包外袋种类:&nbsp;挖袋</span><br />\r\n<span style=\"color:#666666;line-height:1.5;\">&nbsp; &nbsp; &nbsp;&nbsp;流行元素:&nbsp;车缝线 &nbsp; &nbsp; &nbsp; &nbsp; &nbsp; &nbsp; &nbsp; &nbsp; &nbsp; &nbsp; &nbsp; &nbsp; &nbsp; &nbsp; &nbsp; &nbsp; &nbsp; &nbsp; &nbsp;</span><span style=\"color:#666666;line-height:1.5;\">图案:&nbsp;纯色 &nbsp; &nbsp; &nbsp; &nbsp; &nbsp; &nbsp; &nbsp; &nbsp; &nbsp; &nbsp; &nbsp; &nbsp; &nbsp; &nbsp; &nbsp; &nbsp; &nbsp; &nbsp; &nbsp; &nbsp; &nbsp; &nbsp; &nbsp;</span><span style=\"color:#666666;line-height:1.5;\">颜色分类:&nbsp;米白&nbsp;宝蓝&nbsp;黑色&nbsp;珊瑚红&nbsp;灰色&nbsp;粉色&nbsp;浅蓝色</span><br />\r\n<span style=\"color:#666666;line-height:1.5;\">&nbsp; &nbsp; &nbsp;&nbsp;有无夹层:&nbsp;有 &nbsp; &nbsp; &nbsp; &nbsp; &nbsp; &nbsp; &nbsp; &nbsp; &nbsp; &nbsp; &nbsp; &nbsp; &nbsp; &nbsp; &nbsp; &nbsp; &nbsp; &nbsp; &nbsp; &nbsp; &nbsp; &nbsp;</span><span style=\"color:#666666;line-height:1.5;\">箱包硬度:&nbsp;软 &nbsp; &nbsp; &nbsp; &nbsp; &nbsp; &nbsp; &nbsp; &nbsp; &nbsp; &nbsp; &nbsp; &nbsp; &nbsp; &nbsp; &nbsp; &nbsp; &nbsp; &nbsp; &nbsp; &nbsp; &nbsp;&nbsp;</span><span style=\"color:#666666;line-height:1.5;\">是否可折叠:&nbsp;否</span><br />\r\n<span style=\"color:#666666;line-height:1.5;\">&nbsp; &nbsp; &nbsp;&nbsp;成色:&nbsp;全新 &nbsp; &nbsp; &nbsp; &nbsp; &nbsp; &nbsp; &nbsp; &nbsp; &nbsp; &nbsp; &nbsp; &nbsp; &nbsp; &nbsp; &nbsp; &nbsp; &nbsp; &nbsp; &nbsp; &nbsp; &nbsp; &nbsp; &nbsp;&nbsp;</span><span style=\"color:#666666;line-height:1.5;\">适用场景:&nbsp;休闲 &nbsp; &nbsp; &nbsp; &nbsp; &nbsp; &nbsp; &nbsp; &nbsp; &nbsp; &nbsp; &nbsp; &nbsp; &nbsp; &nbsp; &nbsp; &nbsp; &nbsp; &nbsp; &nbsp; &nbsp;</span><span style=\"color:#666666;line-height:1.5;\">品牌:&nbsp;GOOT＆DIYA/古缇蒂亚</span><br />\r\n<span style=\"color:#666666;line-height:1.5;\">&nbsp; &nbsp; &nbsp;&nbsp;货号:&nbsp;89314 &nbsp; &nbsp; &nbsp; &nbsp; &nbsp; &nbsp; &nbsp; &nbsp; &nbsp; &nbsp; &nbsp; &nbsp; &nbsp; &nbsp; &nbsp; &nbsp; &nbsp; &nbsp; &nbsp; &nbsp; &nbsp; &nbsp;</span><span style=\"color:#666666;line-height:1.5;\">风格:&nbsp;欧美时尚 &nbsp; &nbsp; &nbsp; &nbsp; &nbsp; &nbsp; &nbsp; &nbsp; &nbsp; &nbsp; &nbsp; &nbsp; &nbsp; &nbsp; &nbsp; &nbsp; &nbsp; &nbsp; &nbsp; &nbsp;&nbsp;</span><span style=\"color:#666666;line-height:1.5;\">形状:&nbsp;横款方形</span><br />\r\n<span style=\"color:#666666;line-height:1.5;\">&nbsp; &nbsp; &nbsp;&nbsp;肩带样式:&nbsp;单根</span><br />\r\n<span style=\"color:#666666;line-height:1.5;\">&nbsp; &nbsp; &nbsp;&nbsp;<img src=\"http://192.168.2.100:8080/shopping/upload/store/1/2016/04/04/4be02ba5-3032-496c-bf8a-237d99304b9a.jpg\" /><img src=\"http://192.168.2.100:8080/shopping/upload/store/1/2016/04/04/7a6dd5a2-2728-49e6-9d41-42cfd5c51a21.jpg\" />里料材质:&nbsp;涤纶</span><br />\r\n</p>',NULL,198,'[{\"id\":\"\",\"price\":\"0\",\"count\":\"0\"}]','真皮女包手提包头层牛皮女士包包2016新款时尚品牌单肩斜挎包大包','580.00','[]','',2,NULL,'',0,0,'0.50','spec','','','299.00','','2013-12-24 16:32:52',NULL,NULL,NULL,0,0,0,0,0,0,36,NULL,426330,1,NULL,0,0,0,NULL,0,2,0,'308.80',NULL,'0.00','0.00','0.00',NULL,0,NULL,NULL,NULL,'5','\0',NULL,'\0',NULL),(98407,'2013-12-24 16:28:53','\0',17,'',NULL,10000,'[]','三星GALAXY Note I9220','5000.00','[]','',0,NULL,'',0,0,'0.10','all','','','4888.00','\0',NULL,NULL,NULL,NULL,0,0,0,0,0,0,75,NULL,426164,1,NULL,0,0,0,NULL,0,2,0,'3910.40',NULL,'0.00','0.00','0.00',NULL,0,NULL,NULL,NULL,'5','\0',NULL,'\0',NULL),(98408,'2013-12-24 16:29:23','\0',64,'<img alt=\"\" src=\"/shopping/upload/store/1/2016/04/06/e6472ca4-5ee1-4a33-b79b-f07a925c660a.png\" /><img alt=\"\" src=\"/shopping/upload/store/1/2016/04/06/62e3ea94-4504-4554-895b-60a48a15daf0.jpg\" /><img alt=\"\" src=\"/shopping/upload/store/1/2016/04/06/696b1d3d-20bd-4b49-a3e8-b1da3b6ed2cd.jpg\" />',NULL,200,'[]','16新款男鞋青春潮流休闲鞋男鞋透气帆布鞋英伦运动男鞋板鞋潮鞋','389.00','[]','',0,NULL,'',0,1,'0.50','all','','','99.00','','2013-12-24 16:32:59',NULL,NULL,NULL,0,0,0,0,0,0,32,NULL,426465,1,NULL,0,2,0,2,0,0,0,'99.00',NULL,'0.00','0.00','0.00',NULL,0,NULL,NULL,NULL,'5','\0',NULL,'\0',NULL),(98409,'2013-12-24 16:30:01','\0',22,'',NULL,1000,'[]','HTC One S android4.0系统 超值感受','4000.00','[]','',0,NULL,'',0,0,'0.10','all','','','3000.00','\0',NULL,NULL,NULL,NULL,0,0,0,0,0,0,76,10,426162,1,NULL,0,2,0,2,0,0,0,'3000.00',NULL,'0.00','0.00','0.00',NULL,0,NULL,NULL,NULL,'5','\0',NULL,'\0',NULL),(98410,'2013-12-24 16:30:12','\0',91,'<p style=\"text-align:justify;\">\r\n	<p>\r\n		<div style=\"text-align:left;\">\r\n			<span style=\"background-color:#FFFFFF;font-family:tahoma, arial, \'Hiragino Sans GB\', 宋体, sans-serif;line-height:1.5;\">廓形:&nbsp;A型 &nbsp; &nbsp; &nbsp; &nbsp; &nbsp; &nbsp; &nbsp; &nbsp; &nbsp; &nbsp; &nbsp; &nbsp; &nbsp; &nbsp; &nbsp; &nbsp; &nbsp; &nbsp; &nbsp; &nbsp; &nbsp; &nbsp; &nbsp; &nbsp; &nbsp; &nbsp; &nbsp; &nbsp; &nbsp; &nbsp;&nbsp;</span><span style=\"background-color:#FFFFFF;font-family:tahoma, arial, \'Hiragino Sans GB\', 宋体, sans-serif;line-height:1.5;\">货号:&nbsp;CM6136 &nbsp; &nbsp; &nbsp; &nbsp; &nbsp; &nbsp; &nbsp; &nbsp; &nbsp; &nbsp; &nbsp; &nbsp; &nbsp; &nbsp; &nbsp; &nbsp; &nbsp; &nbsp; &nbsp; &nbsp;&nbsp;</span><span style=\"background-color:#FFFFFF;font-family:tahoma, arial, \'Hiragino Sans GB\', 宋体, sans-serif;line-height:1.5;\">风格:&nbsp;街头</span><br />\r\n<span style=\"background-color:#FFFFFF;font-family:tahoma, arial, \'Hiragino Sans GB\', 宋体, sans-serif;line-height:1.5;\">街头:&nbsp;欧美 &nbsp; &nbsp; &nbsp; &nbsp; &nbsp; &nbsp; &nbsp; &nbsp; &nbsp; &nbsp; &nbsp; &nbsp; &nbsp; &nbsp; &nbsp; &nbsp; &nbsp; &nbsp; &nbsp; &nbsp; &nbsp; &nbsp; &nbsp; &nbsp; &nbsp; &nbsp; &nbsp; &nbsp; &nbsp; &nbsp;</span><span style=\"background-color:#FFFFFF;font-family:tahoma, arial, \'Hiragino Sans GB\', 宋体, sans-serif;line-height:1.5;\">组合形式:&nbsp;单件 &nbsp; &nbsp; &nbsp; &nbsp; &nbsp; &nbsp; &nbsp; &nbsp; &nbsp; &nbsp; &nbsp; &nbsp; &nbsp; &nbsp; &nbsp; &nbsp; &nbsp; &nbsp; &nbsp; &nbsp;</span><span style=\"background-color:#FFFFFF;font-family:tahoma, arial, \'Hiragino Sans GB\', 宋体, sans-serif;line-height:1.5;\">裙长:&nbsp;短裙</span><br />\r\n<span style=\"background-color:#FFFFFF;font-family:tahoma, arial, \'Hiragino Sans GB\', 宋体, sans-serif;line-height:1.5;\">款式:&nbsp;其他/other &nbsp; &nbsp; &nbsp; &nbsp; &nbsp; &nbsp; &nbsp; &nbsp; &nbsp; &nbsp; &nbsp; &nbsp; &nbsp; &nbsp; &nbsp; &nbsp; &nbsp; &nbsp; &nbsp; &nbsp; &nbsp; &nbsp; &nbsp; &nbsp; &nbsp;&nbsp;</span><span style=\"line-height:1.5;background-color:#FFFFFF;font-family:tahoma, arial, \'Hiragino Sans GB\', 宋体, sans-serif;\">袖长:&nbsp;</span><span style=\"line-height:1.5;background-color:#FFFFFF;font-family:tahoma, arial, \'Hiragino Sans GB\', 宋体, sans-serif;\">五分袖 &nbsp; &nbsp; &nbsp; &nbsp; &nbsp; &nbsp; &nbsp; &nbsp; &nbsp; &nbsp; &nbsp; &nbsp; &nbsp; &nbsp; &nbsp; &nbsp; &nbsp; &nbsp; &nbsp; &nbsp; &nbsp;&nbsp;</span><span style=\"background-color:#FFFFFF;font-family:tahoma, arial, \'Hiragino Sans GB\', 宋体, sans-serif;line-height:1.5;\">领型:&nbsp;圆领</span><br />\r\n<span style=\"background-color:#FFFFFF;font-family:tahoma, arial, \'Hiragino Sans GB\', 宋体, sans-serif;line-height:1.5;\">袖型:&nbsp;常规 &nbsp; &nbsp; &nbsp; &nbsp; &nbsp; &nbsp; &nbsp; &nbsp; &nbsp; &nbsp; &nbsp; &nbsp; &nbsp; &nbsp; &nbsp; &nbsp; &nbsp; &nbsp; &nbsp; &nbsp; &nbsp; &nbsp; &nbsp; &nbsp; &nbsp; &nbsp; &nbsp; &nbsp; &nbsp; &nbsp;</span><span style=\"background-color:#FFFFFF;font-family:tahoma, arial, \'Hiragino Sans GB\', 宋体, sans-serif;line-height:1.5;\">腰型:&nbsp;中腰 &nbsp; &nbsp; &nbsp; &nbsp; &nbsp; &nbsp; &nbsp; &nbsp; &nbsp; &nbsp; &nbsp; &nbsp; &nbsp; &nbsp; &nbsp; &nbsp; &nbsp; &nbsp; &nbsp; &nbsp; &nbsp; &nbsp;&nbsp;</span><span style=\"background-color:#FFFFFF;font-family:tahoma, arial, \'Hiragino Sans GB\', 宋体, sans-serif;line-height:1.5;\">衣门襟:&nbsp;拉链</span><br />\r\n<span style=\"background-color:#FFFFFF;font-family:tahoma, arial, \'Hiragino Sans GB\', 宋体, sans-serif;line-height:1.5;\">裙型:&nbsp;A字裙 &nbsp; &nbsp; &nbsp; &nbsp; &nbsp; &nbsp; &nbsp; &nbsp; &nbsp; &nbsp; &nbsp; &nbsp; &nbsp; &nbsp; &nbsp; &nbsp; &nbsp; &nbsp; &nbsp; &nbsp; &nbsp; &nbsp; &nbsp; &nbsp; &nbsp; &nbsp; &nbsp; &nbsp; &nbsp;</span><span style=\"background-color:#FFFFFF;font-family:tahoma, arial, \'Hiragino Sans GB\', 宋体, sans-serif;line-height:1.5;\">图案:&nbsp;其他 &nbsp; &nbsp; &nbsp; &nbsp; &nbsp; &nbsp; &nbsp; &nbsp; &nbsp; &nbsp; &nbsp; &nbsp; &nbsp; &nbsp; &nbsp; &nbsp; &nbsp; &nbsp; &nbsp; &nbsp; &nbsp; &nbsp;&nbsp;</span><span style=\"background-color:#FFFFFF;font-family:tahoma, arial, \'Hiragino Sans GB\', 宋体, sans-serif;line-height:1.5;\">流行元素/工艺:&nbsp;拼接 纱网</span><br />\r\n<span style=\"background-color:#FFFFFF;font-family:tahoma, arial, \'Hiragino Sans GB\', 宋体, sans-serif;line-height:1.5;\">品牌:&nbsp;草莓花朵 &nbsp; &nbsp; &nbsp; &nbsp; &nbsp; &nbsp; &nbsp; &nbsp; &nbsp; &nbsp; &nbsp; &nbsp; &nbsp; &nbsp; &nbsp; &nbsp; &nbsp; &nbsp; &nbsp; &nbsp; &nbsp; &nbsp; &nbsp; &nbsp; &nbsp; &nbsp; &nbsp;</span><span style=\"background-color:#FFFFFF;font-family:tahoma, arial, \'Hiragino Sans GB\', 宋体, sans-serif;line-height:1.5;\">面料:&nbsp;其他 &nbsp; &nbsp; &nbsp; &nbsp; &nbsp; &nbsp; &nbsp; &nbsp; &nbsp; &nbsp; &nbsp; &nbsp; &nbsp; &nbsp; &nbsp; &nbsp; &nbsp; &nbsp; &nbsp; &nbsp; &nbsp; &nbsp;&nbsp;</span><span style=\"background-color:#FFFFFF;font-family:tahoma, arial, \'Hiragino Sans GB\', 宋体, sans-serif;line-height:1.5;\">成分含量:&nbsp;95%以上</span><br />\r\n<span style=\"background-color:#FFFFFF;font-family:tahoma, arial, \'Hiragino Sans GB\', 宋体, sans-serif;line-height:1.5;\">材质:&nbsp;涤纶 &nbsp; &nbsp; &nbsp; &nbsp; &nbsp; &nbsp; &nbsp; &nbsp; &nbsp; &nbsp; &nbsp; &nbsp; &nbsp; &nbsp; &nbsp; &nbsp; &nbsp; &nbsp; &nbsp; &nbsp; &nbsp; &nbsp; &nbsp; &nbsp; &nbsp; &nbsp; &nbsp; &nbsp; &nbsp; &nbsp;</span><span style=\"background-color:#FFFFFF;font-family:tahoma, arial, \'Hiragino Sans GB\', 宋体, sans-serif;line-height:1.5;\">适用年龄:&nbsp;18-24周岁 &nbsp; &nbsp; &nbsp; &nbsp; &nbsp; &nbsp; &nbsp; &nbsp; &nbsp; &nbsp; &nbsp; &nbsp; &nbsp; &nbsp; &nbsp;&nbsp;</span><span style=\"background-color:#FFFFFF;font-family:tahoma, arial, \'Hiragino Sans GB\', 宋体, sans-serif;line-height:1.5;\">年份季节:&nbsp;2016年春季</span><br />\r\n<span style=\"background-color:#FFFFFF;font-family:tahoma, arial, \'Hiragino Sans GB\', 宋体, sans-serif;line-height:1.5;\">颜色分类:&nbsp;黄色 白色 &nbsp; &nbsp; &nbsp; &nbsp; &nbsp; &nbsp; &nbsp; &nbsp; &nbsp; &nbsp; &nbsp; &nbsp; &nbsp; &nbsp; &nbsp; &nbsp; &nbsp; &nbsp; &nbsp; &nbsp; &nbsp; &nbsp; &nbsp;&nbsp;</span><span style=\"background-color:#FFFFFF;font-family:tahoma, arial, \'Hiragino Sans GB\', 宋体, sans-serif;line-height:1.5;\">尺码:&nbsp;S M L XL</span><br />\r\n<br />\r\n		</div>\r\n	</p>\r\n</p>\r\n<p style=\"text-align:justify;\">\r\n	<img src=\"http://192.168.2.100:8080/shopping/upload/store/1/2016/04/04/97a9c200-6ce3-4249-9f1c-e06f459bf396.jpg\" /><img src=\"http://192.168.2.100:8080/shopping/upload/store/1/2016/04/04/30d94382-c90b-4fc3-9a6d-df4aa916f826.jpg\" /><img src=\"http://192.168.2.100:8080/shopping/upload/store/1/2016/04/04/efcce0b7-5058-4bda-8f0e-92defc192a0a.jpg\" /><img src=\"http://192.168.2.100:8080/shopping/upload/store/1/2016/04/04/60d1f6d3-cc24-46a3-9bb5-ea3b798d9a63.jpg\" /><img src=\"http://192.168.2.100:8080/shopping/upload/store/1/2016/04/04/878b1495-c07a-4ce1-9e18-058031098555.jpg\" /><img src=\"http://192.168.2.100:8080/shopping/upload/store/1/2016/04/04/b1bc4c7a-53df-442f-81d0-a95b641c2726.jpg\" />\r\n</p>\r\n<p>\r\n	<br />\r\n</p>',NULL,186,'[]','欧洲站2016春装新品女装春季圆领中袖A字白色连衣裙子配送腰带','300.00','[]','',14,NULL,'',0,0,'0.20','all','','','131.00','','2013-12-24 16:33:39',NULL,NULL,NULL,0,0,0,0,0,0,17,2,426310,1,NULL,0,0,0,NULL,0,2,0,'480.00',NULL,'0.00','0.00','0.00',2,0,NULL,NULL,NULL,'4','\0',NULL,'\0',NULL),(98411,'2013-12-24 16:31:05','\0',9,'',NULL,21212,'[]','华为U9508（荣耀四核爱享版） android4.0系统 超值感受','1000.00','[]','',0,NULL,'',0,0,'0.10','all','','','800.00','\0',NULL,NULL,NULL,NULL,0,0,0,0,0,0,76,NULL,426159,1,NULL,0,0,0,NULL,0,2,0,'640.00',NULL,'0.00','0.00','0.00',NULL,0,NULL,NULL,NULL,'5','\0',NULL,'\0',NULL),(98412,'2013-12-24 16:31:13','\0',674,'<p align=\"center\" style=\"text-align:left;\">\r\n	&nbsp;<strong><span style=\"font-size:16px;\">&nbsp;</span></strong><span><strong><span style=\"font-size:16px;\">货号: 5646 &nbsp; &nbsp; &nbsp; &nbsp; &nbsp; &nbsp; &nbsp; &nbsp; &nbsp; &nbsp; &nbsp; &nbsp; &nbsp; &nbsp; &nbsp; &nbsp; &nbsp; &nbsp; &nbsp; &nbsp; &nbsp; &nbsp; &nbsp; &nbsp; &nbsp; &nbsp; &nbsp; &nbsp;</span></strong><strong><span style=\"font-size:16px;\">&nbsp;</span></strong><strong><span style=\"font-size:16px;\">品牌: 草莓花朵 &nbsp; &nbsp; &nbsp; &nbsp; &nbsp; &nbsp; &nbsp; &nbsp; &nbsp; &nbsp; &nbsp; &nbsp; &nbsp; &nbsp; </span></strong><strong><span style=\"font-size:16px;\">年份季节: 2016年夏季 &nbsp; &nbsp; &nbsp; &nbsp; &nbsp;</span></strong><strong><span style=\"font-size:16px;\">颜色分类: 白色 紫色 &nbsp; &nbsp; &nbsp; &nbsp; &nbsp; &nbsp; &nbsp; &nbsp; &nbsp; &nbsp; &nbsp; &nbsp; &nbsp; &nbsp; &nbsp; &nbsp; &nbsp; &nbsp; &nbsp; &nbsp; &nbsp;</span></strong><strong><span style=\"font-size:16px;\">&nbsp;<img src=\"http://192.168.2.100:8080/shopping/upload/store/1/2016/04/04/9f02c287-0962-4d4d-a474-5c7328199651.jpg\" /><img src=\"http://192.168.2.100:8080/shopping/upload/store/1/2016/04/04/f0cc1d42-ad62-4274-bad1-879db5d3c9ce.jpg\" /></span></strong><strong><span style=\"font-size:16px;\">尺码: S M L XL</span></strong></span><strong><span style=\"font-size:16px;\"></span></strong> \r\n</p>\r\n<p align=\"center\">\r\n	<span></span> \r\n</p>\r\n<p>\r\n	<br />\r\n</p>\r\n<p>\r\n	<br />\r\n</p>',NULL,195,'[]','2016韩版新品 女装绣花钉珠七分袖连衣裙女士打底A字裙子','288.00','[{\"val\":\"中长款（衣长50-70CM）\",\"id\":\"3\",\"name\":\"衣长\"}, {\"val\":\"纯棉\",\"id\":\"2\",\"name\":\"材质\"}, {\"val\":\"长袖\",\"id\":\"1\",\"name\":\"款式\"}]','',5,NULL,'5646',0,0,'0.30','all','','','178.00','','2013-12-24 16:33:47',NULL,NULL,NULL,0,0,0,0,0,0,17,8,426319,1,NULL,1,0,0,NULL,0,2,0,'712.00',NULL,'0.00','0.00','0.00',2,0,NULL,NULL,NULL,'5','\0',NULL,'\0',NULL),(98413,'2013-12-24 16:31:58','\0',14,'',NULL,212121,'[]','索尼LT26i（Xperia S）android4.0系统 超值感受','2000.00','[]','',0,NULL,'',0,0,'0.10','all','','','1666.00','\0',NULL,NULL,NULL,NULL,0,0,0,0,0,0,76,NULL,426156,1,NULL,0,0,0,NULL,0,2,0,'1332.80',NULL,'0.00','0.00','0.00',NULL,0,NULL,NULL,NULL,'5','\0',NULL,'\0',NULL),(98414,'2013-12-24 16:32:50','\0',14,'',NULL,232,'[]','索尼爱立信X10i android4.0系统 超值感受','1200.00','[]','',0,NULL,'',0,0,'0.10','all','','','999.00','\0',NULL,NULL,NULL,NULL,0,0,0,0,0,0,76,NULL,426155,1,NULL,0,0,0,NULL,0,0,0,'999.00',NULL,'0.00','0.00','0.00',NULL,0,NULL,NULL,NULL,'5','\0',NULL,'\0',NULL),(98415,'2013-12-24 16:33:53','\0',23,'',NULL,1212,'[]','飞利浦W832 android4.0系统 超值感受','1233.00','[]','',0,NULL,'',0,0,'0.10','all','','','1000.00','\0',NULL,NULL,NULL,NULL,0,0,0,0,0,0,77,NULL,426152,1,NULL,0,0,0,NULL,0,2,0,'800.00',NULL,'0.00','0.00','0.00',NULL,0,NULL,NULL,NULL,'5','\0',NULL,'\0',NULL),(98416,'2013-12-24 16:34:43','\0',22,'',NULL,212121,'[]','飞利浦W736 android4.0系统 超值感受','2300.00','[]','',0,NULL,'',0,0,'0.10','all','','','1200.00','\0',NULL,NULL,NULL,NULL,0,0,0,0,0,0,77,NULL,426151,1,NULL,0,0,0,NULL,0,0,0,'1200.00',NULL,'0.00','0.00','0.00',NULL,0,NULL,NULL,NULL,'5','\0',NULL,'\0',NULL),(98417,'2013-12-24 16:36:09','\0',12,'',NULL,1000,'[]','奥林巴斯（OLYMPUS） XZ-1 数码相机 白色','2000.00','[]','',0,NULL,'',0,0,'0.80','all','','','1500.00','\0',NULL,NULL,NULL,NULL,0,0,0,0,0,0,79,NULL,426150,1,NULL,0,0,0,NULL,0,2,0,'1500.00',NULL,'0.00','0.00','0.00',NULL,0,NULL,NULL,NULL,'5','\0',NULL,'\0',NULL),(98418,'2013-12-24 16:37:26','\0',14,'',NULL,12121,'[]',' 入门者不二之选 超值性价比 圣诞特价 三星ST66','1000.00','[]','',0,NULL,'',0,0,'0.80','all','','','555.00','\0',NULL,NULL,NULL,NULL,0,0,0,0,0,0,79,NULL,426149,1,NULL,0,0,0,NULL,0,2,0,'555.00',NULL,'0.00','0.00','0.00',NULL,0,NULL,NULL,NULL,'5','\0',NULL,'\0',NULL),(98419,'2013-12-24 16:38:26','\0',9,'',NULL,21212,'[]','三星ST77 入门者最佳选择 超值性价比','1200.00','[]','',0,NULL,'',0,0,'0.80','all','','','800.00','\0',NULL,NULL,NULL,NULL,0,0,0,0,0,0,79,NULL,426148,1,NULL,0,0,0,NULL,0,2,0,'800.00',NULL,'0.00','0.00','0.00',NULL,0,NULL,NULL,NULL,'5','\0',NULL,'\0',NULL),(98420,'2013-12-24 16:39:23','\0',14,'',NULL,54545,'[]','柏卡Luxmedia 14-Z12S','2000.00','[]','',0,NULL,'',0,0,'0.80','all','','','1333.00','\0',NULL,NULL,NULL,NULL,0,0,0,0,0,0,79,NULL,426147,1,NULL,0,0,0,NULL,0,2,0,'1333.00',NULL,'0.00','0.00','0.00',NULL,0,NULL,NULL,NULL,'5','\0',NULL,'\0',NULL),(98421,'2013-12-24 16:40:34','\0',11,'',NULL,315,'[]','尼康（Nikon） D3100 单反套机AF-S DX 18-55mm f3.5-5.6G ','5000.00','[]','',0,NULL,'',0,0,'1.10','all','','','4000.00','\0',NULL,NULL,NULL,NULL,0,0,0,0,0,0,81,NULL,426146,1,NULL,0,0,0,NULL,0,2,0,'4000.00',NULL,'0.00','0.00','0.00',NULL,0,NULL,NULL,NULL,'5','\0',NULL,'\0',NULL),(98422,'2013-12-24 16:41:35','\0',21,'',NULL,5454564,'[]','佳能60D 照片的最佳捕捉着 1600万像素 超值性价比','5000.00','[]','',0,NULL,'',0,0,'1.20','all','','','4544.00','\0',NULL,NULL,NULL,NULL,0,0,0,0,0,0,81,NULL,426145,1,NULL,0,0,0,NULL,0,2,0,'4544.00',NULL,'0.00','0.00','0.00',NULL,0,NULL,NULL,NULL,'5','\0',NULL,'\0',NULL),(98423,'2013-12-24 16:42:42','\0',12,'',NULL,3131,'[]','富士S4530 专业摄影师的低价相机','6000.00','[]','',0,NULL,'',0,0,'1.20','all','','','5000.00','\0',NULL,NULL,NULL,NULL,0,0,0,0,0,0,81,NULL,426144,1,NULL,0,0,0,NULL,0,2,0,'5000.00',NULL,'0.00','0.00','0.00',NULL,0,NULL,NULL,NULL,'5','\0',NULL,'\0',NULL),(98424,'2013-12-24 16:43:40','\0',17,'',NULL,10000,'[]','索尼PMW-100 圣诞优惠打折扣1200像素','10000.00','[]','',0,NULL,'',0,0,'0.30','all','','','9999.00','\0',NULL,NULL,NULL,NULL,0,0,0,0,0,0,82,NULL,426143,1,NULL,0,0,0,NULL,0,2,0,'9999.00',NULL,'0.00','0.00','0.00',NULL,0,NULL,NULL,NULL,'5','\0',NULL,'\0',NULL),(98425,'2013-12-24 16:44:45','\0',10,'',NULL,544,'[]','索尼HDR-XR260E 超值1200万像素','8000.00','[]','',0,NULL,'',0,0,'0.50','all','','','7444.00','\0',NULL,NULL,NULL,NULL,0,0,0,0,0,0,82,NULL,426142,1,NULL,0,0,0,NULL,0,2,0,'7444.00',NULL,'0.00','0.00','0.00',NULL,0,NULL,NULL,NULL,'5','\0',NULL,'\0',NULL),(98426,'2013-12-24 16:45:42','\0',11,'',NULL,10000,'[]','海尔DC-T9 记录点滴过去 高清呈现昨天','5000.00','[]','',0,NULL,'',0,0,'0.10','all','','','4555.00','\0',NULL,NULL,NULL,NULL,0,0,0,0,0,0,82,NULL,426141,1,NULL,0,0,0,NULL,0,2,0,'4555.00',NULL,'0.00','0.00','0.00',NULL,0,NULL,NULL,NULL,'5','\0',NULL,'\0',NULL),(98427,'2013-12-24 16:47:46','\0',17,'',NULL,455,'[]','魔声录音师 声音的最佳播放师','100.00','[]','',0,NULL,'',0,0,'0.10','all','','','60.00','\0',NULL,NULL,NULL,NULL,0,0,0,0,0,0,90,NULL,426140,1,NULL,0,0,0,NULL,0,2,0,'60.00',NULL,'0.00','0.00','0.00',NULL,0,NULL,NULL,NULL,'5','\0',NULL,'\0',NULL),(98428,'2013-12-24 16:49:14','\0',15,'',NULL,1000,'[]','金士顿DataTraveler HyperX 3.0（256GB）','80.00','[]','',0,NULL,'',0,0,'2.00','all','','','66.00','\0',NULL,NULL,NULL,NULL,0,0,0,0,0,0,83,NULL,426139,1,NULL,0,0,0,NULL,0,2,0,'66.00',NULL,'0.00','0.00','0.00',NULL,0,NULL,NULL,NULL,'5','\0',NULL,'\0',NULL),(98429,'2013-12-24 16:52:19','\0',10,'',NULL,532,'[]','联想 IdeaCentreQ180 D2700 2G32GWJ-7B 电脑主机','5000.00','[]','',0,NULL,'',0,0,'1.00','all','','','4990.00','\0',NULL,NULL,NULL,NULL,0,0,0,0,0,0,97,NULL,426138,1,NULL,0,0,0,NULL,0,2,0,'4990.00',NULL,'0.00','0.00','0.00',NULL,0,NULL,NULL,NULL,'5','\0',NULL,'\0',NULL),(98430,'2013-12-24 16:53:22','\0',10,'',NULL,5454,'[]','联想A45EI321VD-SL 三代I5 3210 笔记本 ','4000.00','[]','',0,NULL,'',0,0,'0.80','all','','','3666.00','\0',NULL,NULL,NULL,NULL,0,0,0,0,0,0,97,14,426137,1,NULL,0,0,0,NULL,0,1,0,'3666.00',NULL,'0.00','0.00','0.00',NULL,0,NULL,NULL,NULL,'5','\0',NULL,'\0',NULL),(98431,'2013-12-24 16:54:42','\0',12,'',NULL,546,'[]','惠普Pavilion 性价比超值选择超级笔记本','4999.00','[]','',0,NULL,'',0,0,'0.80','all','','','3666.00','\0',NULL,NULL,NULL,NULL,0,0,0,0,0,0,97,NULL,426136,1,NULL,0,0,0,NULL,0,2,0,'3666.00',NULL,'0.00','0.00','0.00',NULL,0,NULL,NULL,NULL,'5','\0',NULL,'\0',NULL),(98432,'2013-12-24 16:55:49','\0',13,'',NULL,553,'[]','联想ThinkPad 最佳办公本 不二选择','6000.00','[]','',0,NULL,'',0,0,'0.80','all','','','5666.00','\0',NULL,NULL,NULL,NULL,0,0,0,0,0,0,97,14,426135,1,NULL,0,0,0,NULL,0,1,0,'5666.00',NULL,'0.00','0.00','0.00',NULL,0,NULL,NULL,NULL,'5','\0',NULL,'\0',NULL),(98433,'2013-12-24 16:56:47','\0',15,'',NULL,36213,'[]','戴尔Inspiron 办公商务最佳选择超值优惠','2122.00','[]','',0,NULL,'',0,0,'0.80','all','','','1999.00','\0',NULL,NULL,NULL,NULL,0,0,0,0,0,0,97,NULL,426133,1,NULL,0,0,0,NULL,0,2,0,'1999.00',NULL,'0.00','0.00','0.00',NULL,0,NULL,NULL,NULL,'5','\0',NULL,'\0',NULL),(98434,'2013-12-24 16:58:01','\0',17,'',NULL,53435,'[]','最低价格超值优惠 华硕CM6870-C32C','5100.00','[]','',0,NULL,'',0,0,'1.10','all','','','4800.00','\0',NULL,NULL,NULL,NULL,0,0,0,0,0,0,96,NULL,426132,1,NULL,0,0,0,NULL,0,2,0,'4800.00',NULL,'0.00','0.00','0.00',NULL,0,NULL,NULL,NULL,'5','\0',NULL,'\0',NULL),(98435,'2013-12-24 16:59:25','\0',10,'',NULL,3536,'[]','超值整体首选 节日特惠打折 华硕CM673','1200.00','[]','',0,NULL,'',0,0,'0.80','all','','','999.00','\0',NULL,NULL,NULL,NULL,0,0,0,0,0,0,96,NULL,426131,1,NULL,0,0,0,NULL,0,2,0,'999.00',NULL,'0.00','0.00','0.00',NULL,0,NULL,NULL,NULL,'5','\0',NULL,'\0',NULL),(98436,'2013-12-24 17:01:31','\0',13,'',NULL,100,'[]','家庭办公最佳选择 圣诞特惠 联想新圆梦F2895','5000.00','[]','',0,NULL,'',0,0,'3.00','all','','','4999.00','\0',NULL,NULL,NULL,NULL,0,0,0,0,0,0,101,NULL,426130,1,NULL,0,0,0,NULL,0,2,0,'4999.00',NULL,'0.00','0.00','0.00',NULL,0,NULL,NULL,NULL,'5','\0',NULL,'\0',NULL),(98437,'2013-12-24 17:02:28','\0',12,'',NULL,100,'[]','联想IdeaDream 最优惠的idea系列电脑','5000.00','[]','',0,NULL,'',0,0,'3.00','all','','','4000.00','\0',NULL,NULL,NULL,NULL,0,0,0,0,0,0,101,14,426129,1,NULL,0,0,0,NULL,0,1,0,'4000.00',NULL,'0.00','0.00','0.00',NULL,0,NULL,NULL,NULL,'5','\0',NULL,'\0',NULL),(98438,'2013-12-24 17:04:07','\0',15,'',NULL,100,'[]','联想IdeaCentre 最优惠的idea系列电脑','10000.00','[]','',0,NULL,'',0,0,'2.00','all','','','9888.00','\0',NULL,NULL,NULL,NULL,0,0,0,0,0,0,101,NULL,426128,1,NULL,0,0,0,NULL,0,2,0,'9888.00',NULL,'0.00','0.00','0.00',NULL,0,NULL,NULL,NULL,'5','\0',NULL,'\0',NULL),(98439,'2013-12-24 17:06:12','\0',10,'',NULL,100,'[]','手感体验最优化设计 罗技M235无线鼠标','30.00','[]','',0,NULL,'',0,0,'0.20','all','','','29.00','\0',NULL,NULL,NULL,NULL,0,0,0,0,0,0,65542,NULL,426127,1,NULL,0,0,0,NULL,0,2,0,'29.00',NULL,'0.00','0.00','0.00',NULL,0,NULL,NULL,NULL,'5','\0',NULL,'\0',NULL),(98440,'2013-12-24 17:06:58','\0',23,'',NULL,100,'[]','超值优惠折上折 华硕CG8580-C11C','50.00','[]','',0,NULL,'',0,0,'0.20','all','','','36.00','\0',NULL,NULL,NULL,NULL,0,0,0,0,0,0,65542,NULL,426123,1,NULL,0,0,0,NULL,0,1,0,'36.00',NULL,'0.00','0.00','0.00',NULL,0,NULL,NULL,NULL,'5','\0',NULL,'\0',NULL),(98441,'2013-12-24 17:08:22','\0',15,'',NULL,100,'[]','超值体验金属质感 联想新圆梦F2895键盘','50.00','[]','',0,NULL,'',0,0,'0.50','all','','','30.00','\0',NULL,NULL,NULL,NULL,0,0,0,0,0,0,65542,14,426122,1,NULL,0,0,0,NULL,0,1,0,'30.00',NULL,'0.00','0.00','0.00',NULL,0,NULL,NULL,NULL,'5','\0',NULL,'\0',NULL),(98442,'2013-12-24 17:09:52','\0',20,'',NULL,100,'[]','Intel主板芯片 四核酷睿3代','500.00','[]','',0,NULL,'',0,0,'1.00','all','','','400.00','\0',NULL,'','2014-10-28 12:16:35','2014-10-28',0,300,300,1,300,3,65542,NULL,426121,1,1,0,0,0,NULL,0,0,0,'400.00',NULL,'0.00','0.00','0.00',NULL,0,NULL,NULL,NULL,'5','\0',NULL,'\0',NULL),(98443,'2013-12-24 17:11:31','\0',13,'',NULL,100,'[]','SSK 黑鹰II USB3.0 2.5英寸硬盘盒','400.00','[]','',0,NULL,'',0,0,'0.50','all','','','360.00','\0',NULL,NULL,NULL,NULL,0,0,0,0,0,0,65542,NULL,426120,1,NULL,0,0,0,NULL,0,1,0,'360.00',NULL,'0.00','0.00','0.00',NULL,0,NULL,NULL,NULL,'5','\0',NULL,'\0',NULL),(98444,'2013-12-24 17:13:47','\0',20,'',NULL,100,'[]','爱宝（aibao）A-16U 激光扫描枪','400.00','[]','',0,NULL,'',0,0,'0.50','all','','','300.00','\0',NULL,NULL,NULL,NULL,0,0,0,0,0,0,65542,NULL,426119,1,NULL,0,0,0,NULL,0,0,0,'300.00',NULL,'0.00','0.00','0.00',NULL,0,NULL,NULL,NULL,'5','\0',NULL,'\0',NULL),(98445,'2013-12-24 17:14:47','\0',22,'',NULL,100,'[]','松下（Panasonic）KX-FP7006CN 普通纸传真机','500.00','[]','',0,NULL,'',0,0,'1.00','all','','','455.00','\0',NULL,NULL,NULL,NULL,0,0,0,0,0,0,65542,NULL,426118,1,NULL,0,0,0,NULL,0,2,0,'364.00',NULL,'0.00','0.00','0.00',NULL,0,NULL,NULL,NULL,'5','\0',NULL,'','2015-03-01'),(98446,'2013-12-24 17:15:46','\0',19,'',NULL,100,'[]','办公最佳产品 明基（BenQ）TS5276投影机','1000.00','[]','',0,NULL,'',0,0,'1.50','all','','','800.00','\0',NULL,NULL,NULL,NULL,0,0,0,0,0,0,65542,NULL,426117,1,NULL,0,0,0,NULL,0,0,0,'800.00',NULL,'0.00','0.00','0.00',NULL,0,NULL,NULL,NULL,'5','','2015-03-01','\0',NULL),(98447,'2013-12-24 17:16:48','\0',23,'',NULL,100,'[]','惠普（HP）Deskjet 1000 彩色喷墨打印机','2000.00','[]','',0,NULL,'',0,0,'5.00','all','','','1960.00','\0',NULL,NULL,NULL,NULL,0,0,0,0,0,0,65542,NULL,426116,1,NULL,0,0,0,NULL,0,0,0,'1960.00',NULL,'0.00','0.00','0.00',NULL,0,NULL,NULL,NULL,'5','\0',NULL,'','2015-03-01'),(98448,'2013-12-24 17:19:23','\0',24,'',NULL,100,'[]','漫步者e1100 音乐发烧友特惠折扣','200.00','[]','',0,NULL,'',0,0,'1.30','all','','','150.00','\0',NULL,NULL,NULL,NULL,0,0,0,0,0,0,91,NULL,426115,1,NULL,1,0,0,NULL,0,1,0,'150.00',NULL,'0.00','0.00','0.00',NULL,0,NULL,NULL,NULL,'5','','2015-03-01','\0',NULL),(98449,'2013-12-24 17:20:14','\0',18,'',NULL,100,'[]','最新超级高清播放器 惠威T200B音乐监听大师','400.00','[]','',0,NULL,'',0,0,'1.00','all','','','366.00','\0',NULL,NULL,NULL,NULL,0,0,0,0,0,0,91,NULL,426114,1,NULL,0,0,0,NULL,0,0,0,'366.00',NULL,'0.00','0.00','0.00',NULL,0,NULL,NULL,NULL,'5','\0',NULL,'','2015-03-01'),(98450,'2013-12-24 17:21:40','\0',23,'',NULL,100,'[]','超级优惠打折扣 飞利浦迷你音响','1000.00','[]','',0,NULL,'',0,0,'2.00','all','','','700.00','\0',NULL,'','2014-10-28 12:15:57','2014-10-28',0,300,300,1,300,3,91,NULL,426113,1,1,0,0,0,NULL,0,0,0,'700.00',NULL,'0.00','0.00','0.00',NULL,0,NULL,NULL,NULL,'5','','2015-03-01','\0',NULL),(98451,'2013-12-24 17:22:42','\0',22,'',NULL,100,'[]','索尼CMT-M333NT 超值家庭立体声音响','1000.00','[]','',0,NULL,'',1,0,'2.00','all','','','900.00','\0',NULL,NULL,NULL,NULL,0,0,0,0,0,0,91,NULL,NULL,1,NULL,0,0,0,NULL,0,1,0,'900.00',NULL,NULL,NULL,NULL,NULL,0,NULL,NULL,NULL,'5','\0',NULL,'','2015-03-01'),(98452,'2013-12-24 17:23:38','\0',40,'',NULL,100,'[]','飞利浦DBD8010  平安夜优惠折上折','2000.00','[]','',0,NULL,'',0,0,'3.00','all','','','1960.00','\0',NULL,NULL,NULL,NULL,0,0,0,0,0,0,91,NULL,426112,1,NULL,0,0,0,NULL,0,2,0,'1568.00',NULL,'0.00','0.00','0.00',NULL,0,NULL,NULL,NULL,'5','','2015-03-01','\0',NULL),(98453,'2013-12-24 17:24:56','\0',24,'<p>\r\n	<span>廓形: A型 &nbsp; &nbsp; &nbsp; &nbsp; &nbsp; &nbsp; &nbsp; &nbsp; &nbsp; &nbsp; &nbsp; &nbsp; &nbsp; &nbsp; &nbsp; &nbsp; &nbsp; &nbsp; &nbsp; &nbsp;&nbsp;<span>材质成分: 聚酯纤维100% &nbsp; &nbsp; &nbsp; &nbsp; &nbsp; &nbsp; &nbsp; &nbsp; &nbsp; &nbsp; &nbsp; &nbsp; &nbsp; &nbsp; &nbsp; &nbsp;&nbsp;</span><span>销售渠道类型: 纯电商(只在线上销售)</span></span>\r\n</p>\r\n<p>\r\n	<span><span>风格: 通勤</span> &nbsp; &nbsp; &nbsp; &nbsp; &nbsp; &nbsp; &nbsp; &nbsp; &nbsp; &nbsp; &nbsp; &nbsp; &nbsp; &nbsp; &nbsp; &nbsp; &nbsp; &nbsp; &nbsp; &nbsp;<span>裙长: 短裙</span> &nbsp; &nbsp; &nbsp; &nbsp; &nbsp; &nbsp; &nbsp; &nbsp; &nbsp; &nbsp; &nbsp; &nbsp; &nbsp; &nbsp; &nbsp; &nbsp; &nbsp; &nbsp; &nbsp; &nbsp; &nbsp; &nbsp; &nbsp; &nbsp; &nbsp; &nbsp;&nbsp;<span>袖长: 长袖</span><br />\r\n</span>\r\n</p>\r\n<p>\r\n	<span><span>领型: 圆领 &nbsp; &nbsp; &nbsp; &nbsp; &nbsp; &nbsp; &nbsp; &nbsp; &nbsp; &nbsp; &nbsp; &nbsp; &nbsp; &nbsp; &nbsp; &nbsp; &nbsp; &nbsp; &nbsp; &nbsp;</span><span>适用年龄: 30-34周岁 &nbsp; &nbsp; &nbsp; &nbsp; &nbsp; &nbsp; &nbsp; &nbsp; &nbsp; &nbsp; &nbsp; &nbsp; &nbsp; &nbsp; &nbsp; &nbsp; &nbsp; &nbsp; &nbsp; &nbsp;<img src=\"http://192.168.2.100:8080/shopping/upload/store/1/2016/04/04/35a44450-72a8-4806-a7ac-41af954810a1.jpg\" /><img src=\"http://192.168.2.100:8080/shopping/upload/store/1/2016/04/04/edf9e230-6b9d-46a7-9065-c5900275fb00.jpg\" /><img src=\"http://192.168.2.100:8080/shopping/upload/store/1/2016/04/04/17f61b1a-994e-41f9-bc3e-95d28bf9a6a6.jpg\" /></span><span>年份季节: 2016年春季</span><br />\r\n</span>\r\n</p>',NULL,100,'[]','菲梦伊2016早春新款品牌女装长袖a字型收腰显瘦提花连衣裙6873','600.00','[]','',0,NULL,'',0,1,'0.70','all','','','288.00','','2016-04-04 18:23:12',NULL,NULL,NULL,0,0,0,0,0,0,17,NULL,426369,1,NULL,0,0,0,NULL,0,0,0,'288.00',NULL,'0.00','0.00','0.00',NULL,0,NULL,NULL,NULL,'5','\0',NULL,'','2015-03-01'),(98454,'2013-12-24 17:25:58','\0',86,'<p style=\"text-align:left;\">\r\n	<span style=\"line-height:1.5;\">廓形: A型 &nbsp; &nbsp; &nbsp; &nbsp; &nbsp; &nbsp; &nbsp; &nbsp; &nbsp; &nbsp; &nbsp; &nbsp; &nbsp; &nbsp; &nbsp; &nbsp; &nbsp; &nbsp; &nbsp; &nbsp; &nbsp; &nbsp; &nbsp; &nbsp; &nbsp; &nbsp; &nbsp; &nbsp; &nbsp; &nbsp; &nbsp; &nbsp; &nbsp; &nbsp; </span><span style=\"line-height:1.5;\">材质成分: 其他100% &nbsp; &nbsp; &nbsp; &nbsp; &nbsp; &nbsp; &nbsp; &nbsp; &nbsp; &nbsp; &nbsp; &nbsp; &nbsp; &nbsp; &nbsp; &nbsp; &nbsp; </span><span style=\"line-height:1.5;\">裙长: 短裙 &nbsp; &nbsp; &nbsp; &nbsp; &nbsp; &nbsp; &nbsp; &nbsp; &nbsp; &nbsp; &nbsp; &nbsp; &nbsp; &nbsp; &nbsp; &nbsp; &nbsp; &nbsp; &nbsp; &nbsp; &nbsp; &nbsp; &nbsp;</span> \r\n</p>\r\n<p style=\"text-align:left;\">\r\n	<span style=\"line-height:1.5;\">款式: 其他/other &nbsp; &nbsp; &nbsp; &nbsp; &nbsp; &nbsp; &nbsp; &nbsp; &nbsp; &nbsp; &nbsp; &nbsp; &nbsp; &nbsp; &nbsp; &nbsp; &nbsp; &nbsp; &nbsp; &nbsp; &nbsp; &nbsp; &nbsp; &nbsp; &nbsp; &nbsp; &nbsp; &nbsp; &nbsp; 袖长: 无袖 &nbsp; &nbsp; &nbsp; &nbsp; &nbsp; &nbsp; &nbsp; &nbsp; &nbsp; &nbsp; &nbsp; &nbsp; &nbsp; &nbsp; &nbsp; &nbsp; &nbsp; &nbsp; &nbsp; &nbsp; &nbsp; &nbsp; &nbsp; &nbsp; &nbsp;领型: 圆领</span> \r\n</p>\r\n<p style=\"text-align:left;\">\r\n	<img src=\"http://192.168.2.102:8080/shopping/upload/store/1/2016/04/04/dbf36624-542e-4099-b1d9-e3cf9d9a03b7.jpg\" /><img src=\"http://192.168.2.102:8080/shopping/upload/store/1/2016/04/04/30f29109-5979-46ca-a980-7bba16d5e721.jpg\" /><img src=\"http://192.168.2.100:8080/shopping/upload/store/1/2016/04/04/30f29109-5979-46ca-a980-7bba16d5e721.jpg\" /><img src=\"http://192.168.2.100:8080/shopping/upload/store/1/2016/04/04/dbf36624-542e-4099-b1d9-e3cf9d9a03b7.jpg\" /> \r\n</p>',NULL,100,'[]','2016夏季新款A字无袖修身显瘦连衣裙欧根纱打底韩版高腰蓬蓬裙女','300.00','[]','',0,NULL,'',0,0,'4.00','all','','','138.00','','2016-04-04 18:23:15',NULL,NULL,NULL,0,0,0,0,0,0,17,NULL,426363,1,NULL,0,0,0,NULL,0,0,0,'138.00',NULL,'0.00','0.00','0.00',NULL,0,NULL,NULL,NULL,'5','','2015-03-01','\0',NULL),(98455,'2013-12-24 17:26:48','\0',42,'<ul style=\"color:#404040;font-family:tahoma, arial, 微软雅黑, sans-serif;background-color:#FFFFFF;\">\r\n	<li style=\"vertical-align:top;color:#666666;\">\r\n		产品名称：甲由 A5\r\n	</li>\r\n	<li style=\"vertical-align:top;color:#666666;\">\r\n		包装体积:&nbsp;200*110*150\r\n	</li>\r\n	<li style=\"vertical-align:top;color:#666666;\">\r\n		声道:&nbsp;2\r\n	</li>\r\n	<li style=\"vertical-align:top;color:#666666;\">\r\n		成色:&nbsp;全新\r\n	</li>\r\n	<li style=\"vertical-align:top;color:#666666;\">\r\n		毛重:&nbsp;0.5kg\r\n	</li>\r\n	<li style=\"vertical-align:top;color:#666666;\">\r\n		箱体材质:&nbsp;塑料\r\n	</li>\r\n	<li style=\"vertical-align:top;color:#666666;\">\r\n		颜色分类:&nbsp;绿色&nbsp;粉色\r\n	</li>\r\n	<li style=\"vertical-align:top;color:#666666;\">\r\n		售后服务:&nbsp;全国联保\r\n	</li>\r\n	<li style=\"vertical-align:top;color:#666666;\">\r\n		品牌:&nbsp;甲由\r\n	</li>\r\n	<li style=\"vertical-align:top;color:#666666;\">\r\n		型号:&nbsp;A5<img src=\"http://192.168.2.100:8080/shopping/upload/store/1/2016/04/04/e991e8d4-be94-4f42-ac7e-5fbaeaac7d38.jpg\" /><img src=\"http://192.168.2.100:8080/shopping/upload/store/1/2016/04/04/e991e8d4-be94-4f42-ac7e-5fbaeaac7d38.jpg\" />\r\n	</li>\r\n</ul>',NULL,99,'[]','甲由 A5多媒体台式机电脑小音箱笔记本迷你低音炮2.0音响USB影响','69.00','[]','',1,NULL,'',0,0,'5.00','all','','','49.00','\0',NULL,NULL,NULL,NULL,0,0,0,0,0,0,91,NULL,426348,1,NULL,0,0,0,NULL,0,2,0,'2880.00',NULL,'0.00','0.00','0.00',NULL,0,NULL,NULL,NULL,'5','\0',NULL,'','2015-03-01'),(98456,'2013-12-24 17:27:37','\0',250,'<ul style=\"color:#404040;font-family:tahoma, arial, 微软雅黑, sans-serif;background-color:#FFFFFF;\">\r\n	<li style=\"color:#666666;vertical-align:top;\">\r\n		产品名称：Yamaha/雅马哈 RX-V375/...\r\n	</li>\r\n	<li style=\"color:#666666;vertical-align:top;\">\r\n		主机播放碟片格式:&nbsp;无\r\n	</li>\r\n	<li style=\"color:#666666;vertical-align:top;\">\r\n		主机类型:&nbsp;仅有功放无碟机\r\n	</li>\r\n	<li style=\"color:#666666;vertical-align:top;\">\r\n		毛重:&nbsp;30.5kg\r\n	</li>\r\n	<li style=\"color:#666666;vertical-align:top;\">\r\n		视频连接方式:&nbsp;无\r\n	</li>\r\n	<li style=\"color:#666666;vertical-align:top;\">\r\n		附加功能:&nbsp;AUX接口&nbsp;收音机&nbsp;耳机接口\r\n	</li>\r\n	<li style=\"color:#666666;vertical-align:top;\">\r\n		音效模式:&nbsp;DTS&nbsp;Dolby Pro Logic&nbsp;Dolby Pro Logic II\r\n	</li>\r\n	<li style=\"color:#666666;vertical-align:top;\">\r\n		音箱箱体材质:&nbsp;塑料\r\n	</li>\r\n	<li style=\"color:#666666;vertical-align:top;\">\r\n		音箱连接方式:&nbsp;HDMI传输&nbsp;光纤传输&nbsp;同轴传输&nbsp;数字传输&nbsp;模拟传输\r\n	</li>\r\n	<li style=\"color:#666666;vertical-align:top;\">\r\n		颜色分类:&nbsp;白色&nbsp;黑色\r\n	</li>\r\n	<li style=\"color:#666666;vertical-align:top;\">\r\n		品牌:&nbsp;Yamaha/雅马哈\r\n	</li>\r\n	<li style=\"color:#666666;vertical-align:top;\">\r\n		型号:&nbsp;RX-V375/PA40\r\n	</li>\r\n	<li style=\"color:#666666;vertical-align:top;\">\r\n		声道数:&nbsp;5.1\r\n	</li>\r\n	<li style=\"color:#666666;vertical-align:top;\">\r\n		款式:&nbsp;音柱式\r\n	</li>\r\n	<li style=\"color:#666666;vertical-align:top;\">\r\n		是否DVD播放机:&nbsp;不带DVD机\r\n	</li>\r\n	<li style=\"color:#666666;vertical-align:top;\">\r\n		输出功率:&nbsp;601W(含)-800W(含)\r\n	</li>\r\n	<li style=\"color:#666666;vertical-align:top;\">\r\n		上市时间:&nbsp;2013年\r\n	</li>\r\n	<li style=\"color:#666666;vertical-align:top;\">\r\n		最大输出功率:&nbsp;675W<img src=\"http://localhost:8080/shopping/upload/store/1/2016/04/04/8dbeded6-f229-4957-9bf6-198d21696ddd.jpg\" /><img src=\"http://localhost:8080/shopping/upload/store/1/2016/04/04/0a498b96-4233-4331-922e-01e4873242e2.jpg\" /> \r\n	</li>\r\n</ul>',NULL,100,'[]','Yamaha雅马哈 RX-V375PA40 家庭影院客厅5.1套装音响音箱电视','6200.00','[]','',0,NULL,'',0,0,'5.00','all','','','3999.00','','2015-03-02 16:10:09',NULL,NULL,NULL,0,0,0,0,0,0,91,NULL,426335,1,NULL,0,0,0,NULL,0,0,0,'3999.00',NULL,'0.00','0.00','0.00',NULL,0,NULL,NULL,NULL,'5','','2015-03-01','\0',NULL),(98457,'2014-09-25 12:13:22','\0',13,'<p style=\"text-align:justify;text-indent:2em;\">\r\n	<span>证书编号：2015011606758508b &nbsp; &nbsp; &nbsp; &nbsp; &nbsp; &nbsp; &nbsp; &nbsp; &nbsp; &nbsp; &nbsp; &nbsp; &nbsp; &nbsp; &nbsp;&nbsp; &nbsp; &nbsp;证书状态：有效 &nbsp; &nbsp; &nbsp; &nbsp; &nbsp; &nbsp; &nbsp; &nbsp; &nbsp; &nbsp; &nbsp; &nbsp; &nbsp; &nbsp; &nbsp; &nbsp; &nbsp; &nbsp;申请人名称：惠州三星电子有限公司</span>\r\n</p>\r\n<p style=\"text-align:justify;text-indent:2em;\">\r\n	<span>制造商名称：惠州三星电子有限公司 &nbsp; &nbsp; &nbsp; &nbsp; &nbsp; &nbsp; &nbsp; &nbsp; &nbsp; &nbsp; &nbsp; &nbsp; &nbsp; &nbsp; &nbsp;&nbsp;产品名称：TD-LTE数字移动电<img src=\"http://192.168.2.100:8080/shopping/upload/store/32769/2016/04/04/6189422c-4677-4bc6-8745-79f401f64b03.jpg\" /><img src=\"http://192.168.2.100:8080/shopping/upload/store/32769/2016/04/04/175f5d19-c126-48cd-989e-82d6fa3237ae.jpg\" />话机 &nbsp; &nbsp; &nbsp; &nbsp; &nbsp;</span>\r\n</p>',NULL,998,'[]','Samsung三星 Galaxy S6 Edge SM-G9250手机7','2900.00','[]','',2,NULL,'',0,1,NULL,'all','','','2200.00','\0',NULL,NULL,NULL,NULL,0,0,0,0,0,0,77,NULL,426380,32769,NULL,0,0,1,NULL,0,0,0,'2200.00',NULL,'0.00','0.00','0.00',NULL,0,NULL,NULL,NULL,'5','\0',NULL,'\0',NULL),(98458,'2014-09-25 13:31:11','\0',50,'<p style=\"text-align:left;\">\r\n	<span>&nbsp;证书编号：2015011606818801 &nbsp; &nbsp; &nbsp;&nbsp;证书状态：有效 &nbsp; &nbsp; &nbsp; &nbsp; &nbsp;申请人名称：魅族科技（中国）有限公司</span>\r\n</p>\r\n<p style=\"text-align:left;\">\r\n	<span>&nbsp;制造商名称：魅族科技（中国）有限公司产品 &nbsp;&nbsp;名称：TD-LTE数字移动电话机 &nbsp; &nbsp; &nbsp;3C产品型号：M57AC</span>\r\n</p>\r\n<p style=\"text-align:left;\">\r\n	<span>&nbsp;产品名称：Meizu/魅族 &nbsp; &nbsp; &nbsp; &nbsp; &nbsp; &nbsp; &nbsp; &nbsp; &nbsp; &nbsp; &nbsp; &nbsp; &nbsp; &nbsp; &nbsp; &nbsp;CPU型号: 其他 &nbsp; &nbsp; &nbsp; &nbsp; &nbsp; &nbsp; &nbsp; &nbsp; &nbsp; &nbsp; &nbsp; &nbsp; &nbsp; &nbsp;魅族型号: 魅蓝metal电信版 &nbsp; &nbsp; &nbsp; &nbsp; &nbsp; &nbsp; &nbsp; &nbsp; &nbsp; &nbsp; &nbsp; &nbsp; &nbsp; &nbsp; &nbsp; &nbsp; &nbsp; &nbsp; &nbsp; &nbsp; &nbsp; &nbsp; &nbsp; &nbsp; &nbsp; &nbsp; &nbsp; &nbsp; &nbsp; &nbsp; &nbsp; &nbsp;机身颜色: 白色 &nbsp; &nbsp; &nbsp; &nbsp; &nbsp; &nbsp; &nbsp; &nbsp; &nbsp; &nbsp; &nbsp; &nbsp; &nbsp; &nbsp; &nbsp; &nbsp;运行内存RAM: 2GB &nbsp; &nbsp;&nbsp;机身内存: 16GB &nbsp; &nbsp; &nbsp;<img src=\"http://192.168.2.100:8080/shopping/upload/store/32769/2016/04/04/13c4e105-bf86-4ee9-ae14-aa5d6a76f9f9.jpg\" /><img src=\"http://192.168.2.100:8080/shopping/upload/store/32769/2016/04/04/fe46dffa-427d-443d-962a-c6c0a57e1421.png\" />网络模式: 双卡多模电池容量: 3100mAh</span>\r\n</p>\r\n<div>\r\n	<br />\r\n</div>',NULL,99,'[]','Meizu魅族 魅蓝metal电信版全网通手机','3000.00','[]','',1,NULL,'',0,1,NULL,'all','','','1999.00','\0',NULL,NULL,NULL,NULL,0,0,0,0,0,0,77,NULL,426374,32769,NULL,0,0,0,NULL,0,0,0,'1999.00',NULL,'0.00','0.00','0.00',4,0,NULL,NULL,NULL,'5','\0',NULL,'\0',NULL),(98459,'2014-09-25 13:57:23','\0',12,'',NULL,99,'[]','小米手机官网小米2s电池小米2s 电池正品小米2S原装电池小米2电池','199.00','[]','',1,NULL,'',-2,0,'0.10','all','小米电池','小米电池','99.00','\0',NULL,NULL,NULL,NULL,0,0,0,0,0,0,84,NULL,426002,32769,NULL,0,0,0,NULL,0,0,0,'99.00','0.10','20.00','15.00','10.00',NULL,0,NULL,NULL,NULL,'5','\0',NULL,'\0',NULL),(98460,'2015-03-01 12:18:42','\0',20,'<span style=\"line-height:1.5;background-color:#ffffff;font-family:tahoma, arial, 微软雅黑, sans-serif;color:#666666;\">货号:&nbsp;51151847 </span><span style=\"line-height:1.5;background-color:#ffffff;font-family:tahoma, arial, 微软雅黑, sans-serif;color:#666666;\">风格:&nbsp;甜美 </span><span style=\"line-height:1.5;background-color:#ffffff;font-family:tahoma, arial, 微软雅黑, sans-serif;color:#666666;\">材质成分:&nbsp;聚酯纤维100%</span><br />\r\n<span style=\"line-height:1.5;background-color:#ffffff;font-family:tahoma, arial, 微软雅黑, sans-serif;color:#666666;\">组合形式:&nbsp;单件 </span><span style=\"line-height:1.5;background-color:#ffffff;font-family:tahoma, arial, 微软雅黑, sans-serif;color:#666666;\">裙长:&nbsp;短裙 </span><span style=\"line-height:1.5;background-color:#ffffff;font-family:tahoma, arial, 微软雅黑, sans-serif;color:#666666;\">款式:&nbsp;其他/other</span><br />\r\n<span style=\"line-height:1.5;background-color:#ffffff;font-family:tahoma, arial, 微软雅黑, sans-serif;color:#666666;\">袖长:&nbsp;五分袖 </span><span style=\"line-height:1.5;background-color:#ffffff;font-family:tahoma, arial, 微软雅黑, sans-serif;color:#666666;\">领型:&nbsp;圆领 </span><span style=\"line-height:1.5;background-color:#ffffff;font-family:tahoma, arial, 微软雅黑, sans-serif;color:#666666;\">袖型:&nbsp;常规</span><br />\r\n<span style=\"line-height:1.5;background-color:#ffffff;font-family:tahoma, arial, 微软雅黑, sans-serif;color:#666666;\">腰型:&nbsp;宽松腰 </span><span style=\"line-height:1.5;background-color:#ffffff;font-family:tahoma, arial, 微软雅黑, sans-serif;color:#666666;\">衣门襟:&nbsp;套头 </span><span style=\"line-height:1.5;background-color:#ffffff;font-family:tahoma, arial, 微软雅黑, sans-serif;color:#666666;\">裙型:&nbsp;其他</span><br />\r\n<span style=\"line-height:1.5;background-color:#ffffff;font-family:tahoma, arial, 微软雅黑, sans-serif;color:#666666;\">图案:&nbsp;纯色 </span><span style=\"line-height:1.5;background-color:#ffffff;font-family:tahoma, arial, 微软雅黑, sans-serif;color:#666666;\">流行元素/工艺:&nbsp;绣花 </span><span style=\"line-height:1.5;background-color:#ffffff;font-family:tahoma, arial, 微软雅黑, sans-serif;color:#666666;\">品牌:&nbsp;裂帛</span><br />\r\n<span style=\"line-height:1.5;background-color:#ffffff;font-family:tahoma, arial, 微软雅黑, sans-serif;color:#666666;\">适用年龄:&nbsp;25-29周岁</span><br />\r\n<span style=\"line-height:1.5;background-color:#ffffff;font-family:tahoma, arial, 微软雅黑, sans-serif;color:#666666;\">年份季节:&nbsp;2016年夏季</span><br />\r\n<span style=\"line-height:1.5;background-color:#ffffff;font-family:tahoma, arial, 微软雅黑, sans-serif;color:#666666;\">颜色分类:&nbsp;粉色&nbsp;浅蓝色</span><br />\r\n<img src=\"http://192.168.2.102:8080/shopping/upload/store/1/2016/04/04/444ed816-9db0-456d-a28c-fcc7fc900097.jpg\" /><img src=\"http://192.168.2.102:8080/shopping/upload/store/1/2016/04/04/7409991b-ff7a-4481-8402-dbead4fc7285.jpg\" /><img src=\"http://192.168.2.102:8080/shopping/upload/store/1/2016/04/04/09ab7939-e4df-46fd-aadb-cad2911b2f00.jpg\" /><br />',NULL,200,'[]','裂帛2016夏装新款立体竖条装饰刺绣圆领中袖 A型连衣裙女51151847','439.00','[{\"val\":\"聚酯\",\"id\":\"2\",\"name\":\"材质\"}, {\"val\":\"短袖\",\"id\":\"1\",\"name\":\"款式\"}]','',0,NULL,'',0,1,'0.50','all','','','339.80','','2015-03-01 12:25:30',NULL,NULL,NULL,0,0,0,0,0,0,17,2,426342,1,NULL,0,0,0,NULL,0,0,0,'339.80',NULL,'0.00','0.00','0.00',NULL,0,NULL,NULL,NULL,NULL,'\0',NULL,'\0',NULL);

UNLOCK TABLES;

/*Table structure for table `shopping_goods_combin` */

DROP TABLE IF EXISTS `shopping_goods_combin`;

CREATE TABLE `shopping_goods_combin` (
  `shopping_goods_id` bigint(20) NOT NULL,
  `combin_goods_id` bigint(20) NOT NULL,
  KEY `FK367D9A66A4B76EC9` (`shopping_goods_id`),
  KEY `FK367D9A667125CE0B` (`combin_goods_id`),
  CONSTRAINT `FK367D9A667125CE0B` FOREIGN KEY (`combin_goods_id`) REFERENCES `shopping_goods` (`id`),
  CONSTRAINT `FK367D9A66A4B76EC9` FOREIGN KEY (`shopping_goods_id`) REFERENCES `shopping_goods` (`id`)
) ENGINE=InnoDB DEFAULT CHARSET=utf8;

/*Data for the table `shopping_goods_combin` */

LOCK TABLES `shopping_goods_combin` WRITE;

UNLOCK TABLES;

/*Table structure for table `shopping_goods_floor` */

DROP TABLE IF EXISTS `shopping_goods_floor`;

CREATE TABLE `shopping_goods_floor` (
  `id` bigint(20) NOT NULL AUTO_INCREMENT,
  `addTime` datetime DEFAULT NULL,
  `deleteStatus` bit(1) NOT NULL,
  `gf_css` varchar(255) DEFAULT NULL,
  `gf_display` bit(1) NOT NULL,
  `gf_goods_count` int(11) NOT NULL,
  `gf_level` int(11) NOT NULL,
  `gf_name` varchar(255) DEFAULT NULL,
  `gf_sequence` int(11) NOT NULL,
  `parent_id` bigint(20) DEFAULT NULL,
  `gf_gc_goods` longtext,
  `gf_gc_list` longtext,
  `gf_left_adv` longtext,
  `gf_list_goods` longtext,
  `gf_right_adv` longtext,
  `gf_brand_list` longtext,
  PRIMARY KEY (`id`),
  UNIQUE KEY `id` (`id`),
  KEY `FKA714398C8387AA4E` (`parent_id`),
  CONSTRAINT `FKA714398C8387AA4E` FOREIGN KEY (`parent_id`) REFERENCES `shopping_goods_floor` (`id`)
) ENGINE=InnoDB AUTO_INCREMENT=131082 DEFAULT CHARSET=utf8;

/*Data for the table `shopping_goods_floor` */

LOCK TABLES `shopping_goods_floor` WRITE;

insert  into `shopping_goods_floor`(`id`,`addTime`,`deleteStatus`,`gf_css`,`gf_display`,`gf_goods_count`,`gf_level`,`gf_name`,`gf_sequence`,`parent_id`,`gf_gc_goods`,`gf_gc_list`,`gf_left_adv`,`gf_list_goods`,`gf_right_adv`,`gf_brand_list`) values (2,'2014-02-22 21:44:30','\0','floor_orange','',0,0,'流行服饰',0,NULL,NULL,'[{\"gc_id6\":\"10\",\"gc_count\":6,\"gc_id1\":\"8\",\"pid\":\"2\",\"gc_id4\":\"6\",\"gc_id5\":\"9\",\"gc_id2\":\"5\",\"gc_id3\":\"7\"}, {\"gc_id6\":\"18\",\"gc_count\":6,\"gc_id1\":\"13\",\"pid\":\"3\",\"gc_id4\":\"16\",\"gc_id5\":\"17\",\"gc_id2\":\"14\",\"gc_id3\":\"15\"}, {\"gc_id6\":\"20\",\"gc_count\":6,\"gc_id1\":\"19\",\"pid\":\"4\",\"gc_id4\":\"23\",\"gc_id5\":\"24\",\"gc_id2\":\"21\",\"gc_id3\":\"22\"}]','{\"acc_url\":\"\",\"adv_id\":\"2\",\"acc_id\":\"\"}','{\"goods_id4\":\"98308\",\"goods_id5\":\"65539\",\"goods_id3\":\"98307\",\"goods_id2\":\"65538\",\"goods_id1\":\"65537\",\"list_title\":\"商品排行\"}','{\"acc_url\":\"#\",\"adv_id\":\"\",\"acc_id\":327682}','{\"brand_id9\":\"4\",\"brand_id8\":\"7\",\"brand_id7\":\"3\",\"brand_id6\":\"2\",\"brand_id5\":\"1\",\"brand_id4\":\"6\",\"brand_id3\":\"5\",\"brand_id1\":\"8\",\"brand_id2\":\"9\"}'),(32768,'2014-02-22 22:08:01','\0','','',0,1,'男装',0,2,'{\"goods_id6\":\"8\",\"goods_id7\":\"4\",\"goods_id4\":\"3\",\"goods_id5\":\"32768\",\"goods_id8\":\"7\",\"goods_id9\":\"6\",\"goods_id3\":\"32769\",\"goods_id2\":\"9\",\"goods_id10\":\"5\",\"goods_id1\":\"1\"}',NULL,NULL,NULL,NULL,NULL),(65536,'2014-02-22 22:21:30','\0','','',0,1,'女装',1,2,'{\"goods_id6\":\"98304\",\"goods_id7\":\"65536\",\"goods_id4\":\"98307\",\"goods_id5\":\"98305\",\"goods_id8\":\"65537\",\"goods_id9\":\"65540\",\"goods_id3\":\"98306\",\"goods_id2\":\"65538\",\"goods_id10\":\"65539\",\"goods_id1\":\"98308\"}',NULL,NULL,NULL,NULL,NULL),(98304,'2014-02-25 11:33:09','\0','floor_blue','',0,0,'家电数码',2,NULL,NULL,'[{\"gc_count\":4,\"gc_id1\":\"75\",\"pid\":\"70\",\"gc_id4\":\"78\",\"gc_id2\":\"76\",\"gc_id3\":\"77\"}, {\"gc_id6\":\"87\",\"gc_id7\":\"88\",\"gc_count\":7,\"gc_id1\":\"65542\",\"pid\":\"73\",\"gc_id4\":\"85\",\"gc_id5\":\"86\",\"gc_id2\":\"83\",\"gc_id3\":\"84\"}, {\"gc_id6\":\"94\",\"gc_count\":6,\"gc_id1\":\"89\",\"pid\":\"74\",\"gc_id4\":\"92\",\"gc_id5\":\"93\",\"gc_id2\":\"90\",\"gc_id3\":\"91\"}]','{\"acc_url\":\"\",\"adv_id\":\"32770\",\"acc_id\":\"\"}','{\"goods_id6\":\"98451\",\"goods_id4\":\"98448\",\"goods_id5\":\"98447\",\"goods_id3\":\"98449\",\"goods_id2\":\"98456\",\"goods_id1\":\"98454\",\"list_title\":\"商品排行\"}','{\"acc_url\":\"#\",\"adv_id\":\"\",\"acc_id\":360449}','{\"brand_id9\":\"11\",\"brand_id8\":\"8\",\"brand_id7\":\"7\",\"brand_id6\":\"5\",\"brand_id5\":\"6\",\"brand_id4\":\"2\",\"brand_id3\":\"3\",\"brand_id1\":\"14\",\"brand_id2\":\"13\"}'),(131072,'2014-02-25 17:49:51','\0','','',0,1,'手机',0,98304,'{\"goods_id6\":\"98409\",\"goods_id7\":\"98401\",\"goods_id4\":\"98413\",\"goods_id5\":\"98411\",\"goods_id8\":\"98403\",\"goods_id9\":\"98407\",\"goods_id3\":\"98414\",\"goods_id2\":\"98415\",\"goods_id10\":\"98405\",\"goods_id1\":\"98416\"}',NULL,NULL,NULL,NULL,NULL),(131073,'2014-02-25 17:51:17','\0','floor_green','',0,0,'鞋包配饰',1,NULL,NULL,'[{\"gc_count\":4,\"gc_id1\":\"31\",\"pid\":\"27\",\"gc_id4\":\"30\",\"gc_id2\":\"32\",\"gc_id3\":\"33\"}, {\"gc_count\":5,\"gc_id1\":\"40\",\"pid\":\"28\",\"gc_id4\":\"43\",\"gc_id5\":\"44\",\"gc_id2\":\"41\",\"gc_id3\":\"42\"}, {\"gc_id8\":\"49\",\"gc_id6\":\"47\",\"gc_id7\":\"48\",\"gc_count\":8,\"gc_id1\":\"65536\",\"pid\":\"29\",\"gc_id4\":\"45\",\"gc_id5\":\"46\",\"gc_id2\":\"65537\",\"gc_id3\":\"65538\"}]','{\"acc_url\":\"\",\"adv_id\":\"32769\",\"acc_id\":\"\"}','{\"goods_id6\":\"98382\",\"goods_id4\":\"98391\",\"goods_id5\":\"98410\",\"goods_id3\":\"98406\",\"goods_id2\":\"98408\",\"goods_id1\":\"98402\",\"list_title\":\"商品排行\"}','{\"acc_url\":\"#\",\"adv_id\":\"\",\"acc_id\":360448}','{\"brand_id9\":\"1\",\"brand_id8\":\"2\",\"brand_id7\":\"4\",\"brand_id6\":\"3\",\"brand_id5\":\"10\",\"brand_id4\":\"9\",\"brand_id3\":\"5\",\"brand_id1\":\"6\",\"brand_id2\":\"7\"}'),(131074,'2014-02-25 17:53:41','\0',NULL,'',0,1,'男鞋',0,131073,'{\"goods_id6\":\"98326\",\"goods_id7\":\"98325\",\"goods_id4\":\"98329\",\"goods_id5\":\"98328\",\"goods_id8\":\"98322\",\"goods_id9\":\"98320\",\"goods_id3\":\"98331\",\"goods_id2\":\"98333\",\"goods_id10\":\"98319\",\"goods_id1\":\"98408\"}',NULL,NULL,NULL,NULL,NULL),(131075,'2014-02-25 17:57:12','\0',NULL,'',0,1,'女鞋',1,131073,'{\"goods_id6\":\"98341\",\"goods_id7\":\"98337\",\"goods_id4\":\"98346\",\"goods_id5\":\"98335\",\"goods_id8\":\"98340\",\"goods_id9\":\"98357\",\"goods_id3\":\"98359\",\"goods_id2\":\"98360\",\"goods_id10\":\"98344\",\"goods_id1\":\"98361\"}',NULL,NULL,NULL,NULL,NULL),(131076,'2014-02-25 17:57:30','\0',NULL,'',0,1,'数码',1,98304,'{\"goods_id6\":\"98442\",\"goods_id7\":\"98441\",\"goods_id4\":\"98444\",\"goods_id5\":\"98443\",\"goods_id8\":\"98440\",\"goods_id9\":\"98439\",\"goods_id3\":\"98445\",\"goods_id2\":\"98446\",\"goods_id10\":\"98428\",\"goods_id1\":\"98447\"}',NULL,NULL,NULL,NULL,NULL),(131077,'2014-02-25 18:02:45','\0',NULL,'',0,1,'其他',2,98304,'{\"goods_id6\":\"98428\",\"goods_id7\":\"98409\",\"goods_id4\":\"98424\",\"goods_id5\":\"98422\",\"goods_id8\":\"98417\",\"goods_id9\":\"98438\",\"goods_id3\":\"98436\",\"goods_id2\":\"98454\",\"goods_id10\":\"98437\",\"goods_id1\":\"98448\"}',NULL,NULL,NULL,NULL,NULL),(131078,'2014-02-25 18:07:11','\0','floor_purple','',0,0,'运动户外',3,NULL,NULL,'[{\"gc_count\":3,\"gc_id1\":\"54\",\"pid\":\"51\",\"gc_id2\":\"55\",\"gc_id3\":\"56\"}, {\"gc_id8\":\"63\",\"gc_id6\":\"61\",\"gc_id7\":\"62\",\"gc_count\":8,\"gc_id1\":\"65539\",\"pid\":\"52\",\"gc_id4\":\"59\",\"gc_id5\":\"60\",\"gc_id2\":\"57\",\"gc_id3\":\"58\"}, {\"gc_id6\":\"68\",\"gc_count\":6,\"gc_id1\":\"65540\",\"pid\":\"53\",\"gc_id4\":\"66\",\"gc_id5\":\"67\",\"gc_id2\":\"65541\",\"gc_id3\":\"64\"}]','{\"acc_url\":\"\",\"adv_id\":\"32770\",\"acc_id\":\"\"}','{\"goods_id6\":\"98393\",\"goods_id4\":\"98400\",\"goods_id5\":\"98383\",\"goods_id3\":\"98397\",\"goods_id2\":\"98395\",\"goods_id1\":\"98374\",\"list_title\":\"商品排行\"}','{\"acc_url\":\"#\",\"adv_id\":\"\",\"acc_id\":360450}','{\"brand_id9\":\"6\",\"brand_id8\":\"1\",\"brand_id7\":\"5\",\"brand_id6\":\"2\",\"brand_id5\":\"7\",\"brand_id10\":\"14\",\"brand_id4\":\"3\",\"brand_id11\":\"13\",\"brand_id3\":\"4\",\"brand_id1\":\"10\",\"brand_id2\":\"8\"}'),(131079,'2014-02-25 18:07:32','\0',NULL,'',0,1,'鞋服',0,131078,'{\"goods_id6\":\"98345\",\"goods_id7\":\"98347\",\"goods_id4\":\"98352\",\"goods_id5\":\"98351\",\"goods_id8\":\"98348\",\"goods_id9\":\"98375\",\"goods_id3\":\"98353\",\"goods_id2\":\"98354\",\"goods_id10\":\"98322\",\"goods_id1\":\"98355\"}',NULL,NULL,NULL,NULL,NULL),(131080,'2014-02-25 18:07:40','\0','','',0,1,'装备',1,131078,'{\"goods_id6\":\"98358\",\"goods_id7\":\"98363\",\"goods_id4\":\"98366\",\"goods_id5\":\"98362\",\"goods_id8\":\"98369\",\"goods_id9\":\"98365\",\"goods_id3\":\"98368\",\"goods_id2\":\"98364\",\"goods_id10\":\"98371\",\"goods_id1\":\"98374\"}',NULL,NULL,NULL,NULL,NULL),(131081,'2014-02-25 18:07:49','\0','','',0,1,'杂项',2,131078,'{\"goods_id6\":\"98388\",\"goods_id7\":\"98385\",\"goods_id4\":\"98393\",\"goods_id5\":\"98390\",\"goods_id8\":\"98383\",\"goods_id9\":\"98379\",\"goods_id3\":\"98395\",\"goods_id2\":\"98397\",\"goods_id10\":\"98376\",\"goods_id1\":\"98400\"}',NULL,NULL,NULL,NULL,NULL);

UNLOCK TABLES;

/*Table structure for table `shopping_goods_photo` */

DROP TABLE IF EXISTS `shopping_goods_photo`;

CREATE TABLE `shopping_goods_photo` (
  `goods_id` bigint(20) NOT NULL,
  `photo_id` bigint(20) NOT NULL,
  KEY `FKA79F53B2339519D2` (`goods_id`),
  KEY `FKA79F53B22D77C132` (`photo_id`),
  CONSTRAINT `FKA79F53B22D77C132` FOREIGN KEY (`photo_id`) REFERENCES `shopping_accessory` (`id`),
  CONSTRAINT `FKA79F53B2339519D2` FOREIGN KEY (`goods_id`) REFERENCES `shopping_goods` (`id`)
) ENGINE=InnoDB DEFAULT CHARSET=utf8;

/*Data for the table `shopping_goods_photo` */

LOCK TABLES `shopping_goods_photo` WRITE;

insert  into `shopping_goods_photo`(`goods_id`,`photo_id`) values (98459,426004),(98459,426000),(98459,426001),(98459,426003),(98390,426185),(98410,426318),(98410,426317),(98410,426312),(98410,426311),(98412,426322),(98412,426323),(98412,426321),(98412,426320),(98314,426328),(98314,426327),(98314,426326),(98314,426325),(98406,426334),(98406,426329),(98406,426332),(98406,426331),(98455,426351),(98455,426350),(98455,426349),(98342,426357),(98342,426356),(98342,426355),(98342,426354),(65536,426362),(65536,426361),(65536,426360),(65536,426359),(98453,426373),(98453,426372),(98453,426371),(98453,426370),(98458,426379),(98458,426378),(98458,426377),(98458,426376),(98457,426384),(98457,426383),(98457,426382),(98457,426381),(98456,426336),(98456,426337),(98456,426338),(98456,426340),(98460,426345),(98460,426341),(98460,426344),(98460,426343),(98454,426364),(98454,426365),(98454,426367),(98454,426368),(98321,426389),(98321,426388),(98321,426387),(98344,426394),(98344,426393),(98344,426392),(98344,426391),(98358,426398),(98358,426397),(98358,426396),(3,426404),(3,426403),(1,426407),(1,426406),(9,426410),(9,426409),(32768,426417),(32768,426416),(8,426421),(8,426420),(8,426419),(4,426424),(4,426423),(7,426427),(7,426426),(32769,426431),(32769,426430),(32769,426429),(5,426434),(5,426433),(98308,426439),(98308,426438),(98308,426437),(65538,426443),(65538,426442),(65538,426441),(98307,426446),(98307,426445),(98305,426449),(98305,426447),(98304,426452),(98304,426451),(65537,426455),(65537,426454),(65540,426458),(65540,426457),(65540,426456),(65539,426463),(65539,426462),(65539,426461),(98408,426467),(98408,426464),(98408,426466),(98333,426470),(98333,426469),(98331,426473),(98331,426472),(98328,426476),(98328,426475),(98326,426478),(98326,426477),(98325,426482),(98325,426481),(98319,426486),(98319,426485),(98322,426489),(98322,426488),(98337,426493),(98337,426492),(98337,426491),(98346,426497),(98346,426496),(98346,426495);

UNLOCK TABLES;

/*Table structure for table `shopping_goods_return` */

DROP TABLE IF EXISTS `shopping_goods_return`;

CREATE TABLE `shopping_goods_return` (
  `id` bigint(20) NOT NULL AUTO_INCREMENT,
  `addTime` datetime DEFAULT NULL,
  `deleteStatus` bit(1) NOT NULL,
  `return_id` varchar(255) DEFAULT NULL,
  `return_info` longtext,
  `of_id` bigint(20) DEFAULT NULL,
  `user_id` bigint(20) DEFAULT NULL,
  PRIMARY KEY (`id`),
  KEY `FKD3121FCA537B6C51` (`user_id`),
  KEY `FKD3121FCA9F21119E` (`of_id`),
  KEY `FK4F8CD7B01E208F02` (`user_id`),
  KEY `FK4F8CD7B0E66AF58D` (`of_id`),
  CONSTRAINT `FK4F8CD7B01E208F02` FOREIGN KEY (`user_id`) REFERENCES `shopping_user` (`id`),
  CONSTRAINT `FK4F8CD7B0E66AF58D` FOREIGN KEY (`of_id`) REFERENCES `shopping_orderform` (`id`),
  CONSTRAINT `FKD3121FCA537B6C51` FOREIGN KEY (`user_id`) REFERENCES `shopping_user` (`id`),
  CONSTRAINT `FKD3121FCA9F21119E` FOREIGN KEY (`of_id`) REFERENCES `shopping_orderform` (`id`)
) ENGINE=InnoDB AUTO_INCREMENT=2 DEFAULT CHARSET=utf8;

/*Data for the table `shopping_goods_return` */

LOCK TABLES `shopping_goods_return` WRITE;

insert  into `shopping_goods_return`(`id`,`addTime`,`deleteStatus`,`return_id`,`return_info`,`of_id`,`user_id`) values (1,'2014-09-18 17:33:16','\0','201409181733161','',1,32768);

UNLOCK TABLES;

/*Table structure for table `shopping_goods_returnitem` */

DROP TABLE IF EXISTS `shopping_goods_returnitem`;

CREATE TABLE `shopping_goods_returnitem` (
  `id` bigint(20) NOT NULL AUTO_INCREMENT,
  `addTime` datetime DEFAULT NULL,
  `deleteStatus` bit(1) NOT NULL,
  `count` int(11) NOT NULL,
  `spec_info` longtext,
  `goods_id` bigint(20) DEFAULT NULL,
  `gr_id` bigint(20) DEFAULT NULL,
  PRIMARY KEY (`id`),
  KEY `FKBA3AA5DD79982ABE` (`gr_id`),
  KEY `FKBA3AA5DDA995E663` (`goods_id`),
  KEY `FK892AFAC315F8CEED` (`gr_id`),
  KEY `FK892AFAC3339519D2` (`goods_id`),
  CONSTRAINT `FK892AFAC315F8CEED` FOREIGN KEY (`gr_id`) REFERENCES `shopping_goods_return` (`id`),
  CONSTRAINT `FK892AFAC3339519D2` FOREIGN KEY (`goods_id`) REFERENCES `shopping_goods` (`id`),
  CONSTRAINT `FKBA3AA5DD79982ABE` FOREIGN KEY (`gr_id`) REFERENCES `shopping_goods_return` (`id`),
  CONSTRAINT `FKBA3AA5DDA995E663` FOREIGN KEY (`goods_id`) REFERENCES `shopping_goods` (`id`)
) ENGINE=InnoDB AUTO_INCREMENT=2 DEFAULT CHARSET=utf8;

/*Data for the table `shopping_goods_returnitem` */

LOCK TABLES `shopping_goods_returnitem` WRITE;

insert  into `shopping_goods_returnitem`(`id`,`addTime`,`deleteStatus`,`count`,`spec_info`,`goods_id`,`gr_id`) values (1,'2014-09-18 17:33:17','\0',1,'颜色:白色 尺码:均码 ',98412,1);

UNLOCK TABLES;

/*Table structure for table `shopping_goods_returnlog` */

DROP TABLE IF EXISTS `shopping_goods_returnlog`;

CREATE TABLE `shopping_goods_returnlog` (
  `id` bigint(20) NOT NULL AUTO_INCREMENT,
  `addTime` datetime DEFAULT NULL,
  `deleteStatus` bit(1) NOT NULL,
  `gr_id` bigint(20) DEFAULT NULL,
  `of_id` bigint(20) DEFAULT NULL,
  `return_user_id` bigint(20) DEFAULT NULL,
  PRIMARY KEY (`id`),
  KEY `FK8A22F73A79982ABE` (`gr_id`),
  KEY `FK8A22F73A95A12042` (`return_user_id`),
  KEY `FK8A22F73A9F21119E` (`of_id`),
  KEY `FK57016D9415F8CEED` (`gr_id`),
  KEY `FK57016D94604642F3` (`return_user_id`),
  KEY `FK57016D94E66AF58D` (`of_id`),
  CONSTRAINT `FK57016D9415F8CEED` FOREIGN KEY (`gr_id`) REFERENCES `shopping_goods_return` (`id`),
  CONSTRAINT `FK57016D94604642F3` FOREIGN KEY (`return_user_id`) REFERENCES `shopping_user` (`id`),
  CONSTRAINT `FK57016D94E66AF58D` FOREIGN KEY (`of_id`) REFERENCES `shopping_orderform` (`id`),
  CONSTRAINT `FK8A22F73A79982ABE` FOREIGN KEY (`gr_id`) REFERENCES `shopping_goods_return` (`id`),
  CONSTRAINT `FK8A22F73A95A12042` FOREIGN KEY (`return_user_id`) REFERENCES `shopping_user` (`id`),
  CONSTRAINT `FK8A22F73A9F21119E` FOREIGN KEY (`of_id`) REFERENCES `shopping_orderform` (`id`)
) ENGINE=InnoDB AUTO_INCREMENT=2 DEFAULT CHARSET=utf8;

/*Data for the table `shopping_goods_returnlog` */

LOCK TABLES `shopping_goods_returnlog` WRITE;

insert  into `shopping_goods_returnlog`(`id`,`addTime`,`deleteStatus`,`gr_id`,`of_id`,`return_user_id`) values (1,'2014-09-18 17:33:17','\0',1,1,32768);

UNLOCK TABLES;

/*Table structure for table `shopping_goods_spec` */

DROP TABLE IF EXISTS `shopping_goods_spec`;

CREATE TABLE `shopping_goods_spec` (
  `goods_id` bigint(20) NOT NULL,
  `spec_id` bigint(20) NOT NULL,
  KEY `FKC359323B339519D2` (`goods_id`),
  KEY `FKC359323B188F11D` (`spec_id`),
  CONSTRAINT `FKC359323B188F11D` FOREIGN KEY (`spec_id`) REFERENCES `shopping_goodsspecproperty` (`id`),
  CONSTRAINT `FKC359323B339519D2` FOREIGN KEY (`goods_id`) REFERENCES `shopping_goods` (`id`)
) ENGINE=InnoDB DEFAULT CHARSET=utf8;

/*Data for the table `shopping_goods_spec` */

LOCK TABLES `shopping_goods_spec` WRITE;

insert  into `shopping_goods_spec`(`goods_id`,`spec_id`) values (98359,6),(98359,5),(98359,4),(98359,3),(98359,2),(98359,1),(98357,5),(98357,4),(98357,3),(98357,2),(98357,1),(98335,32772),(98335,32771),(98335,32769),(98335,32768),(98335,6),(98335,5),(98335,4),(98335,3),(98335,2),(98335,1),(98329,8),(98329,7),(98329,6),(98329,5),(98329,4),(98329,3),(98320,32773),(98320,32768),(98320,8),(98320,7),(98320,6),(98320,5),(98320,4),(98320,3),(98318,14),(98317,32773),(98317,32772),(98317,32771),(98317,32769),(98317,14),(98316,14),(98315,14),(98313,14),(98312,14),(98311,14),(98310,14),(98309,32774),(98309,32772),(98309,32769),(98309,32768),(98309,14),(98306,14),(6,14),(98410,32772),(98410,32768),(98410,20),(98410,19),(98410,18),(98410,17),(98412,32771),(98412,32768),(98412,20),(98412,19),(98412,18),(98412,17),(65536,32773),(65536,32768),(65536,20),(65536,19),(65536,18),(65536,17),(98453,32773),(98453,32771),(98453,20),(98453,19),(98453,18),(98453,17),(98460,32773),(98460,32770),(98460,21),(98460,20),(98454,32771),(98454,32768),(98454,19),(98454,18),(98454,17),(98454,16),(98321,32772),(98321,32769),(98321,8),(98321,7),(98321,6),(98321,5),(98321,4),(98321,3),(98344,5),(98344,4),(98344,3),(98344,2),(98344,1),(3,32774),(3,32769),(3,20),(3,19),(3,16),(3,15),(3,14),(1,32773),(1,32768),(1,21),(1,20),(1,19),(9,32768),(9,21),(9,20),(9,19),(9,18),(32768,22),(32768,21),(32768,20),(8,32773),(8,32772),(8,32769),(8,14),(4,32773),(4,32769),(4,14),(7,14),(32769,22),(32769,21),(32769,20),(32769,19),(5,14),(65538,32768),(65538,19),(65538,18),(65538,17),(98307,32768),(98307,19),(98307,18),(98307,17),(98307,16),(98305,32771),(98305,32768),(98305,19),(98305,18),(98305,17),(98304,32772),(98304,32768),(98304,20),(98304,19),(98304,18),(98304,17),(65537,32768),(65537,20),(65537,19),(65537,18),(65537,17),(65540,32768),(65540,20),(65540,19),(65540,18),(65540,17),(65540,16),(65539,32773),(65539,32772),(65539,32770),(65539,21),(65539,20),(65539,19),(65539,18),(65539,17),(98408,32773),(98408,32769),(98408,8),(98408,7),(98408,6),(98408,5),(98408,4),(98408,3),(98408,2),(98333,32772),(98333,32769),(98333,6),(98333,5),(98333,4),(98333,3),(98331,8),(98331,7),(98331,6),(98331,5),(98331,4),(98331,3),(98331,2),(98328,32772),(98328,32769),(98328,32768),(98328,8),(98328,7),(98328,6),(98328,5),(98328,4),(98328,3),(98326,8),(98326,7),(98326,6),(98326,5),(98326,4),(98326,3),(98326,2),(98325,32772),(98325,32769),(98325,32768),(98325,9),(98325,8),(98325,7),(98325,4),(98325,3),(98325,2),(98319,9),(98319,8),(98319,7),(98319,6),(98319,5),(98319,4),(98319,3),(98319,2),(98322,32769),(98322,9),(98322,8),(98322,4),(98322,3),(98337,4),(98337,3),(98337,2),(98337,1),(98346,32772),(98346,32769),(98346,32768),(98346,7),(98346,6),(98346,5),(98346,4),(98346,3),(98346,2),(98346,1);

UNLOCK TABLES;

/*Table structure for table `shopping_goods_ugc` */

DROP TABLE IF EXISTS `shopping_goods_ugc`;

CREATE TABLE `shopping_goods_ugc` (
  `goods_id` bigint(20) NOT NULL,
  `class_id` bigint(20) NOT NULL,
  KEY `FK64D399181752657` (`class_id`),
  KEY `FK64D3991339519D2` (`goods_id`),
  CONSTRAINT `FK64D3991339519D2` FOREIGN KEY (`goods_id`) REFERENCES `shopping_goods` (`id`),
  CONSTRAINT `FK64D399181752657` FOREIGN KEY (`class_id`) REFERENCES `shopping_usergoodsclass` (`id`)
) ENGINE=InnoDB DEFAULT CHARSET=utf8;

/*Data for the table `shopping_goods_ugc` */

LOCK TABLES `shopping_goods_ugc` WRITE;

insert  into `shopping_goods_ugc`(`goods_id`,`class_id`) values (98451,9),(98459,32776),(98452,9),(98450,9),(98449,9),(98448,9),(98447,9),(98446,9),(98445,9),(98444,9),(98443,9),(98442,9),(98441,9),(98440,9),(98439,9),(98438,9),(98433,10),(98432,10),(98431,10),(98430,10),(98429,10),(98416,11),(98415,11),(98414,11),(98413,11),(98411,11),(98409,11),(98407,11),(98405,11),(98404,12),(98403,11),(98402,32769),(98401,11),(98400,16),(98399,32769),(98397,16),(98398,32769),(98396,32769),(98395,16),(98393,16),(98389,32769),(98388,16),(98390,16),(98387,32769),(98385,16),(98394,32769),(98386,32768),(98384,32768),(98383,16),(98382,32768),(98381,32768),(98380,32768),(98379,16),(98378,32768),(98377,32768),(98376,16),(98375,32768),(98374,15),(98373,32768),(98372,32768),(98371,15),(98370,32768),(98369,15),(98368,15),(98367,32768),(98366,15),(98365,15),(98364,15),(98363,15),(98362,15),(98360,8),(98359,8),(98357,8),(98354,8),(98353,7),(98352,8),(98350,7),(98349,7),(98348,8),(98343,7),(98341,8),(98340,8),(98338,3),(98336,3),(98335,8),(98334,2),(98332,2),(98329,7),(98327,3),(98323,14),(98320,7),(98317,4),(98316,4),(98315,4),(98313,4),(98312,4),(98311,4),(98310,4),(98309,4),(98306,3),(98391,32769),(6,2),(98330,3),(98345,8),(98347,8),(98351,8),(98410,3),(98412,3),(98314,4),(98406,32769),(98455,9),(98342,2),(65536,3),(98453,9),(98458,32775),(98456,9),(98460,3),(98454,9),(98321,7),(98344,8),(98358,15),(3,2),(1,2),(9,2),(32768,2),(8,2),(4,2),(7,2),(32769,2),(5,2),(98308,3),(65538,3),(98307,3),(98305,3),(98304,3),(65537,3),(65540,3),(65539,3),(98408,7),(98333,7),(98331,7),(98328,7),(98326,7),(98325,7),(98319,7),(98322,7),(98337,8),(98346,8);

UNLOCK TABLES;

/*Table structure for table `shopping_goodsbrand` */

DROP TABLE IF EXISTS `shopping_goodsbrand`;

CREATE TABLE `shopping_goodsbrand` (
  `id` bigint(20) NOT NULL AUTO_INCREMENT,
  `addTime` datetime DEFAULT NULL,
  `deleteStatus` bit(1) NOT NULL,
  `audit` bit(1) NOT NULL,
  `name` varchar(255) DEFAULT NULL,
  `recommend` bit(1) NOT NULL,
  `sequence` int(11) NOT NULL,
  `brandLogo_id` bigint(20) DEFAULT NULL,
  `category_id` bigint(20) DEFAULT NULL,
  `remark` longtext,
  `userStatus` int(11) DEFAULT '0',
  `user_id` bigint(20) DEFAULT NULL,
  `weixin_shop_recommend` bit(1) DEFAULT b'0',
  `weixin_shop_recommendTime` date DEFAULT NULL,
  `first_word` varchar(255) DEFAULT NULL,
  PRIMARY KEY (`id`),
  KEY `FK380F53C292ACC22` (`category_id`),
  KEY `FK380F53C25F95F5C3` (`brandLogo_id`),
  KEY `FK380F53C2537B6C51` (`user_id`),
  KEY `FKC382CD281E208F02` (`user_id`),
  KEY `FKC382CD2813E0E513` (`category_id`),
  KEY `FKC382CD28A6DFD9B2` (`brandLogo_id`),
  CONSTRAINT `FK380F53C2537B6C51` FOREIGN KEY (`user_id`) REFERENCES `shopping_user` (`id`),
  CONSTRAINT `FK380F53C25F95F5C3` FOREIGN KEY (`brandLogo_id`) REFERENCES `shopping_accessory` (`id`),
  CONSTRAINT `FK380F53C292ACC22` FOREIGN KEY (`category_id`) REFERENCES `shopping_brandcategory` (`id`),
  CONSTRAINT `FKC382CD2813E0E513` FOREIGN KEY (`category_id`) REFERENCES `shopping_brandcategory` (`id`),
  CONSTRAINT `FKC382CD281E208F02` FOREIGN KEY (`user_id`) REFERENCES `shopping_user` (`id`),
  CONSTRAINT `FKC382CD28A6DFD9B2` FOREIGN KEY (`brandLogo_id`) REFERENCES `shopping_accessory` (`id`)
) ENGINE=InnoDB AUTO_INCREMENT=15 DEFAULT CHARSET=utf8;

/*Data for the table `shopping_goodsbrand` */

LOCK TABLES `shopping_goodsbrand` WRITE;

insert  into `shopping_goodsbrand`(`id`,`addTime`,`deleteStatus`,`audit`,`name`,`recommend`,`sequence`,`brandLogo_id`,`category_id`,`remark`,`userStatus`,`user_id`,`weixin_shop_recommend`,`weixin_shop_recommendTime`,`first_word`) values (1,'2013-12-24 09:50:45','\0','','波司登','',0,32775,1,NULL,0,NULL,'','2015-03-01','B'),(2,'2013-12-24 09:51:42','\0','','马克华菲','',1,32776,1,NULL,0,NULL,'','2015-03-01','M'),(3,'2013-12-24 09:51:57','\0','','七匹狼','',2,32777,1,NULL,0,NULL,'','2015-03-01','Q'),(4,'2013-12-24 09:59:10','\0','','韩都衣舍','',3,32778,2,NULL,0,NULL,'','2015-03-01','H'),(5,'2013-12-24 10:02:21','\0','','大嘴猴','',4,32779,2,NULL,0,NULL,'','2015-03-01','D'),(6,'2013-12-24 10:02:45','\0','','欧时力','',5,32780,2,NULL,0,NULL,'','2015-03-01','O'),(7,'2013-12-24 10:03:16','\0','','ONLY','',6,32781,2,NULL,0,NULL,'','2015-03-01','O'),(8,'2013-12-24 10:04:10','\0','','OSA/欧莎','',7,32782,2,NULL,0,NULL,'','2015-03-01','O'),(9,'2013-12-24 10:07:10','\0','','三星','',8,32783,3,NULL,0,NULL,'','2015-03-01','S'),(10,'2013-12-24 10:07:30','\0','','HTC','',9,32784,3,NULL,0,NULL,'','2015-03-01','H'),(11,'2013-12-24 10:09:05','\0','','耐克','',10,32785,4,NULL,0,NULL,'','2015-03-01','N'),(12,'2013-12-24 10:09:36','\0','','Speedo/速比涛','',11,32786,4,NULL,0,NULL,'','2015-03-01','S'),(13,'2013-12-24 10:10:22','\0','','Toread/探路者','',12,32787,4,NULL,0,NULL,'\0',NULL,'T'),(14,'2013-12-24 10:15:17','\0','','联想','',13,32788,3,NULL,0,NULL,'\0',NULL,'L');

UNLOCK TABLES;

/*Table structure for table `shopping_goodscart` */

DROP TABLE IF EXISTS `shopping_goodscart`;

CREATE TABLE `shopping_goodscart` (
  `id` bigint(20) NOT NULL AUTO_INCREMENT,
  `addTime` datetime DEFAULT NULL,
  `deleteStatus` bit(1) NOT NULL,
  `count` int(11) NOT NULL,
  `price` decimal(12,2) DEFAULT NULL,
  `spec_info` longtext,
  `goods_id` bigint(20) DEFAULT NULL,
  `of_id` bigint(20) DEFAULT NULL,
  `cart_type` varchar(255) DEFAULT NULL,
  `sc_id` bigint(20) DEFAULT NULL,
  PRIMARY KEY (`id`),
  KEY `FK6D29FF859F21119E` (`of_id`),
  KEY `FK64EC15F339519D2` (`goods_id`),
  KEY `FK64EC15F62D0D4E3` (`sc_id`),
  CONSTRAINT `FK64EC15F339519D2` FOREIGN KEY (`goods_id`) REFERENCES `shopping_goods` (`id`),
  CONSTRAINT `FK64EC15F62D0D4E3` FOREIGN KEY (`sc_id`) REFERENCES `shopping_storecart` (`id`),
  CONSTRAINT `FK6D29FF859F21119E` FOREIGN KEY (`of_id`) REFERENCES `shopping_orderform` (`id`)
) ENGINE=InnoDB AUTO_INCREMENT=229692 DEFAULT CHARSET=utf8;

/*Data for the table `shopping_goodscart` */

LOCK TABLES `shopping_goodscart` WRITE;

insert  into `shopping_goodscart`(`id`,`addTime`,`deleteStatus`,`count`,`price`,`spec_info`,`goods_id`,`of_id`,`cart_type`,`sc_id`) values (1,'2014-01-02 12:46:10','\0',0,'890.00','颜色:白色 尺码:均码 ',98412,1,NULL,NULL),(32768,'2014-01-02 19:08:09','\0',1,'600.00','颜色:黑色 鞋码:37 ',98410,32768,NULL,NULL),(32769,'2014-01-02 19:08:25','\0',1,'386.00','',98406,32768,NULL,NULL),(65536,'2014-01-02 19:21:28','\0',1,'600.00','鞋码:39 颜色:桔色 ',98410,65536,NULL,NULL),(65537,'2014-01-02 19:21:30','\0',1,'600.00','颜色:黑色 鞋码:37 ',98410,65536,NULL,NULL),(98304,'2014-01-03 11:20:20','\0',1,'600.00','颜色:白色 鞋码:37 ',98410,98304,NULL,NULL),(131072,'2014-01-05 14:58:45','\0',1,'890.00','颜色:黑色 尺码:均码 ',98412,131072,NULL,NULL),(163840,'2014-01-07 10:58:24','\0',1,'890.00','颜色:白色 尺码:均码 ',98412,163840,NULL,NULL),(196608,'2014-01-08 14:47:24','\0',1,'890.00','颜色:白色 尺码:均码 ',98412,196608,NULL,NULL),(196609,'2014-01-08 14:54:16','\0',1,'386.00','',98406,196609,NULL,NULL),(229377,'2014-03-15 17:09:07','\0',1,'178.00','',98392,229377,NULL,NULL),(229378,'2014-03-15 17:17:07','\0',1,'178.00','',98392,229378,NULL,NULL),(229395,'2014-09-23 17:55:27','\0',1,'890.00','颜色:桔色 尺码:均码 ',98412,229386,NULL,NULL),(229396,'2014-09-23 17:55:44','\0',1,'890.00','颜色:黑色 尺码:均码 ',98412,229386,NULL,NULL),(229397,'2014-09-24 18:16:49','\0',1,'890.00','颜色:黑色 尺码:均码 ',98412,229387,NULL,NULL),(229398,'2014-09-24 18:16:54','\0',1,'890.00','颜色:白色 尺码:均码 ',98412,229387,NULL,NULL),(229399,'2014-09-24 18:52:06','\0',1,'890.00','颜色:黑色 尺码:均码 ',98412,229388,NULL,NULL),(229400,'2014-09-24 18:52:08','\0',1,'890.00','颜色:桔色 尺码:均码 ',98412,229388,NULL,NULL),(229401,'2014-09-24 19:07:23','\0',1,'890.00','颜色:黑色 尺码:均码 ',98412,229389,NULL,NULL),(229402,'2014-09-24 19:07:24','\0',1,'890.00','颜色:白色 尺码:均码 ',98412,229389,NULL,NULL),(229403,'2014-09-25 13:19:44','\0',1,'98.50','',98457,229390,NULL,NULL),(229404,'2014-09-25 14:19:20','\0',1,'99.00','',98459,229391,NULL,NULL),(229405,'2014-09-25 14:19:38','\0',1,'59.00','',98458,229391,NULL,NULL),(229406,'2014-09-25 14:19:48','\0',1,'98.50','',98457,229391,NULL,NULL),(229407,'2014-10-12 18:22:02','\0',2,'1100.00','颜色:黑色 尺码:均码 ',1,229392,'combin',NULL),(229408,'2014-10-29 13:30:19','\0',1,'4000.00','',98456,229393,NULL,NULL),(229409,'2014-10-31 12:33:40','\0',1,'890.00','颜色:白色 尺码:均码 ',98412,229394,NULL,NULL),(229438,'2014-11-28 09:13:10','\0',5,'890.00','颜色:桔色 尺码:均码 ',98412,229397,NULL,19),(229441,'2014-11-28 09:17:58','\0',1,'890.00','颜色:白色 尺码:均码 ',98412,229397,NULL,19),(229532,'2014-11-28 15:12:37','\0',1,'789.00','颜色:黑色 尺码:XS ',3,229398,NULL,43),(229585,'2014-11-30 16:43:38','\0',1,'386.00','',98406,229399,NULL,72),(229586,'2014-11-30 18:29:15','\0',1,'580.00','颜色:黑色 鞋码:36 ',98408,229400,NULL,73),(229587,'2014-11-30 18:29:16','\0',1,'580.00','颜色:黑色 鞋码:37 ',98408,229400,NULL,73),(229588,'2014-12-02 12:27:10','\0',1,'178.00','',98392,229401,NULL,74),(229589,'2014-12-02 12:28:42','\0',1,'178.00','',98392,229402,NULL,75),(229590,'2014-12-02 12:29:37','\0',1,'178.00','',98392,229403,NULL,76),(229596,'2014-12-02 16:21:58','\0',1,'300.00','',98358,229404,NULL,82),(229597,'2014-12-02 16:35:32','\0',1,'600.00','尺码:均码 ',9,229405,NULL,83),(229598,'2014-12-02 16:49:51','\0',1,'235.00','尺码:均码 ',98304,229406,NULL,84),(229599,'2014-12-02 17:01:58','\0',1,'235.00','尺码:均码 ',98304,229407,NULL,85),(229600,'2014-12-02 17:13:34','\0',1,'235.00','尺码:均码 ',98304,229408,NULL,86),(229601,'2014-12-02 17:21:38','\0',1,'600.00','鞋码:36 ',98331,229409,NULL,87),(229607,'2014-12-03 09:47:40','\0',1,'98.00','',98334,229410,NULL,92),(229608,'2014-12-03 10:10:13','\0',1,'890.00','颜色:白色 尺码:均码 ',98412,229411,NULL,93),(229609,'2014-12-03 10:17:40','\0',1,'600.00','颜色:白色 鞋码:36 ',98410,229412,NULL,94),(229610,'2014-12-03 10:28:17','\0',1,'600.00','颜色:黑色 鞋码:36 ',98410,229413,NULL,95),(229611,'2014-12-03 10:30:34','\0',1,'600.00','颜色:桔色 鞋码:36 ',98410,229414,NULL,96),(229612,'2014-12-03 10:42:21','\0',1,'600.00','颜色:黑色 鞋码:37 ',98410,229415,NULL,97),(229613,'2014-12-03 11:18:41','\0',1,'600.00','鞋码:37 ',98331,229416,NULL,98),(229614,'2014-12-03 11:40:20','\0',1,'15.00','',98314,229417,NULL,99),(229615,'2014-12-03 12:19:23','\0',1,'890.00','颜色:白色 尺码:均码 ',98412,229418,NULL,100),(229616,'2014-12-03 12:38:32','\0',1,'600.00','颜色:白色 鞋码:36 ',98410,229419,NULL,101),(229617,'2014-12-03 13:27:25','\0',1,'15.00','',98314,229420,NULL,102),(229618,'2014-12-03 14:12:28','\0',1,'600.00','颜色:白色 鞋码:37 ',98410,229421,NULL,103),(229619,'2014-12-03 14:53:56','\0',1,'600.00','颜色:黑色 鞋码:36 ',98410,229422,NULL,104),(229620,'2014-12-03 15:43:01','\0',1,'600.00','颜色:白色 鞋码:36 ',98410,229423,NULL,105),(229629,'2014-12-14 14:04:47','\0',1,'890.00','颜色:黑色 尺码:均码 ',98412,229424,NULL,111),(229630,'2014-12-14 14:15:03','\0',1,'15.00','',98314,229425,NULL,112),(229631,'2014-12-14 14:31:22','\0',1,'890.00','颜色:白色 尺码:均码 ',98412,229426,NULL,113),(229632,'2014-12-14 14:35:59','\0',1,'600.00','颜色:白色 鞋码:36 ',98410,229427,NULL,114),(229633,'2014-12-14 14:56:48','\0',1,'386.00','',98406,229428,NULL,115),(229634,'2014-12-14 15:23:08','\0',1,'890.00','鞋码:35 ',98344,229429,NULL,116),(229635,'2014-12-14 16:18:58','\0',1,'600.00','鞋码:37 ',98331,229430,NULL,117),(229636,'2014-12-14 16:28:33','\0',1,'386.00','',98406,229431,NULL,118),(229637,'2014-12-14 16:29:17','\0',1,'600.00','鞋码:37 ',98331,229432,NULL,119),(229638,'2014-12-14 16:35:59','\0',1,'890.00','鞋码:37 ',98344,229433,NULL,120),(229639,'2014-12-14 16:54:28','\0',1,'3600.00','',98455,229434,NULL,121),(229640,'2014-12-14 16:54:59','\0',1,'600.00','颜色:白色 鞋码:36 ',98410,229435,NULL,122),(229641,'2014-12-14 16:55:30','\0',1,'3600.00','',98455,229436,NULL,123),(229642,'2015-02-28 13:54:38','\0',1,'600.00','颜色:黑色 鞋码:36 ',98410,229437,NULL,124),(229646,'2015-02-28 21:26:35','\0',1,'580.00','鞋码:38 颜色:黑色 ',98408,229438,NULL,128),(229673,'2016-03-17 10:06:36','\0',1,'600.00','颜色:黑色 鞋码:37 ',98321,229439,NULL,148),(229676,'2016-03-17 16:18:02','\0',1,'4000.00','',98456,229439,NULL,148),(229677,'2016-03-17 16:22:05','\0',1,'890.00','颜色:黑色 尺码:均码 ',98412,229439,NULL,148),(229678,'2016-03-17 17:01:23','\0',1,'890.00','颜色:黑色 尺码:均码 ',98412,229441,NULL,149),(229679,'2016-03-18 11:18:42','\0',1,'890.00','颜色:黑色 尺码:均码 ',98412,229442,NULL,150),(229680,'2016-03-18 11:21:31','\0',1,'59.00','',98458,229443,NULL,151),(229681,'2016-03-18 11:24:14','\0',1,'4000.00','',98456,229444,NULL,152),(229682,'2016-03-18 11:27:05','\0',1,'390.00','颜色:红色 尺码:XL ',98460,229445,NULL,153),(229683,'2016-03-18 11:32:45','\0',1,'580.00','鞋码:40 颜色:黑色 ',98408,229446,NULL,154),(229684,'2016-03-18 11:37:02','\0',1,'453.60','',98402,229447,NULL,155),(229685,'2016-03-18 11:40:22','\0',1,'308.80','',98406,229448,NULL,156),(229686,'2016-03-18 11:41:20','\0',1,'100.80','',98404,229449,NULL,157),(229688,'2016-04-06 11:15:26','\0',1,'1999.00','',98458,229450,NULL,159),(229689,'2016-04-07 11:25:40','\0',1,'339.80','颜色:蓝色 尺码:XL ',98460,229451,NULL,160),(229690,'2016-05-16 12:21:53','\0',1,'769.00','颜色:蓝色 尺码:L ',1,NULL,NULL,161),(229691,'2016-06-02 15:59:32','\0',1,'138.00','颜色:白色 尺码:XS ',98454,229452,NULL,162);

UNLOCK TABLES;

/*Table structure for table `shopping_goodsclass` */

DROP TABLE IF EXISTS `shopping_goodsclass`;

CREATE TABLE `shopping_goodsclass` (
  `id` bigint(20) NOT NULL AUTO_INCREMENT,
  `addTime` datetime DEFAULT NULL,
  `deleteStatus` bit(1) NOT NULL,
  `className` varchar(255) DEFAULT NULL,
  `display` bit(1) NOT NULL,
  `level` int(11) NOT NULL,
  `recommend` bit(1) NOT NULL,
  `sequence` int(11) NOT NULL,
  `goodsType_id` bigint(20) DEFAULT NULL,
  `parent_id` bigint(20) DEFAULT NULL,
  `seo_description` longtext,
  `seo_keywords` longtext,
  `icon_sys` varchar(255) DEFAULT NULL,
  `icon_type` int(11) DEFAULT '0',
  `icon_acc_id` bigint(20) DEFAULT NULL,
  PRIMARY KEY (`id`),
  KEY `FKC38E2B193CA4A709` (`icon_acc_id`),
  KEY `FKC38E2B194020BFB2` (`goodsType_id`),
  KEY `FKC38E2B19835D2FBA` (`parent_id`),
  CONSTRAINT `FKC38E2B193CA4A709` FOREIGN KEY (`icon_acc_id`) REFERENCES `shopping_accessory` (`id`),
  CONSTRAINT `FKC38E2B194020BFB2` FOREIGN KEY (`goodsType_id`) REFERENCES `shopping_goodstype` (`id`),
  CONSTRAINT `FKC38E2B19835D2FBA` FOREIGN KEY (`parent_id`) REFERENCES `shopping_goodsclass` (`id`)
) ENGINE=InnoDB AUTO_INCREMENT=65680 DEFAULT CHARSET=utf8;

/*Data for the table `shopping_goodsclass` */

LOCK TABLES `shopping_goodsclass` WRITE;

insert  into `shopping_goodsclass`(`id`,`addTime`,`deleteStatus`,`className`,`display`,`level`,`recommend`,`sequence`,`goodsType_id`,`parent_id`,`seo_description`,`seo_keywords`,`icon_sys`,`icon_type`,`icon_acc_id`) values (1,'2013-12-24 10:33:18','\0','男装、时尚女装','',0,'',0,1,NULL,'男女服饰','男女服饰','1',0,NULL),(2,'2013-12-24 10:33:55','\0','男装','',1,'',1,1,1,NULL,NULL,NULL,0,NULL),(3,'2013-12-24 10:34:31','\0','女装','',1,'',2,1,1,NULL,NULL,NULL,0,NULL),(4,'2013-12-24 10:35:04','\0','家居内衣','',1,'',3,1,1,NULL,NULL,NULL,0,NULL),(5,'2013-12-24 10:35:51','\0','休闲夹克','',2,'',1,1,2,NULL,NULL,NULL,0,NULL),(6,'2013-12-24 10:37:50','\0','大衣风衣','',2,'',2,1,2,NULL,NULL,NULL,0,NULL),(7,'2013-12-24 10:38:01','\0','羽绒服','',2,'',2,1,2,NULL,NULL,NULL,0,NULL),(8,'2013-12-24 10:38:29','\0','时尚T恤','',2,'',0,1,2,NULL,NULL,NULL,0,NULL),(9,'2013-12-24 10:38:57','\0','毛衣','',2,'',4,1,2,NULL,NULL,NULL,0,NULL),(10,'2013-12-24 10:40:15','\0','休闲西装','',2,'',5,NULL,2,NULL,NULL,NULL,0,NULL),(11,'2013-12-24 10:41:28','\0','休闲长裤','',2,'',6,1,2,NULL,NULL,NULL,0,NULL),(12,'2013-12-24 10:42:14','\0','长袖衬衫','',2,'',7,1,2,NULL,NULL,NULL,0,NULL),(13,'2013-12-24 10:43:28','\0','棉衣','',2,'',0,1,3,NULL,NULL,NULL,0,NULL),(14,'2013-12-24 10:43:55','\0','时尚毛衣','',2,'',0,1,3,NULL,NULL,NULL,0,NULL),(15,'2013-12-24 10:44:19','\0','打底衫','',2,'',0,1,3,NULL,NULL,NULL,0,NULL),(16,'2013-12-24 10:44:34','\0','打底裤','',2,'',0,1,3,NULL,NULL,NULL,0,NULL),(17,'2013-12-24 10:44:51','\0','连衣裙','',2,'',0,1,3,NULL,NULL,NULL,0,NULL),(18,'2013-12-24 10:45:05','\0','半身裙','',2,'',0,1,3,NULL,NULL,NULL,0,NULL),(19,'2013-12-24 10:46:08','\0','塑身内衣','',2,'',0,1,4,NULL,NULL,NULL,0,NULL),(20,'2013-12-24 10:46:27','\0','文胸','',2,'',1,1,4,NULL,NULL,NULL,0,NULL),(21,'2013-12-24 10:46:35','\0','内裤','',2,'',0,1,4,NULL,NULL,NULL,0,NULL),(22,'2013-12-24 10:47:35','\0','珊瑚绒睡衣','',2,'',0,1,4,NULL,NULL,NULL,0,NULL),(23,'2013-12-24 10:47:46','\0','秋冬睡衣','',2,'',0,1,4,NULL,NULL,NULL,0,NULL),(24,'2013-12-24 10:48:08','\0','袜子','',2,'',0,NULL,4,NULL,NULL,NULL,0,NULL),(25,'2013-12-24 10:48:28','\0','男鞋、女鞋、女包','',0,'',1,NULL,NULL,'','','2',0,NULL),(26,'2013-12-24 10:49:18','\0','鞋包皮具','',1,'',1,NULL,25,NULL,NULL,NULL,0,NULL),(27,'2013-12-24 10:49:43','\0','男鞋','',1,'',0,2,25,NULL,NULL,NULL,0,NULL),(28,'2013-12-24 10:49:55','\0','女鞋','',1,'',0,2,25,NULL,NULL,NULL,0,NULL),(29,'2013-12-24 10:50:13','\0','时尚配饰','',1,'',0,NULL,25,NULL,NULL,NULL,0,NULL),(30,'2013-12-24 10:51:02','\0','休闲皮鞋','',2,'',1,2,27,NULL,NULL,NULL,0,NULL),(31,'2013-12-24 10:52:53','\0','优质凉鞋','',2,'',0,2,27,NULL,NULL,NULL,0,NULL),(32,'2013-12-24 10:53:06','\0','冬季新款','',2,'',0,2,27,NULL,NULL,NULL,0,NULL),(33,'2013-12-24 10:53:22','\0','保暖棉鞋','',2,'',0,2,27,NULL,NULL,NULL,0,NULL),(34,'2013-12-24 10:53:51','\0','真皮包','',2,'',0,NULL,26,NULL,NULL,NULL,0,NULL),(35,'2013-12-24 10:54:04','\0','时尚钱包','',2,'',0,NULL,26,NULL,NULL,NULL,0,NULL),(36,'2013-12-24 10:55:12','\0','多功能包','',2,'',0,NULL,26,NULL,NULL,NULL,0,NULL),(37,'2013-12-24 10:55:19','\0','手提包','',2,'',0,NULL,26,NULL,NULL,NULL,0,NULL),(38,'2013-12-24 10:55:28','\0','单肩包','',2,'',0,NULL,26,NULL,NULL,NULL,0,NULL),(39,'2013-12-24 10:55:40','\0','旅行箱','',2,'',0,NULL,26,NULL,NULL,NULL,0,NULL),(40,'2013-12-24 10:57:10','\0','单鞋','',2,'',0,2,28,NULL,NULL,NULL,0,NULL),(41,'2013-12-24 10:58:52','\0','雪地靴','',2,'',0,2,28,NULL,NULL,NULL,0,NULL),(42,'2013-12-24 10:59:26','\0','高筒靴','',2,'',0,2,28,NULL,NULL,NULL,0,NULL),(43,'2013-12-24 11:00:16','\0','舞蹈鞋','',2,'',0,2,28,NULL,NULL,NULL,0,NULL),(44,'2013-12-24 11:01:07','\0','平跟凉鞋','',2,'',0,2,28,NULL,NULL,NULL,0,NULL),(45,'2013-12-24 11:03:31','\0','男士皮带','',2,'',0,NULL,29,NULL,NULL,NULL,0,NULL),(46,'2013-12-24 11:03:41','\0','女士腰带','',2,'',0,NULL,29,NULL,NULL,NULL,0,NULL),(47,'2013-12-24 11:03:54','\0','围巾','',2,'',0,NULL,29,NULL,NULL,NULL,0,NULL),(48,'2013-12-24 11:04:07','\0','披肩','',2,'',0,NULL,29,NULL,NULL,NULL,0,NULL),(49,'2013-12-24 11:04:14','\0','丝巾','',2,'',0,NULL,29,NULL,NULL,NULL,0,NULL),(50,'2013-12-24 11:05:21','\0','体育用品、运动户外','',0,'',2,NULL,NULL,'','','3',0,NULL),(51,'2013-12-24 11:06:43','\0','户外鞋服','',1,'',0,NULL,50,NULL,NULL,NULL,0,NULL),(52,'2013-12-24 11:06:52','\0','户外装备','',1,'',0,NULL,50,NULL,NULL,NULL,0,NULL),(53,'2013-12-24 11:07:02','\0','体育娱乐','',1,'',0,NULL,50,NULL,NULL,NULL,0,NULL),(54,'2013-12-24 11:07:41','\0','户外服装','',2,'',0,NULL,51,NULL,NULL,NULL,0,NULL),(55,'2013-12-24 11:07:51','\0','户外鞋袜','',2,'',0,NULL,51,NULL,NULL,NULL,0,NULL),(56,'2013-12-24 11:09:01','\0','户外配饰','',2,'',0,NULL,51,NULL,NULL,NULL,0,NULL),(57,'2013-12-24 11:09:28','\0','帐篷','',2,'',0,NULL,52,NULL,NULL,NULL,0,NULL),(58,'2013-12-24 11:09:34','\0','睡袋','',2,'',0,NULL,52,NULL,NULL,NULL,0,NULL),(59,'2013-12-24 11:09:47','\0','登山攀岩','',2,'',0,NULL,52,NULL,NULL,NULL,0,NULL),(60,'2013-12-24 11:09:59','\0','户外照明','',2,'',0,NULL,52,NULL,NULL,NULL,0,NULL),(61,'2013-12-24 11:10:13','\0','便携桌椅床','',2,'',0,NULL,52,NULL,NULL,NULL,0,NULL),(62,'2013-12-24 11:11:01','\0','烧烤用品','',2,'',0,NULL,52,NULL,NULL,NULL,0,NULL),(63,'2013-12-24 11:11:12','\0','野外垂钓','',2,'',0,NULL,52,NULL,NULL,NULL,0,NULL),(64,'2013-12-24 11:14:32','\0','羽毛球','',2,'',0,NULL,53,NULL,NULL,NULL,0,NULL),(65,'2013-12-24 11:14:39','\0','乒乓球','',2,'',0,NULL,53,NULL,NULL,NULL,0,NULL),(66,'2013-12-24 11:14:46','\0','足球','',2,'',0,NULL,53,NULL,NULL,NULL,0,NULL),(67,'2013-12-24 11:14:53','\0','篮球','',2,'',0,NULL,53,NULL,NULL,NULL,0,NULL),(68,'2013-12-24 11:15:04','\0','棋牌竞技','',2,'',0,NULL,53,NULL,NULL,NULL,0,NULL),(69,'2013-12-24 11:19:43','\0','数码城、手机、电子','',0,'',3,NULL,NULL,'','','5',0,NULL),(70,'2013-12-24 11:20:08','\0','手机通讯','',1,'',0,NULL,69,NULL,NULL,NULL,0,NULL),(71,'2013-12-24 11:20:19','\0','摄影摄像','',1,'',0,NULL,69,NULL,NULL,NULL,0,NULL),(73,'2013-12-24 11:21:12','\0','数码配件','',1,'',0,NULL,69,NULL,NULL,NULL,0,NULL),(74,'2013-12-24 11:21:55','\0','时尚影音','',1,'',0,NULL,69,NULL,NULL,NULL,0,NULL),(75,'2013-12-24 11:23:10','\0','GSM手机','',2,'',0,NULL,70,NULL,NULL,NULL,0,NULL),(76,'2013-12-24 11:23:20','\0','CDMA手机','',2,'',0,NULL,70,NULL,NULL,NULL,0,NULL),(77,'2013-12-24 11:23:33','\0','双模手机','',2,'',0,NULL,70,NULL,NULL,NULL,0,NULL),(78,'2013-12-24 11:23:41','\0','手机充值卡','',2,'',0,NULL,70,NULL,NULL,NULL,0,NULL),(79,'2013-12-24 11:24:16','\0','数码相机','',2,'',0,NULL,71,NULL,NULL,NULL,0,NULL),(80,'2013-12-24 11:24:25','\0','单电/微单相机','',2,'',0,NULL,71,NULL,NULL,NULL,0,NULL),(81,'2013-12-24 11:24:41','\0','单反相机','',2,'',0,NULL,71,NULL,NULL,NULL,0,NULL),(82,'2013-12-24 11:24:52','\0','摄像机','',2,'',0,NULL,71,NULL,NULL,NULL,0,NULL),(83,'2013-12-24 11:25:28','\0','存储卡','',2,'',0,NULL,73,NULL,NULL,NULL,0,NULL),(84,'2013-12-24 11:25:47','\0','电池/充电器','',2,'',0,NULL,73,NULL,NULL,NULL,0,NULL),(85,'2013-12-24 11:25:55','\0','读卡器','',2,'',0,NULL,73,NULL,NULL,NULL,0,NULL),(86,'2013-12-24 11:26:03','\0','移动电源','',2,'',0,NULL,73,NULL,NULL,NULL,0,NULL),(87,'2013-12-24 11:26:16','\0','数码包','',2,'',0,NULL,73,NULL,NULL,NULL,0,NULL),(88,'2013-12-24 11:26:38','\0','数码贴膜','',2,'',0,NULL,73,NULL,NULL,NULL,0,NULL),(89,'2013-12-24 11:27:11','\0','MP3/MP4','',2,'',0,NULL,74,NULL,NULL,NULL,0,NULL),(90,'2013-12-24 11:27:21','\0','耳机/耳麦','',2,'',0,NULL,74,NULL,NULL,NULL,0,NULL),(91,'2013-12-24 11:27:31','\0','高清播放器','',2,'',0,NULL,74,NULL,NULL,NULL,0,NULL),(92,'2013-12-24 11:27:42','\0','电子词典','',2,'',0,NULL,74,NULL,NULL,NULL,0,NULL),(93,'2013-12-24 11:27:52','\0','数码相框','',2,'',0,NULL,74,NULL,NULL,NULL,0,NULL),(94,'2013-12-24 11:28:01','\0','苹果配件','',2,'',0,NULL,74,NULL,NULL,NULL,0,NULL),(95,'2013-12-24 11:28:46','\0','家电城、厨房电器','',0,'\0',4,NULL,NULL,'','','34',0,NULL),(96,'2013-12-24 11:29:20','\0','电脑整机','',1,'',0,NULL,69,NULL,NULL,NULL,0,NULL),(97,'2013-12-24 11:29:37','\0','笔记本','',2,'',0,NULL,96,NULL,NULL,NULL,0,NULL),(98,'2013-12-24 11:29:46','\0','平板电脑','',2,'',0,NULL,96,NULL,NULL,NULL,0,NULL),(99,'2013-12-24 11:29:56','\0','超极本','',2,'',0,NULL,96,NULL,NULL,NULL,0,NULL),(100,'2013-12-24 11:30:04','\0','上网本','',2,'',0,NULL,96,NULL,NULL,NULL,0,NULL),(101,'2013-12-24 11:30:16','\0','台式机','',2,'',0,NULL,96,NULL,NULL,NULL,0,NULL),(102,'2013-12-24 11:30:25','\0','服务器','',2,'',0,NULL,96,NULL,NULL,NULL,0,NULL),(103,'2013-12-24 11:30:58','\0','大 家 电','',1,'',0,NULL,95,NULL,NULL,NULL,0,NULL),(104,'2013-12-24 11:31:07','\0','生活电器','',1,'',0,NULL,95,NULL,NULL,NULL,0,NULL),(105,'2013-12-24 11:31:22','\0','厨房电器','',1,'',0,NULL,95,NULL,NULL,NULL,0,NULL),(106,'2013-12-24 11:31:31','\0','个护健康','',1,'',0,NULL,95,NULL,NULL,NULL,0,NULL),(107,'2013-12-24 11:31:40','\0','五金家装','',1,'',0,NULL,95,NULL,NULL,NULL,0,NULL),(108,'2013-12-24 11:31:55','\0','平板电视','',2,'',0,NULL,103,NULL,NULL,NULL,0,NULL),(109,'2013-12-24 11:32:14','\0','空调','',2,'',0,NULL,103,NULL,NULL,NULL,0,NULL),(110,'2013-12-24 11:32:25','\0','冰箱','',2,'',0,NULL,103,NULL,NULL,NULL,0,NULL),(111,'2013-12-24 11:32:32','\0','洗衣机','',2,'',0,NULL,103,NULL,NULL,NULL,0,NULL),(112,'2013-12-24 11:32:39','\0','家庭影院','',2,'',0,NULL,103,NULL,NULL,NULL,0,NULL),(113,'2013-12-24 11:32:51','\0','热水器','',2,'',0,NULL,103,NULL,NULL,NULL,0,NULL),(114,'2013-12-24 11:33:16','\0','净化器','',2,'',0,NULL,104,NULL,NULL,NULL,0,NULL),(115,'2013-12-24 11:33:26','\0','挂烫机/熨斗','',2,'',0,NULL,104,NULL,NULL,NULL,0,NULL),(116,'2013-12-24 11:33:35','\0','除湿/干衣机','',2,'',0,NULL,104,NULL,NULL,NULL,0,NULL),(117,'2013-12-24 11:33:43','\0','电话机','',2,'',0,NULL,104,NULL,NULL,NULL,0,NULL),(118,'2013-12-24 11:33:59','\0','收录/音机','',2,'',0,NULL,104,NULL,NULL,NULL,0,NULL),(119,'2013-12-24 11:34:20','\0','料理/榨汁机','',2,'',0,NULL,105,NULL,NULL,NULL,0,NULL),(120,'2013-12-24 11:34:31','\0','豆浆机','',2,'',0,NULL,105,NULL,NULL,NULL,0,NULL),(121,'2013-12-24 11:34:38','\0','电饭煲','',2,'',0,NULL,105,NULL,NULL,NULL,0,NULL),(122,'2013-12-24 11:34:49','\0','电压力锅','',2,'',0,NULL,105,NULL,NULL,NULL,0,NULL),(123,'2013-12-24 11:34:57','\0','咖啡机','',2,'',0,NULL,105,NULL,NULL,NULL,0,NULL),(124,'2013-12-24 11:35:05','\0','微波炉','',2,'',0,NULL,105,NULL,NULL,NULL,0,NULL),(125,'2013-12-24 11:35:13','\0','电烤箱','',2,'',0,NULL,105,NULL,NULL,NULL,0,NULL),(126,'2013-12-24 11:35:21','\0','电磁炉','',2,'',0,NULL,105,NULL,NULL,NULL,0,NULL),(127,'2013-12-24 11:35:34','\0','电饼铛/烧烤盘','',2,'',0,NULL,105,NULL,NULL,NULL,0,NULL),(128,'2013-12-24 11:35:44','\0','电水壶/热水瓶','',2,'',0,NULL,105,NULL,NULL,NULL,0,NULL),(129,'2013-12-24 11:36:07','\0','剃须刀','',2,'',0,NULL,106,NULL,NULL,NULL,0,NULL),(130,'2013-12-24 11:36:17','\0','美容器','',2,'',0,NULL,106,NULL,NULL,NULL,0,NULL),(131,'2013-12-24 11:36:25','\0','电吹风','',2,'',0,NULL,106,NULL,NULL,NULL,0,NULL),(132,'2013-12-24 11:36:33','\0','美发器','',2,'',0,NULL,106,NULL,NULL,NULL,0,NULL),(133,'2013-12-24 11:36:43','\0','健康秤/厨房秤','',2,'',0,NULL,106,NULL,NULL,NULL,0,NULL),(134,'2013-12-24 11:40:07','\0','电动工具','',2,'',0,NULL,107,NULL,NULL,NULL,0,NULL),(135,'2013-12-24 11:40:18','\0','厨卫五金','',2,'',0,NULL,107,NULL,NULL,NULL,0,NULL),(136,'2013-12-24 11:40:27','\0','家具五金','',2,'',0,NULL,107,NULL,NULL,NULL,0,NULL),(137,'2013-12-24 11:40:50','\0','电气开关','',2,'',0,NULL,107,NULL,NULL,NULL,0,NULL),(138,'2013-12-24 11:40:59','\0','监控安防','',2,'',0,NULL,107,NULL,NULL,NULL,0,NULL),(139,'2013-12-24 11:41:10','\0','淋浴花洒','',2,'',0,NULL,107,NULL,NULL,NULL,0,NULL),(140,'2013-12-24 11:41:19','\0','仪器仪表','',2,'',0,NULL,107,NULL,NULL,NULL,0,NULL),(141,'2013-12-24 11:42:06','\0','个护化妆、清洁用品','',0,'\0',5,NULL,NULL,'','','7',0,NULL),(142,'2013-12-24 11:42:54','\0','面部护理','',1,'',0,NULL,141,NULL,NULL,NULL,0,NULL),(143,'2013-12-24 11:43:04','\0','身体护理','',1,'',0,NULL,141,NULL,NULL,NULL,0,NULL),(144,'2013-12-24 11:43:13','\0','口腔护理','',1,'',0,NULL,141,NULL,NULL,NULL,0,NULL),(145,'2013-12-24 11:43:23','\0','男士护理','',1,'',0,NULL,141,NULL,NULL,NULL,0,NULL),(146,'2013-12-24 11:43:32','\0','魅力彩妆','',1,'',0,NULL,141,NULL,NULL,NULL,0,NULL),(147,'2013-12-24 11:43:40','\0','香水SPA','',1,'',0,NULL,141,NULL,NULL,NULL,0,NULL),(148,'2013-12-24 11:43:54','\0','洁面乳','',2,'',0,NULL,142,NULL,NULL,NULL,0,NULL),(149,'2013-12-24 11:44:02','\0','爽肤水','',2,'',0,NULL,142,NULL,NULL,NULL,0,NULL),(150,'2013-12-24 11:44:11','\0','精华露','',2,'',0,NULL,142,NULL,NULL,NULL,0,NULL),(151,'2013-12-24 11:44:19','\0','乳液面霜','',2,'',0,NULL,142,NULL,NULL,NULL,0,NULL),(152,'2013-12-24 11:44:28','\0','面膜面贴','',2,'',0,NULL,142,NULL,NULL,NULL,0,NULL),(153,'2013-12-24 11:44:35','\0','眼部护理','',2,'',0,NULL,142,NULL,NULL,NULL,0,NULL),(154,'2013-12-24 11:44:48','\0','护肤套装','',2,'',0,NULL,142,NULL,NULL,NULL,0,NULL),(155,'2013-12-24 11:45:09','\0','洗发护发','',2,'',0,NULL,143,NULL,NULL,NULL,0,NULL),(156,'2013-12-24 11:45:17','\0','染发/造型','',2,'',0,NULL,143,NULL,NULL,NULL,0,NULL),(157,'2013-12-24 11:45:27','\0','沐浴','',2,'',0,NULL,143,NULL,NULL,NULL,0,NULL),(158,'2013-12-24 11:45:36','\0','香薰精油','',2,'',0,NULL,143,NULL,NULL,NULL,0,NULL),(159,'2013-12-24 11:45:46','\0','洗护套装','',2,'',0,NULL,143,NULL,NULL,NULL,0,NULL),(160,'2013-12-24 11:46:19','\0','牙膏/牙粉','',2,'',0,NULL,144,NULL,NULL,NULL,0,NULL),(161,'2013-12-24 11:46:31','\0','牙刷/牙线','',2,'',0,NULL,144,NULL,NULL,NULL,0,NULL),(162,'2013-12-24 11:46:40','\0','漱口水','',2,'',0,NULL,144,NULL,NULL,NULL,0,NULL),(163,'2013-12-24 11:47:10','\0','脸部护理','',2,'',0,NULL,145,NULL,NULL,NULL,0,NULL),(164,'2013-12-24 11:47:44','\0','男士香水','',2,'',0,NULL,145,NULL,NULL,NULL,0,NULL),(165,'2013-12-24 11:47:52','\0','剃须护理','',2,'',0,NULL,145,NULL,NULL,NULL,0,NULL),(166,'2013-12-24 11:48:01','\0','防脱洗护','',2,'',0,NULL,145,NULL,NULL,NULL,0,NULL),(167,'2013-12-24 11:48:12','\0','男士唇膏','',2,'',0,NULL,145,NULL,NULL,NULL,0,NULL),(168,'2013-12-24 11:48:32','\0','粉底/遮瑕','',2,'',0,NULL,146,NULL,NULL,NULL,0,NULL),(169,'2013-12-24 11:48:40','\0','腮红','',2,'',0,NULL,146,NULL,NULL,NULL,0,NULL),(170,'2013-12-24 11:48:48','\0','眼影/眼线','',2,'',0,NULL,146,NULL,NULL,NULL,0,NULL),(171,'2013-12-24 11:48:57','\0','眉笔','',2,'',0,NULL,146,NULL,NULL,NULL,0,NULL),(172,'2013-12-24 11:49:06','\0','睫毛膏','',2,'',0,NULL,146,NULL,NULL,NULL,0,NULL),(173,'2013-12-24 11:49:16','\0','唇膏唇彩','',2,'',0,NULL,146,NULL,NULL,NULL,0,NULL),(174,'2013-12-24 11:49:30','\0','卸妆美甲','',2,'',0,NULL,146,NULL,NULL,NULL,0,NULL),(175,'2013-12-24 11:49:38','\0','彩妆工具','',2,'',0,NULL,146,NULL,NULL,NULL,0,NULL),(176,'2013-12-24 11:49:53','\0','女士香水','',2,'',0,NULL,147,NULL,NULL,NULL,0,NULL),(177,'2013-12-24 11:50:11','\0','绅士香水','',2,'',0,NULL,147,NULL,NULL,NULL,0,NULL),(178,'2013-12-24 11:50:22','\0','组合套装','',2,'',0,NULL,147,NULL,NULL,NULL,0,NULL),(179,'2013-12-24 11:50:30','\0','迷你香水','',2,'',0,NULL,147,NULL,NULL,NULL,0,NULL),(180,'2013-12-24 11:51:27','\0','家纺、灯具、家装','',0,'\0',6,NULL,NULL,'','','40',0,NULL),(181,'2013-12-24 11:51:47','\0','奶粉、育婴、玩具','',0,'\0',7,NULL,NULL,'','','8',0,NULL),(182,'2013-12-24 11:52:13','\0','珠宝、首饰、饰品','',0,'\0',8,NULL,NULL,'','','9',0,NULL),(183,'2013-12-24 11:52:49','\0','维修保养、车载用品','',0,'\0',9,NULL,NULL,'','','13',0,NULL),(186,'2013-12-24 11:54:02','\0','家纺','',1,'',0,NULL,180,NULL,NULL,NULL,0,NULL),(187,'2013-12-24 11:54:11','\0','家具','',1,'',0,NULL,180,NULL,NULL,NULL,0,NULL),(188,'2013-12-24 11:54:24','\0','灯具','',1,'',0,NULL,180,NULL,NULL,NULL,0,NULL),(189,'2013-12-24 11:55:47','\0','床品件套','',2,'',0,NULL,186,NULL,NULL,NULL,0,NULL),(190,'2013-12-24 11:55:54','\0','被子','',2,'',0,NULL,186,NULL,NULL,NULL,0,NULL),(191,'2013-12-24 11:56:43','\0','枕芯枕套','',2,'',0,NULL,186,NULL,NULL,NULL,0,NULL),(192,'2013-12-24 11:56:51','\0','床单被罩','',2,'',0,NULL,186,NULL,NULL,NULL,0,NULL),(193,'2013-12-24 11:57:08','\0','电脑桌椅','',2,'',0,NULL,187,NULL,NULL,NULL,0,NULL),(194,'2013-12-24 11:57:16','\0','休闲椅/凳','',2,'',0,NULL,187,NULL,NULL,NULL,0,NULL),(195,'2013-12-24 11:57:26','\0','鞋架/鞋柜','',2,'',0,NULL,187,NULL,NULL,NULL,0,NULL),(196,'2013-12-24 11:57:35','\0','家用梯','',2,'',0,NULL,187,NULL,NULL,NULL,0,NULL),(197,'2013-12-24 11:57:54','\0','台灯','',2,'',0,NULL,188,NULL,NULL,NULL,0,NULL),(198,'2013-12-24 11:58:03','\0','节能灯','',2,'',0,NULL,188,NULL,NULL,NULL,0,NULL),(199,'2013-12-24 11:58:11','\0','装饰灯','',2,'',0,NULL,188,NULL,NULL,NULL,0,NULL),(200,'2013-12-24 11:58:19','\0','落地灯','',2,'',0,NULL,188,NULL,NULL,NULL,0,NULL),(201,'2013-12-24 11:58:27','\0','应急灯/手电','',2,'',0,NULL,188,NULL,NULL,NULL,0,NULL),(202,'2013-12-24 11:59:05','\0','婴儿用品','',1,'',0,NULL,181,NULL,NULL,NULL,0,NULL),(203,'2013-12-24 11:59:14','\0','童装童鞋','',1,'',0,NULL,181,NULL,NULL,NULL,0,NULL),(204,'2013-12-24 11:59:22','\0','儿童玩具','',1,'',0,NULL,181,NULL,NULL,NULL,0,NULL),(205,'2013-12-24 11:59:31','\0','儿童餐具','',1,'',0,NULL,181,NULL,NULL,NULL,0,NULL),(206,'2013-12-24 11:59:55','\0','炒锅','',2,'',0,NULL,202,NULL,NULL,NULL,0,NULL),(207,'2013-12-24 12:00:02','\0','煎锅','',2,'',0,NULL,202,NULL,NULL,NULL,0,NULL),(208,'2013-12-24 12:00:07','\0','压力锅','',2,'',0,NULL,202,NULL,NULL,NULL,0,NULL),(209,'2013-12-24 12:00:18','\0','蒸锅','',2,'',0,NULL,202,NULL,NULL,NULL,0,NULL),(210,'2013-12-24 12:00:24','\0','汤锅','',2,'',0,NULL,202,NULL,NULL,NULL,0,NULL),(211,'2013-12-24 12:01:00','\0','单刀','',2,'',0,NULL,203,NULL,NULL,NULL,0,NULL),(212,'2013-12-24 12:01:05','\0','剪刀','',2,'',0,NULL,203,NULL,NULL,NULL,0,NULL),(213,'2013-12-24 12:01:11','\0','套刀','',2,'',0,NULL,203,NULL,NULL,NULL,0,NULL),(214,'2013-12-24 12:01:17','\0','砧板','',2,'',0,NULL,203,NULL,NULL,NULL,0,NULL),(215,'2013-12-24 12:01:21','\0','刀具配件','',2,'',0,NULL,203,NULL,NULL,NULL,0,NULL),(216,'2013-12-24 12:02:02','\0','保鲜盒','',2,'',0,NULL,204,NULL,NULL,NULL,0,NULL),(217,'2013-12-24 12:02:10','\0','保鲜膜/袋','',2,'',0,NULL,204,NULL,NULL,NULL,0,NULL),(218,'2013-12-24 12:02:16','\0','调料器皿','',2,'',0,NULL,204,NULL,NULL,NULL,0,NULL),(219,'2013-12-24 12:02:20','\0','饭盒/提锅','',2,'',0,NULL,204,NULL,NULL,NULL,0,NULL),(220,'2013-12-24 12:02:43','\0','塑料杯','',2,'',0,NULL,205,NULL,NULL,NULL,0,NULL),(221,'2013-12-24 12:02:51','\0','运动水壶','',2,'',0,NULL,205,NULL,NULL,NULL,0,NULL),(222,'2013-12-24 12:02:58','\0','玻璃杯','',2,'',0,NULL,205,NULL,NULL,NULL,0,NULL),(223,'2013-12-24 12:03:05','\0','陶瓷杯','',2,'',0,NULL,205,NULL,NULL,NULL,0,NULL),(224,'2013-12-24 12:03:09','\0','保温杯','',2,'',0,NULL,205,NULL,NULL,NULL,0,NULL),(225,'2013-12-24 12:03:28','\0','时尚饰品','',1,'',0,NULL,182,NULL,NULL,NULL,0,NULL),(226,'2013-12-24 12:03:38','\0','纯金K金','',1,'',0,NULL,182,NULL,NULL,NULL,0,NULL),(227,'2013-12-24 12:03:54','\0','钻石饰品','',1,'',0,NULL,182,NULL,NULL,NULL,0,NULL),(228,'2013-12-24 12:04:02','\0','翡翠玉石','',1,'',0,NULL,182,NULL,NULL,NULL,0,NULL),(229,'2013-12-24 12:04:10','\0','水晶玛瑙','',1,'',0,NULL,182,NULL,NULL,NULL,0,NULL),(230,'2013-12-24 12:04:33','\0','项链','',2,'',0,NULL,225,NULL,NULL,NULL,0,NULL),(231,'2013-12-24 12:04:40','\0','手链/脚链','',2,'',0,NULL,225,NULL,NULL,NULL,0,NULL),(232,'2013-12-24 12:04:45','\0','戒指','',2,'',0,NULL,225,NULL,NULL,NULL,0,NULL),(233,'2013-12-24 12:04:51','\0','耳饰','',2,'',0,NULL,225,NULL,NULL,NULL,0,NULL),(234,'2013-12-24 12:04:58','\0','头饰','',2,'',0,NULL,225,NULL,NULL,NULL,0,NULL),(235,'2013-12-24 12:05:03','\0','胸针','',2,'',0,NULL,225,NULL,NULL,NULL,0,NULL),(236,'2013-12-24 12:05:24','\0','吊坠/项链','',2,'',0,NULL,226,NULL,NULL,NULL,0,NULL),(237,'2013-12-24 12:05:33','\0','手镯/手链/脚链','',2,'',0,NULL,226,NULL,NULL,NULL,0,NULL),(238,'2013-12-24 12:05:38','\0','戒指耳饰','',2,'',0,NULL,226,NULL,NULL,NULL,0,NULL),(239,'2013-12-24 12:06:07','\0','裸钻','',2,'',0,NULL,227,NULL,NULL,NULL,0,NULL),(240,'2013-12-24 12:06:20','\0','钻石戒指','',2,'',0,NULL,227,NULL,NULL,NULL,0,NULL),(241,'2013-12-24 12:06:28','\0','项链/吊坠','',2,'',0,NULL,227,NULL,NULL,NULL,0,NULL),(242,'2013-12-24 12:06:37','\0','钻石耳饰','',2,'',0,NULL,227,NULL,NULL,NULL,0,NULL),(243,'2013-12-24 12:07:07','\0','手镯/手串','',2,'',0,NULL,228,NULL,NULL,NULL,0,NULL),(244,'2013-12-24 12:07:27','\0','翡翠耳饰','',2,'',0,NULL,228,NULL,NULL,NULL,0,NULL),(245,'2013-12-24 12:08:08','\0','挂件/摆件/把件','',2,'',0,NULL,228,NULL,NULL,NULL,0,NULL),(246,'2013-12-24 12:08:12','\0','高值收藏','',2,'',0,NULL,228,NULL,NULL,NULL,0,NULL),(32768,'2013-12-24 12:26:00','\0','项链/吊坠','',2,'',0,NULL,229,NULL,NULL,NULL,0,NULL),(32769,'2013-12-24 12:26:22','\0','耳饰','',2,'',0,NULL,229,NULL,NULL,NULL,0,NULL),(32770,'2013-12-24 12:26:29','\0','手镯/手链/脚链','',2,'',0,NULL,229,NULL,NULL,NULL,0,NULL),(32771,'2013-12-24 12:26:36','\0','戒指','',2,'',0,NULL,229,NULL,NULL,NULL,0,NULL),(32772,'2013-12-24 12:26:42','\0','头饰/胸针','',2,'',0,NULL,229,NULL,NULL,NULL,0,NULL),(32773,'2013-12-24 12:26:46','\0','摆件/挂件','',2,'',0,NULL,229,NULL,NULL,NULL,0,NULL),(32774,'2013-12-24 12:27:23','\0','电子电器','',1,'',0,NULL,183,NULL,NULL,NULL,0,NULL),(32775,'2013-12-24 12:27:27','\0','系统养护','',1,'',0,NULL,183,NULL,NULL,NULL,0,NULL),(32776,'2013-12-24 12:27:37','\0','汽车美容','',1,'',0,NULL,183,NULL,NULL,NULL,0,NULL),(32777,'2013-12-24 12:27:47','\0','自驾装备','',1,'',0,NULL,183,NULL,NULL,NULL,0,NULL),(32778,'2013-12-24 12:27:54','\0','座垫脚垫','',1,'',0,NULL,183,NULL,NULL,NULL,0,NULL),(32779,'2013-12-24 12:28:02','\0','车饰精品','',1,'',0,NULL,183,NULL,NULL,NULL,0,NULL),(32780,'2013-12-24 12:28:55','\0','GPS导航','',2,'',0,NULL,32774,NULL,NULL,NULL,0,NULL),(32781,'2013-12-24 12:29:02','\0','行车记录仪','',2,'',0,NULL,32774,NULL,NULL,NULL,0,NULL),(32782,'2013-12-24 12:29:09','\0','车载MP3','',2,'',0,NULL,32774,NULL,NULL,NULL,0,NULL),(32783,'2013-12-24 12:29:16','\0','车载电源','',2,'',0,NULL,32774,NULL,NULL,NULL,0,NULL),(32784,'2013-12-24 12:29:23','\0','车载生活电器','',2,'',0,NULL,32774,NULL,NULL,NULL,0,NULL),(32785,'2013-12-24 12:29:28','\0','车载净化器','',2,'',0,NULL,32774,NULL,NULL,NULL,0,NULL),(32786,'2013-12-24 12:29:33','\0','车载冰箱','',2,'',0,NULL,32774,NULL,NULL,NULL,0,NULL),(32787,'2013-12-24 12:30:02','\0',' 机油','',2,'',0,NULL,32775,NULL,NULL,NULL,0,NULL),(32788,'2013-12-24 12:30:09','\0','附属油','',2,'',0,NULL,32775,NULL,NULL,NULL,0,NULL),(32789,'2013-12-24 12:30:16','\0','防冻液','',2,'',0,NULL,32775,NULL,NULL,NULL,0,NULL),(32790,'2013-12-24 12:30:21','\0','玻璃水','',2,'',0,NULL,32775,NULL,NULL,NULL,0,NULL),(32791,'2013-12-24 12:30:25','\0','添加剂','',2,'',0,NULL,32775,NULL,NULL,NULL,0,NULL),(32792,'2013-12-24 12:30:52','\0','美容车蜡','',2,'',0,NULL,32776,NULL,NULL,NULL,0,NULL),(32793,'2013-12-24 12:31:05','\0','封釉镀膜','',2,'',0,NULL,32776,NULL,NULL,NULL,0,NULL),(32794,'2013-12-24 12:31:34','\0','漆面修复','',2,'',0,NULL,32776,NULL,NULL,NULL,0,NULL),(32795,'2013-12-24 12:31:43','\0','内饰洗护','',2,'',0,NULL,32776,NULL,NULL,NULL,0,NULL),(32796,'2013-12-24 12:31:48','\0','轮胎轮毂洗护','',2,'',0,NULL,32776,NULL,NULL,NULL,0,NULL),(65536,'2013-12-24 15:59:30','\0','手表','',2,'',0,NULL,29,NULL,NULL,NULL,0,NULL),(65537,'2013-12-24 15:59:38','\0','帽子','',2,'',0,NULL,29,NULL,NULL,NULL,0,NULL),(65538,'2013-12-24 15:59:49','\0','女孩饰品','',2,'',0,NULL,29,NULL,NULL,NULL,0,NULL),(65539,'2013-12-24 16:05:32','\0','背包','',2,'',0,NULL,52,NULL,NULL,NULL,0,NULL),(65540,'2013-12-24 16:16:15','\0','瑜伽用品','',2,'',0,NULL,53,NULL,NULL,NULL,0,NULL),(65541,'2013-12-24 16:16:23','\0','游泳用品','',2,'',0,NULL,53,NULL,NULL,NULL,0,NULL),(65542,'2013-12-24 17:01:24','\0','其他配件','',2,'',0,NULL,73,NULL,NULL,NULL,0,NULL),(65543,'2013-12-24 17:03:03','\0','自驾照明','',2,'',0,NULL,32777,NULL,NULL,NULL,0,NULL),(65544,'2013-12-24 17:03:19','\0','车衣','',2,'',0,NULL,32777,NULL,NULL,NULL,0,NULL),(65545,'2013-12-24 17:03:26','\0','遮阳挡雪挡','',2,'',0,NULL,32777,NULL,NULL,NULL,0,NULL),(65546,'2013-12-24 17:03:43','\0','收纳箱','',2,'',0,NULL,32777,NULL,NULL,NULL,0,NULL),(65547,'2013-12-24 17:03:49','\0','保温箱','',2,'',0,NULL,32777,NULL,NULL,NULL,0,NULL),(65548,'2013-12-24 17:03:56','\0','行李网','',2,'',0,NULL,32777,NULL,NULL,NULL,0,NULL),(65549,'2013-12-24 17:04:01','\0','车旅用品','',2,'',0,NULL,32777,NULL,NULL,NULL,0,NULL),(65550,'2013-12-24 17:05:04','\0','毛垫','',2,'',0,NULL,32778,NULL,NULL,NULL,0,NULL),(65551,'2013-12-24 17:05:12','\0','四季垫','',2,'',0,NULL,32778,NULL,NULL,NULL,0,NULL),(65552,'2013-12-24 17:05:36','\0','多功能座垫','',2,'',0,NULL,32778,NULL,NULL,NULL,0,NULL),(65553,'2013-12-24 17:05:42','\0','凉垫','',2,'',0,NULL,32778,NULL,NULL,NULL,0,NULL),(65554,'2013-12-24 17:05:50','\0','专车专用座套','',2,'',0,NULL,32778,NULL,NULL,NULL,0,NULL),(65555,'2013-12-24 17:05:57','\0','通用座套','',2,'',0,NULL,32778,NULL,NULL,NULL,0,NULL),(65556,'2013-12-24 17:06:02','\0','专车专用脚垫','',2,'',0,NULL,32778,NULL,NULL,NULL,0,NULL),(65557,'2013-12-24 17:06:26','\0','香水','',2,'',0,NULL,32779,NULL,NULL,NULL,0,NULL),(65558,'2013-12-24 17:06:33','\0','空气净化','',2,'',0,NULL,32779,NULL,NULL,NULL,0,NULL),(65559,'2013-12-24 17:06:39','\0','方向盘套','',2,'',0,NULL,32779,NULL,NULL,NULL,0,NULL),(65560,'2013-12-24 17:06:57','\0','颈枕腰靠','',2,'',0,NULL,32779,NULL,NULL,NULL,0,NULL),(65561,'2013-12-24 17:07:03','\0','摆挂','',2,'',0,NULL,32779,NULL,NULL,NULL,0,NULL),(65562,'2013-12-24 17:07:08','\0','杂物收纳','',2,'',0,NULL,32779,NULL,NULL,NULL,0,NULL),(65563,'2013-12-24 17:07:12','\0','装饰布艺','',2,'',0,NULL,32779,NULL,NULL,NULL,0,NULL),(65564,'2015-02-08 11:53:02','\0','日用百货、营养健康','',0,'',10,NULL,NULL,'','','27',0,NULL),(65565,'2015-02-08 11:53:17','\0','音响、美术、摄影','',0,'',11,NULL,NULL,'','','15',0,NULL),(65566,'2015-02-08 11:53:41','\0','文化娱乐、古董收藏','',0,'',12,NULL,NULL,'','','14',0,NULL),(65567,'2015-02-08 11:58:41','\0','美食特产、营养保健','',0,'',13,NULL,NULL,'','','20',0,NULL),(65568,'2015-02-08 11:58:53','\0','虚拟服务、充值服务','',0,'',14,NULL,NULL,'','','16',0,NULL),(65569,'2015-03-01 12:40:50','\0','杯子水具','',1,'',0,NULL,65564,'','','',0,NULL),(65570,'2015-03-01 12:41:05','\0','家务清洁','',1,'',1,NULL,65564,'','','',0,NULL),(65571,'2015-03-01 12:41:22','\0','烹饪餐具','',1,'',2,NULL,65564,'','','',0,NULL),(65572,'2015-03-01 12:41:41','\0','储物收纳','',1,'',3,NULL,65564,'','','',0,NULL),(65573,'2015-03-01 12:43:39','\0','马克杯','',2,'',0,NULL,65569,'','','',0,NULL),(65574,'2015-03-01 12:43:53','\0','杯具套装','',2,'',0,NULL,65569,'','','',0,NULL),(65575,'2015-03-01 12:44:00','\0','整套茶具','',2,'',0,NULL,65569,'','','',0,NULL),(65576,'2015-03-01 12:44:06','\0','功夫茶具','',2,'',0,NULL,65569,'','','',0,NULL),(65577,'2015-03-01 12:44:13','\0','酒杯','',2,'',0,NULL,65569,'','','',0,NULL),(65578,'2015-03-01 12:44:21','\0','酒具套件','',2,'',0,NULL,65569,'','','',0,NULL),(65579,'2015-03-01 12:44:29','\0','咖啡杯','',2,'',0,NULL,65569,'','','',0,NULL),(65580,'2015-03-01 12:45:38','\0','拖把','',2,'',0,NULL,65570,'','','',0,NULL),(65581,'2015-03-01 12:45:45','\0','衣架','',2,'',0,NULL,65570,'','','',0,NULL),(65582,'2015-03-01 12:45:51','\0','垃圾桶','',2,'',0,NULL,65570,'','','',0,NULL),(65583,'2015-03-01 12:45:56','\0','垃圾袋','',2,'',0,NULL,65570,'','','',0,NULL),(65584,'2015-03-01 12:46:04','\0','围裙','',2,'',0,NULL,65570,'','','',0,NULL),(65585,'2015-03-01 12:46:10','\0','袖套','',2,'',0,NULL,65570,'','','',0,NULL),(65586,'2015-03-01 12:46:16','\0','橡胶手套','',2,'',0,NULL,65570,'','','',0,NULL),(65587,'2015-03-01 12:48:00','\0','平底锅','',2,'',0,NULL,65571,'','','',0,NULL),(65588,'2015-03-01 12:48:58','\0','锅组套装','',2,'',0,NULL,65571,'','','',0,NULL),(65589,'2015-03-01 12:49:06','\0','餐具套装','',2,'',0,NULL,65571,'','','',0,NULL),(65590,'2015-03-01 12:49:15','\0','便携餐具','',2,'',0,NULL,65571,'','','',0,NULL),(65591,'2015-03-01 12:49:34','\0','饭盒','',2,'',0,NULL,65571,'','','',0,NULL),(65592,'2015-03-01 12:52:53','\0','置物架','',2,'',0,NULL,65572,'','','',0,NULL),(65593,'2015-03-01 12:53:05','\0','化妆包','',2,'',0,NULL,65572,'','','',0,NULL),(65594,'2015-03-01 12:53:12','\0','纸巾盒','',2,'',0,NULL,65572,'','','',0,NULL),(65595,'2015-03-01 12:53:19','\0','挂钩','',2,'',0,NULL,65572,'','','',0,NULL),(65596,'2015-03-01 12:53:26','\0','压缩袋','',2,'',0,NULL,65572,'','','',0,NULL),(65597,'2015-03-01 12:53:35','\0','购物车','',2,'',0,NULL,65572,'','','',0,NULL),(65598,'2015-03-01 12:53:42','\0','鞋盒','',2,'',0,NULL,65572,'','','',0,NULL),(65599,'2015-03-01 12:53:54','\0','内衣收纳','',2,'',0,NULL,65572,'','','',0,NULL),(65600,'2015-03-01 12:54:03','\0','牙签盒','',2,'',0,NULL,65572,'','','',0,NULL),(65601,'2015-03-01 12:55:47','\0','汽车摩托','',1,'',0,NULL,65565,'','','',0,NULL),(65602,'2015-03-01 12:56:29','\0','二手车','',2,'',0,NULL,65601,'','','',0,NULL),(65603,'2015-03-01 12:56:35','\0','新车整车','',2,'',0,NULL,65601,'','','',0,NULL),(65604,'2015-03-01 12:56:48','\0','加油卡','',2,'',0,NULL,65601,'','','',0,NULL),(65605,'2015-03-01 12:56:55','\0','驾驶培训','',2,'',0,NULL,65601,'','','',0,NULL),(65606,'2015-03-01 12:57:00','\0','租车','',2,'',0,NULL,65601,'','','',0,NULL),(65607,'2015-03-01 12:57:06','\0','加装服务','',2,'',0,NULL,65601,'','','',0,NULL),(65608,'2015-03-01 12:57:13','\0','电子安装','',2,'',0,NULL,65601,'','','',0,NULL),(65609,'2015-03-01 12:57:45','\0','汽车装饰','',1,'',1,NULL,65565,'','','',0,NULL),(65610,'2015-03-01 12:57:55','\0','座垫','',2,'',0,NULL,65609,'','','',0,NULL),(65611,'2015-03-01 12:58:03','\0','座套','',2,'',0,NULL,65609,'','','',0,NULL),(65612,'2015-03-01 12:58:18','\0','脚垫','',2,'',0,NULL,65609,'','','',0,NULL),(65613,'2015-03-01 12:58:24','\0','儿童座椅','',2,'',0,NULL,65609,'','','',0,NULL),(65614,'2015-03-01 12:58:31','\0','装饰贴','',2,'',0,NULL,65609,'','','',0,NULL),(65615,'2015-03-01 12:59:04','\0','车挂','',2,'',0,NULL,65609,'','','',0,NULL),(65616,'2015-03-01 12:59:12','\0','车用香水','',2,'',0,NULL,65609,'','','',0,NULL),(65617,'2015-03-01 12:59:27','\0','头枕腰靠','',2,'',0,NULL,65609,'','','',0,NULL),(65618,'2015-03-01 12:59:34','\0','护目镜','',2,'',0,NULL,65609,'','','',0,NULL),(65619,'2015-03-01 13:00:13','\0','汽车零配','',2,'',3,NULL,65619,'','','',0,NULL),(65627,'2015-03-01 13:02:40','\0','鲜花绿植','',1,'',0,NULL,65566,'','','',0,NULL),(65628,'2015-03-01 13:02:49','\0','古董收藏','',1,'',0,NULL,65566,'','','',0,NULL),(65629,'2015-03-01 13:03:14','\0','鲜花速递','',2,'',0,NULL,65627,'','','',0,NULL),(65630,'2015-03-01 13:03:22','\0','绿植','',2,'',0,NULL,65627,'','','',0,NULL),(65631,'2015-03-01 13:03:27','\0','仿真花','',2,'',0,NULL,65627,'','','',0,NULL),(65632,'2015-03-01 13:03:33','\0','庭院植物','',2,'',0,NULL,65627,'','','',0,NULL),(65633,'2015-03-01 13:03:39','\0','种子','',2,'',0,NULL,65627,'','','',0,NULL),(65634,'2015-03-01 13:03:44','\0','花瓶花盆','',2,'',0,NULL,65627,'','','',0,NULL),(65635,'2015-03-01 13:04:13','\0','宗教用品','',2,'',0,NULL,65628,'','','',0,NULL),(65636,'2015-03-01 13:04:21','\0','钱币','',2,'',0,NULL,65628,'','','',0,NULL),(65637,'2015-03-01 13:04:27','\0','玉石','',2,'',0,NULL,65628,'','','',0,NULL),(65638,'2015-03-01 13:04:33','\0','邮品','',2,'',0,NULL,65628,'','','',0,NULL),(65639,'2015-03-01 13:04:38','\0','唱片','',2,'',0,NULL,65628,'','','',0,NULL),(65640,'2015-03-01 13:04:43','\0','佛珠','',2,'',0,NULL,65628,'','','',0,NULL),(65641,'2015-03-01 13:04:48','\0','紫砂','',2,'',0,NULL,65628,'','','',0,NULL),(65642,'2015-03-01 13:04:54','\0','古玩杂项','',2,'',0,NULL,65628,'','','',0,NULL),(65643,'2015-03-01 13:05:02','\0','书法绘画','',2,'',0,NULL,65628,'','','',0,NULL),(65644,'2015-03-01 13:05:44','\0','休闲零食','',1,'',0,NULL,65567,'','','',0,NULL),(65645,'2015-03-01 13:05:55','\0','巧克力','',2,'',0,NULL,65644,'','','',0,NULL),(65646,'2015-03-01 13:06:02','\0','马卡龙','',2,'',0,NULL,65644,'','','',0,NULL),(65647,'2015-03-01 13:06:12','\0','肉松饼','',2,'',0,NULL,65644,'','','',0,NULL),(65648,'2015-03-01 13:06:18','\0','曲奇','',2,'',0,NULL,65644,'','','',0,NULL),(65649,'2015-03-01 13:06:25','\0','布丁','',2,'',0,NULL,65644,'','','',0,NULL),(65650,'2015-03-01 13:06:31','\0','核桃','',2,'',0,NULL,65644,'','','',0,NULL),(65651,'2015-03-01 13:06:39','\0','夏威夷果','',2,'',0,NULL,65644,'','','',0,NULL),(65652,'2015-03-01 13:07:48','\0','营养保健','',1,'',1,NULL,65567,'','','',0,NULL),(65653,'2015-03-01 13:07:55','\0','维生素','',2,'',0,NULL,65652,'','','',0,NULL),(65654,'2015-03-01 13:08:01','\0','胶原蛋白','',2,'',0,NULL,65652,'','','',0,NULL),(65655,'2015-03-01 13:10:27','\0','膳食纤维','',2,'',0,NULL,65652,'','','',0,NULL),(65656,'2015-03-01 13:10:37','\0','氨基酸','',2,'',0,NULL,65652,'','','',0,NULL),(65657,'2015-03-01 13:10:43','\0','蛋白质粉','',2,'',0,NULL,65652,'','','',0,NULL),(65658,'2015-03-01 13:10:51','\0','鱼肝油','',2,'',0,NULL,65652,'','','',0,NULL),(65659,'2015-03-01 13:10:56','\0','蜂胶','',2,'',0,NULL,65652,'','','',0,NULL),(65660,'2015-03-01 13:11:02','\0','钙镁片','',2,'',0,NULL,65652,'','','',0,NULL),(65661,'2015-03-01 13:11:38','\0','话费网厅','',1,'',0,NULL,65568,'','','',0,NULL),(65662,'2015-03-01 13:11:50','\0','话费充值','',2,'',0,NULL,65661,'','','',0,NULL),(65663,'2015-03-01 13:11:55','\0','移动','',2,'',0,NULL,65661,'','','',0,NULL),(65664,'2015-03-01 13:12:01','\0','联通','',2,'',0,NULL,65661,'','','',0,NULL),(65665,'2015-03-01 13:12:07','\0','电信','',2,'',0,NULL,65661,'','','',0,NULL),(65666,'2015-03-01 13:12:13','\0','定期充值','',2,'',0,NULL,65661,'','','',0,NULL),(65667,'2015-03-01 13:12:30','\0','3G上网卡','',2,'',0,NULL,65661,'','','',0,NULL),(65668,'2015-03-01 13:12:36','\0','手机号码','',2,'',0,NULL,65661,'','','',0,NULL),(65669,'2015-03-01 13:12:57','\0','游戏','',1,'',1,NULL,65568,'','','',0,NULL),(65670,'2015-03-01 13:13:33','\0','魔兽','',2,'',0,NULL,65669,'','','',0,NULL),(65671,'2015-03-01 13:13:40','\0','梦幻西游','',2,'',0,NULL,65669,'','','',0,NULL),(65672,'2015-03-01 13:13:46','\0','装备交易','',2,'',0,NULL,65669,'','','',0,NULL),(65673,'2015-03-01 13:13:53','\0','龙之谷','',2,'',0,NULL,65669,'','','',0,NULL),(65674,'2015-03-01 13:13:59','\0','网页游戏','',2,'',0,NULL,65669,'','','',0,NULL),(65675,'2015-03-01 13:14:23','\0','新手卡','',2,'',0,NULL,65669,'','','',0,NULL),(65676,'2015-03-01 13:14:30','\0','斗地主','',2,'',0,NULL,65669,'','','',0,NULL),(65677,'2015-03-01 13:14:36','\0','代练','',2,'',0,NULL,65669,'','','',0,NULL),(65678,'2015-03-01 13:14:44','\0','剑灵','',2,'',0,NULL,65669,'','','',0,NULL),(65679,'2015-03-02 15:48:12','\0','童鞋','',1,'',0,2,25,'','','',0,NULL);

UNLOCK TABLES;

/*Table structure for table `shopping_goodsclassstaple` */

DROP TABLE IF EXISTS `shopping_goodsclassstaple`;

CREATE TABLE `shopping_goodsclassstaple` (
  `id` bigint(20) NOT NULL AUTO_INCREMENT,
  `addTime` datetime DEFAULT NULL,
  `deleteStatus` bit(1) NOT NULL,
  `name` varchar(255) DEFAULT NULL,
  `gc_id` bigint(20) DEFAULT NULL,
  `store_id` bigint(20) DEFAULT NULL,
  PRIMARY KEY (`id`),
  KEY `FK335B1F3C6BDDCC57` (`gc_id`),
  KEY `FK335B1F3C920D7683` (`store_id`),
  KEY `FK24B7422DD06648` (`gc_id`),
  KEY `FK24B74221C0CA9F2` (`store_id`),
  CONSTRAINT `FK24B74221C0CA9F2` FOREIGN KEY (`store_id`) REFERENCES `shopping_store` (`id`),
  CONSTRAINT `FK24B7422DD06648` FOREIGN KEY (`gc_id`) REFERENCES `shopping_goodsclass` (`id`),
  CONSTRAINT `FK335B1F3C6BDDCC57` FOREIGN KEY (`gc_id`) REFERENCES `shopping_goodsclass` (`id`),
  CONSTRAINT `FK335B1F3C920D7683` FOREIGN KEY (`store_id`) REFERENCES `shopping_store` (`id`)
) ENGINE=InnoDB AUTO_INCREMENT=65538 DEFAULT CHARSET=utf8;

/*Data for the table `shopping_goodsclassstaple` */

LOCK TABLES `shopping_goodsclassstaple` WRITE;

insert  into `shopping_goodsclassstaple`(`id`,`addTime`,`deleteStatus`,`name`,`gc_id`,`store_id`) values (1,'2013-12-24 13:09:28','\0','男女服饰>男装>休闲夹克',5,1),(32768,'2013-12-24 14:58:47','\0','男女服饰>女装>连衣裙',17,1),(32769,'2013-12-24 15:03:02','\0','男女服饰>家居内衣>塑身内衣',19,1),(32770,'2013-12-24 16:14:23','\0','鞋包配饰>鞋包皮具>真皮包',34,1),(32771,'2013-12-24 16:14:25','\0','鞋包配饰>鞋包皮具>时尚钱包',35,1),(32772,'2013-12-24 16:14:39','\0','鞋包配饰>鞋包皮具>多功能包',36,1),(65536,'2014-01-10 19:24:36','\0','男女服饰>男装>时尚T恤',8,1),(65537,'2014-09-25 11:29:43','\0','数码电子>手机通讯>手机充值卡',78,32769);

UNLOCK TABLES;

/*Table structure for table `shopping_goodsrecommend` */

DROP TABLE IF EXISTS `shopping_goodsrecommend`;

CREATE TABLE `shopping_goodsrecommend` (
  `id` bigint(20) NOT NULL AUTO_INCREMENT,
  `addTime` datetime DEFAULT NULL,
  `deleteStatus` bit(1) NOT NULL,
  `browseNum` int(11) NOT NULL,
  `code` longtext,
  `goodsNum` int(11) NOT NULL,
  `imageHeight` int(11) NOT NULL,
  `imageWidth` int(11) NOT NULL,
  `remarkInfo` varchar(255) DEFAULT NULL,
  `sequence` int(11) NOT NULL,
  `showNum` int(11) NOT NULL,
  `styleName` varchar(255) DEFAULT NULL,
  `typeName` varchar(255) DEFAULT NULL,
  PRIMARY KEY (`id`)
) ENGINE=InnoDB DEFAULT CHARSET=utf8;

/*Data for the table `shopping_goodsrecommend` */

LOCK TABLES `shopping_goodsrecommend` WRITE;

UNLOCK TABLES;

/*Table structure for table `shopping_goodsspecification` */

DROP TABLE IF EXISTS `shopping_goodsspecification`;

CREATE TABLE `shopping_goodsspecification` (
  `id` bigint(20) NOT NULL AUTO_INCREMENT,
  `addTime` datetime DEFAULT NULL,
  `deleteStatus` bit(1) NOT NULL,
  `name` varchar(255) DEFAULT NULL,
  `sequence` int(11) NOT NULL,
  `type` varchar(255) DEFAULT NULL,
  PRIMARY KEY (`id`)
) ENGINE=InnoDB AUTO_INCREMENT=32769 DEFAULT CHARSET=utf8;

/*Data for the table `shopping_goodsspecification` */

LOCK TABLES `shopping_goodsspecification` WRITE;

insert  into `shopping_goodsspecification`(`id`,`addTime`,`deleteStatus`,`name`,`sequence`,`type`) values (1,'2013-12-24 08:57:34','\0','鞋码',0,'text'),(2,'2013-12-24 08:59:56','\0','尺码',1,'text'),(32768,'2013-12-24 09:41:36','\0','颜色',3,'img');

UNLOCK TABLES;

/*Table structure for table `shopping_goodsspecproperty` */

DROP TABLE IF EXISTS `shopping_goodsspecproperty`;

CREATE TABLE `shopping_goodsspecproperty` (
  `id` bigint(20) NOT NULL AUTO_INCREMENT,
  `addTime` datetime DEFAULT NULL,
  `deleteStatus` bit(1) NOT NULL,
  `sequence` int(11) NOT NULL,
  `value` varchar(255) DEFAULT NULL,
  `spec_id` bigint(20) DEFAULT NULL,
  `specImage_id` bigint(20) DEFAULT NULL,
  PRIMARY KEY (`id`),
  KEY `FK1F5139F54F314235` (`specImage_id`),
  KEY `FK1F5139F574A287A3` (`spec_id`),
  KEY `FK2E6B81CF967B2624` (`specImage_id`),
  KEY `FK2E6B81CF7F58A094` (`spec_id`),
  CONSTRAINT `FK1F5139F54F314235` FOREIGN KEY (`specImage_id`) REFERENCES `shopping_accessory` (`id`),
  CONSTRAINT `FK1F5139F574A287A3` FOREIGN KEY (`spec_id`) REFERENCES `shopping_goodsspecification` (`id`),
  CONSTRAINT `FK2E6B81CF7F58A094` FOREIGN KEY (`spec_id`) REFERENCES `shopping_goodsspecification` (`id`),
  CONSTRAINT `FK2E6B81CF967B2624` FOREIGN KEY (`specImage_id`) REFERENCES `shopping_accessory` (`id`)
) ENGINE=InnoDB AUTO_INCREMENT=32775 DEFAULT CHARSET=utf8;

/*Data for the table `shopping_goodsspecproperty` */

LOCK TABLES `shopping_goodsspecproperty` WRITE;

insert  into `shopping_goodsspecproperty`(`id`,`addTime`,`deleteStatus`,`sequence`,`value`,`spec_id`,`specImage_id`) values (1,'2013-12-24 08:57:34','\0',1,'35',1,NULL),(2,'2013-12-24 08:57:34','\0',2,'36',1,NULL),(3,'2013-12-24 08:57:34','\0',3,'37',1,NULL),(4,'2013-12-24 08:57:34','\0',4,'38',1,NULL),(5,'2013-12-24 08:57:34','\0',5,'39',1,NULL),(6,'2013-12-24 08:57:34','\0',6,'40',1,NULL),(7,'2013-12-24 08:57:34','\0',7,'41',1,NULL),(8,'2013-12-24 08:57:34','\0',8,'42',1,NULL),(9,'2013-12-24 08:57:34','\0',9,'43',1,NULL),(10,'2013-12-24 08:57:35','\0',10,'44',1,NULL),(11,'2013-12-24 08:57:35','\0',11,'45',1,NULL),(12,'2013-12-24 08:57:35','\0',12,'47',1,NULL),(13,'2013-12-24 08:57:35','\0',13,'特号',1,NULL),(14,'2013-12-24 08:59:56','\0',1,'均码',2,NULL),(15,'2013-12-24 08:59:56','\0',2,'XXS',2,NULL),(16,'2013-12-24 08:59:56','\0',3,'XS',2,NULL),(17,'2013-12-24 08:59:56','\0',4,'S',2,NULL),(18,'2013-12-24 08:59:56','\0',5,'M',2,NULL),(19,'2013-12-24 08:59:56','\0',6,'L',2,NULL),(20,'2013-12-24 08:59:56','\0',7,'XL',2,NULL),(21,'2013-12-24 08:59:56','\0',8,'XXL',2,NULL),(22,'2013-12-24 08:59:56','\0',9,'XXXL',2,NULL),(23,'2013-12-24 08:59:56','\0',10,'特体',2,NULL),(32768,'2013-12-24 09:43:19','\0',0,'白色',32768,32768),(32769,'2013-12-24 09:43:19','\0',1,'黑色',32768,32769),(32770,'2013-12-24 09:43:19','\0',2,'红色',32768,32770),(32771,'2013-12-24 09:43:19','\0',3,'紫色',32768,32771),(32772,'2013-12-24 09:43:19','\0',4,'桔色',32768,32772),(32773,'2013-12-24 09:43:19','\0',5,'蓝色',32768,32773),(32774,'2013-12-24 09:43:19','\0',6,'透明',32768,32774);

UNLOCK TABLES;

/*Table structure for table `shopping_goodstype` */

DROP TABLE IF EXISTS `shopping_goodstype`;

CREATE TABLE `shopping_goodstype` (
  `id` bigint(20) NOT NULL AUTO_INCREMENT,
  `addTime` datetime DEFAULT NULL,
  `deleteStatus` bit(1) NOT NULL,
  `name` varchar(255) DEFAULT NULL,
  `sequence` int(11) NOT NULL,
  PRIMARY KEY (`id`)
) ENGINE=InnoDB AUTO_INCREMENT=3 DEFAULT CHARSET=utf8;

/*Data for the table `shopping_goodstype` */

LOCK TABLES `shopping_goodstype` WRITE;

insert  into `shopping_goodstype`(`id`,`addTime`,`deleteStatus`,`name`,`sequence`) values (1,'2013-12-24 10:17:33','\0','服装',0),(2,'2013-12-24 10:18:13','\0','鞋号',1);

UNLOCK TABLES;

/*Table structure for table `shopping_goodstype_brand` */

DROP TABLE IF EXISTS `shopping_goodstype_brand`;

CREATE TABLE `shopping_goodstype_brand` (
  `type_id` bigint(20) NOT NULL,
  `brand_id` bigint(20) NOT NULL,
  KEY `FKA5ABC541667C5CC` (`brand_id`),
  KEY `FKA5ABC54117C323C8` (`type_id`),
  CONSTRAINT `FKA5ABC54117C323C8` FOREIGN KEY (`type_id`) REFERENCES `shopping_goodstype` (`id`),
  CONSTRAINT `FKA5ABC541667C5CC` FOREIGN KEY (`brand_id`) REFERENCES `shopping_goodsbrand` (`id`)
) ENGINE=InnoDB DEFAULT CHARSET=utf8;

/*Data for the table `shopping_goodstype_brand` */

LOCK TABLES `shopping_goodstype_brand` WRITE;

insert  into `shopping_goodstype_brand`(`type_id`,`brand_id`) values (2,11),(2,12),(2,13),(1,1),(1,2),(1,3),(1,4),(1,5),(1,6),(1,7),(1,8),(1,9),(1,10),(1,14),(1,11),(1,12),(1,13);

UNLOCK TABLES;

/*Table structure for table `shopping_goodstype_spec` */

DROP TABLE IF EXISTS `shopping_goodstype_spec`;

CREATE TABLE `shopping_goodstype_spec` (
  `type_id` bigint(20) NOT NULL,
  `spec_id` bigint(20) NOT NULL,
  KEY `FK82E5085B74A287A3` (`spec_id`),
  KEY `FK82E5085BD0793FD9` (`type_id`),
  KEY `FKCB915EC17F58A094` (`spec_id`),
  KEY `FKCB915EC117C323C8` (`type_id`),
  CONSTRAINT `FK82E5085B74A287A3` FOREIGN KEY (`spec_id`) REFERENCES `shopping_goodsspecification` (`id`),
  CONSTRAINT `FK82E5085BD0793FD9` FOREIGN KEY (`type_id`) REFERENCES `shopping_goodstype` (`id`),
  CONSTRAINT `FKCB915EC117C323C8` FOREIGN KEY (`type_id`) REFERENCES `shopping_goodstype` (`id`),
  CONSTRAINT `FKCB915EC17F58A094` FOREIGN KEY (`spec_id`) REFERENCES `shopping_goodsspecification` (`id`)
) ENGINE=InnoDB DEFAULT CHARSET=utf8;

/*Data for the table `shopping_goodstype_spec` */

LOCK TABLES `shopping_goodstype_spec` WRITE;

insert  into `shopping_goodstype_spec`(`type_id`,`spec_id`) values (2,1),(2,32768),(1,2),(1,32768);

UNLOCK TABLES;

/*Table structure for table `shopping_goodstypeproperty` */

DROP TABLE IF EXISTS `shopping_goodstypeproperty`;

CREATE TABLE `shopping_goodstypeproperty` (
  `id` bigint(20) NOT NULL AUTO_INCREMENT,
  `addTime` datetime DEFAULT NULL,
  `deleteStatus` bit(1) NOT NULL,
  `display` bit(1) NOT NULL,
  `name` varchar(255) DEFAULT NULL,
  `sequence` int(11) NOT NULL,
  `value` varchar(255) DEFAULT NULL,
  `goodsType_id` bigint(20) DEFAULT NULL,
  PRIMARY KEY (`id`),
  KEY `FKABDE274F8D6DBC3` (`goodsType_id`),
  KEY `FK19D82A4E4020BFB2` (`goodsType_id`),
  CONSTRAINT `FK19D82A4E4020BFB2` FOREIGN KEY (`goodsType_id`) REFERENCES `shopping_goodstype` (`id`),
  CONSTRAINT `FKABDE274F8D6DBC3` FOREIGN KEY (`goodsType_id`) REFERENCES `shopping_goodstype` (`id`)
) ENGINE=InnoDB AUTO_INCREMENT=4 DEFAULT CHARSET=utf8;

/*Data for the table `shopping_goodstypeproperty` */

LOCK TABLES `shopping_goodstypeproperty` WRITE;

insert  into `shopping_goodstypeproperty`(`id`,`addTime`,`deleteStatus`,`display`,`name`,`sequence`,`value`,`goodsType_id`) values (1,'2014-08-27 14:13:57','\0','','款式',1,'长袖,短袖,七分/五分袖,无袖,两件套,宽松',1),(2,'2014-08-27 14:13:57','\0','','材质',2,'纯棉,真丝,聚酯,棉+氨伦,氨伦（卡莱）,人造棉,其他',1),(3,'2014-08-27 14:13:57','\0','','衣长',3,'短款（衣长35-50CM）,中长款（衣长50-70CM）,长款（衣长70-100CM）',1);

UNLOCK TABLES;

/*Table structure for table `shopping_group` */

DROP TABLE IF EXISTS `shopping_group`;

CREATE TABLE `shopping_group` (
  `id` bigint(20) NOT NULL AUTO_INCREMENT,
  `addTime` datetime DEFAULT NULL,
  `deleteStatus` bit(1) NOT NULL,
  `beginTime` datetime DEFAULT NULL,
  `endTime` datetime DEFAULT NULL,
  `group_name` varchar(255) DEFAULT NULL,
  `joinEndTime` datetime DEFAULT NULL,
  `status` int(11) NOT NULL,
  PRIMARY KEY (`id`),
  UNIQUE KEY `id` (`id`)
) ENGINE=InnoDB AUTO_INCREMENT=3 DEFAULT CHARSET=utf8;

/*Data for the table `shopping_group` */

LOCK TABLES `shopping_group` WRITE;

insert  into `shopping_group`(`id`,`addTime`,`deleteStatus`,`beginTime`,`endTime`,`group_name`,`joinEndTime`,`status`) values (1,'2014-02-26 11:48:52','\0','2014-02-25 00:00:00','2014-05-20 00:00:00','蛇年首期优惠大团购','2014-04-30 00:00:00',-2),(2,'2014-09-25 15:22:46','\0','2014-09-23 00:00:00','2020-12-31 00:00:00','新团购','2015-12-01 00:00:00',0);

UNLOCK TABLES;

/*Table structure for table `shopping_group_area` */

DROP TABLE IF EXISTS `shopping_group_area`;

CREATE TABLE `shopping_group_area` (
  `id` bigint(20) NOT NULL AUTO_INCREMENT,
  `addTime` datetime DEFAULT NULL,
  `deleteStatus` bit(1) NOT NULL,
  `ga_level` int(11) NOT NULL,
  `ga_name` varchar(255) DEFAULT NULL,
  `ga_sequence` int(11) NOT NULL,
  `parent_id` bigint(20) DEFAULT NULL,
  PRIMARY KEY (`id`),
  UNIQUE KEY `id` (`id`),
  KEY `FKFE49BD841A75D854` (`parent_id`),
  CONSTRAINT `FKFE49BD841A75D854` FOREIGN KEY (`parent_id`) REFERENCES `shopping_group_area` (`id`)
) ENGINE=InnoDB AUTO_INCREMENT=8 DEFAULT CHARSET=utf8;

/*Data for the table `shopping_group_area` */

LOCK TABLES `shopping_group_area` WRITE;

insert  into `shopping_group_area`(`id`,`addTime`,`deleteStatus`,`ga_level`,`ga_name`,`ga_sequence`,`parent_id`) values (1,'2014-02-26 11:42:46','\0',0,'沈阳',0,NULL),(2,'2014-02-26 11:42:55','\0',0,'北京',1,NULL),(3,'2014-02-26 11:43:04','\0',0,'重庆',2,NULL),(4,'2014-02-26 11:43:11','\0',0,'成都',2,NULL),(5,'2014-02-26 11:43:20','\0',0,'武汉',4,NULL),(6,'2014-02-26 11:43:43','\0',0,'上海',5,NULL),(7,'2014-02-26 11:43:52','\0',0,'哈尔滨',6,NULL);

UNLOCK TABLES;

/*Table structure for table `shopping_group_class` */

DROP TABLE IF EXISTS `shopping_group_class`;

CREATE TABLE `shopping_group_class` (
  `id` bigint(20) NOT NULL AUTO_INCREMENT,
  `addTime` datetime DEFAULT NULL,
  `deleteStatus` bit(1) NOT NULL,
  `gc_level` int(11) NOT NULL,
  `gc_name` varchar(255) DEFAULT NULL,
  `gc_sequence` int(11) NOT NULL,
  `parent_id` bigint(20) DEFAULT NULL,
  PRIMARY KEY (`id`),
  UNIQUE KEY `id` (`id`),
  KEY `FKE80BA8071C634840` (`parent_id`),
  KEY `FKCB075B61BE55E231` (`parent_id`),
  CONSTRAINT `FKCB075B61BE55E231` FOREIGN KEY (`parent_id`) REFERENCES `shopping_group_class` (`id`),
  CONSTRAINT `FKE80BA8071C634840` FOREIGN KEY (`parent_id`) REFERENCES `shopping_group_class` (`id`)
) ENGINE=InnoDB AUTO_INCREMENT=5 DEFAULT CHARSET=utf8;

/*Data for the table `shopping_group_class` */

LOCK TABLES `shopping_group_class` WRITE;

insert  into `shopping_group_class`(`id`,`addTime`,`deleteStatus`,`gc_level`,`gc_name`,`gc_sequence`,`parent_id`) values (1,'2014-02-26 11:41:17','\0',0,'手机数码',0,NULL),(2,'2014-02-26 11:41:34','\0',0,'流行服饰',1,NULL),(3,'2014-02-26 11:42:06','\0',0,'美食天下',2,NULL),(4,'2014-02-26 11:42:23','\0',0,'最新电影',3,NULL);

UNLOCK TABLES;

/*Table structure for table `shopping_group_goods` */

DROP TABLE IF EXISTS `shopping_group_goods`;

CREATE TABLE `shopping_group_goods` (
  `id` bigint(20) NOT NULL AUTO_INCREMENT,
  `addTime` datetime DEFAULT NULL,
  `deleteStatus` bit(1) NOT NULL,
  `gg_audit_time` datetime DEFAULT NULL,
  `gg_content` longtext,
  `gg_count` int(11) NOT NULL,
  `gg_def_count` int(11) NOT NULL,
  `gg_group_count` int(11) NOT NULL,
  `gg_max_count` int(11) NOT NULL,
  `gg_min_count` int(11) NOT NULL,
  `gg_name` varchar(255) DEFAULT NULL,
  `gg_price` decimal(12,2) DEFAULT NULL,
  `gg_rebate` decimal(12,2) DEFAULT NULL,
  `gg_recommend` int(11) NOT NULL,
  `gg_recommend_time` datetime DEFAULT NULL,
  `gg_status` int(11) NOT NULL,
  `gg_vir_count` int(11) NOT NULL,
  `gg_ga_id` bigint(20) DEFAULT NULL,
  `gg_gc_id` bigint(20) DEFAULT NULL,
  `gg_goods_id` bigint(20) DEFAULT NULL,
  `gg_img_id` bigint(20) DEFAULT NULL,
  `group_id` bigint(20) DEFAULT NULL,
  `weixin_shop_recommend` bit(1) DEFAULT b'0',
  `weixin_shop_recommendTime` date DEFAULT NULL,
  PRIMARY KEY (`id`),
  UNIQUE KEY `id` (`id`),
  KEY `FKE84595E5108251` (`gg_img_id`),
  KEY `FKE84595E55D2DC6AF` (`gg_gc_id`),
  KEY `FKE84595E5493829C3` (`group_id`),
  KEY `FKE84595E5E08B86E2` (`gg_goods_id`),
  KEY `FKE84595E513F58A16` (`gg_ga_id`),
  KEY `FKCB41493F475A6640` (`gg_img_id`),
  KEY `FKCB41493FFF2060A0` (`gg_gc_id`),
  KEY `FKCB41493FD3375D32` (`group_id`),
  KEY `FKCB41493F6A8ABA51` (`gg_goods_id`),
  KEY `FKCB41493F5B3F6E05` (`gg_ga_id`),
  CONSTRAINT `FKCB41493F475A6640` FOREIGN KEY (`gg_img_id`) REFERENCES `shopping_accessory` (`id`),
  CONSTRAINT `FKCB41493F5B3F6E05` FOREIGN KEY (`gg_ga_id`) REFERENCES `shopping_group_area` (`id`),
  CONSTRAINT `FKCB41493F6A8ABA51` FOREIGN KEY (`gg_goods_id`) REFERENCES `shopping_goods` (`id`),
  CONSTRAINT `FKCB41493FD3375D32` FOREIGN KEY (`group_id`) REFERENCES `shopping_group` (`id`),
  CONSTRAINT `FKCB41493FFF2060A0` FOREIGN KEY (`gg_gc_id`) REFERENCES `shopping_group_class` (`id`),
  CONSTRAINT `FKE84595E5108251` FOREIGN KEY (`gg_img_id`) REFERENCES `shopping_accessory` (`id`),
  CONSTRAINT `FKE84595E513F58A16` FOREIGN KEY (`gg_ga_id`) REFERENCES `shopping_group_area` (`id`),
  CONSTRAINT `FKE84595E5493829C3` FOREIGN KEY (`group_id`) REFERENCES `shopping_group` (`id`),
  CONSTRAINT `FKE84595E55D2DC6AF` FOREIGN KEY (`gg_gc_id`) REFERENCES `shopping_group_class` (`id`),
  CONSTRAINT `FKE84595E5E08B86E2` FOREIGN KEY (`gg_goods_id`) REFERENCES `shopping_goods` (`id`)
) ENGINE=InnoDB AUTO_INCREMENT=32780 DEFAULT CHARSET=utf8;

/*Data for the table `shopping_group_goods` */

LOCK TABLES `shopping_group_goods` WRITE;

insert  into `shopping_group_goods`(`id`,`addTime`,`deleteStatus`,`gg_audit_time`,`gg_content`,`gg_count`,`gg_def_count`,`gg_group_count`,`gg_max_count`,`gg_min_count`,`gg_name`,`gg_price`,`gg_rebate`,`gg_recommend`,`gg_recommend_time`,`gg_status`,`gg_vir_count`,`gg_ga_id`,`gg_gc_id`,`gg_goods_id`,`gg_img_id`,`group_id`,`weixin_shop_recommend`,`weixin_shop_recommendTime`) values (1,'2014-02-26 11:51:23','\0','2014-02-26 17:20:03','',50,0,20,1,0,'时尚休闲翻领夹克 秋冬季新品夹克衫 团购折上折','120.00','4.00',1,'2014-02-26 17:20:41',-2,0,NULL,2,1,393216,1,'\0',NULL),(32768,'2014-02-26 17:16:25','\0','2014-02-26 17:20:03','',100,0,30,0,0,'男士毛领棉衣2013 新款外套休闲羽绒棉服棉袄  新春大优惠','410.00','5.86',1,'2014-02-26 17:21:07',-2,5,NULL,2,5,425984,1,'\0',NULL),(32769,'2014-02-26 17:17:20','\0','2014-02-26 17:20:03','',100,0,60,1,0,'苹果iPhone 5（16GB） 您的体验是我们最大的努力方向','3000.00','5.77',1,'2014-02-26 17:21:18',-2,0,NULL,1,98401,425985,1,'\0',NULL),(32770,'2014-02-26 17:18:13','\0','2014-02-26 17:20:03','',100,0,30,0,0,'NIKE 耐克 max 男式跑步鞋  ','100.00','3.33',1,'2014-02-26 17:20:22',-2,0,NULL,2,98319,425986,1,'\0',NULL),(32771,'2014-02-26 17:19:14','\0','2014-02-26 17:20:03','',100,0,30,0,0,'卡蒙仕 英伦风时尚潮流真皮圆头休闲皮鞋系带流行男鞋板鞋','340.00','4.86',1,'2014-02-26 17:20:21',-2,12,NULL,2,98321,425987,1,'\0',NULL),(32772,'2014-09-25 15:30:25','\0','2014-09-25 16:09:10','',80,0,20,1,0,'耐克Nike 正品男子阿甘跑步鞋蓝色经典系列  团购折上折','580.00','6.59',1,'2014-09-25 15:35:38',1,6,NULL,2,98408,426005,2,'\0',NULL),(32773,'2015-02-28 10:45:23','\0','2015-02-28 10:46:55','法兰绒休闲格子衬衫男长袖免烫磨毛男士格子衬衣',50,0,5,1,0,'法兰绒休闲格子衬衫男长袖免烫磨毛男士格子衬衣','198.00','5.82',0,NULL,1,1,NULL,2,6,426099,2,'','2015-03-01'),(32774,'2015-02-28 10:46:41','\0','2015-02-28 10:46:55','青年牛仔服男装立领牛仔外套男士春秋蓝色单夹克薄款外套',50,0,5,1,0,'青年牛仔服男装立领牛仔外套男士春秋蓝色单夹克薄款外套','500.00','7.14',0,NULL,1,2,NULL,1,9,426100,2,'','2015-03-01'),(32775,'2015-02-28 10:48:00','\0','2015-02-28 10:57:03','苹果iPhone 5（16GB） 您的体验是我们最大的努力方向',200,0,10,1,0,'苹果iPhone 5（16GB） 您的体验是我们最大的努力方向','4208.00','8.09',0,NULL,1,5,NULL,1,98401,426101,2,'','2015-03-01'),(32776,'2015-02-28 10:58:03','\0','2015-02-28 10:58:25','HTC One S android4.0系统 超值感受',100,0,5,1,0,'HTC One S android4.0系统 超值感受','2000.00','5.00',0,NULL,1,2,NULL,1,98409,426102,2,'','2015-03-01'),(32777,'2015-02-28 10:59:22','\0','2015-02-28 11:00:36','LISKAMM雷石 户外运动 透气防水防风男士冲锋衣113M',50,0,5,1,0,'LISKAMM雷石 户外运动 透气防水防风男士冲锋衣113M','100.00','5.00',0,NULL,1,5,NULL,2,98323,426103,2,'','2015-03-01'),(32778,'2015-02-28 11:00:22','\0','2015-02-28 11:00:36','餐自助烧烤包 户外烧烤炉 家用烧烤架 烤针烤网烤架',500,0,5,1,0,'餐自助烧烤包 户外烧烤炉 家用烧烤架 烤针烤网烤架','1200.00','6.00',0,NULL,1,6,NULL,3,98363,426104,2,'','2015-03-01'),(32779,'2015-02-28 11:01:57','\0','2015-02-28 11:02:23','羽毛球拍 正品超速 5200 女士专用',100,0,10,1,0,'羽毛球拍 正品超速 5200 女士专用','50.00','4.17',0,NULL,1,8,NULL,3,98376,426105,2,'','2015-03-01');

UNLOCK TABLES;

/*Table structure for table `shopping_group_price_range` */

DROP TABLE IF EXISTS `shopping_group_price_range`;

CREATE TABLE `shopping_group_price_range` (
  `id` bigint(20) NOT NULL AUTO_INCREMENT,
  `addTime` datetime DEFAULT NULL,
  `deleteStatus` bit(1) NOT NULL,
  `gpr_begin` int(11) NOT NULL,
  `gpr_end` int(11) NOT NULL,
  `gpr_name` varchar(255) DEFAULT NULL,
  PRIMARY KEY (`id`),
  UNIQUE KEY `id` (`id`)
) ENGINE=InnoDB AUTO_INCREMENT=6 DEFAULT CHARSET=utf8;

/*Data for the table `shopping_group_price_range` */

LOCK TABLES `shopping_group_price_range` WRITE;

insert  into `shopping_group_price_range`(`id`,`addTime`,`deleteStatus`,`gpr_begin`,`gpr_end`,`gpr_name`) values (1,'2014-02-26 11:45:27','\0',0,100,'100元以下'),(2,'2014-02-26 11:45:40','\0',101,500,'101元-500元'),(3,'2014-02-26 11:45:58','\0',501,1000,'501元-1000元'),(4,'2014-02-26 11:46:13','\0',1001,3000,'1001元-3000元'),(5,'2014-02-26 11:46:27','\0',3001,8000,'3001元-8000元');

UNLOCK TABLES;

/*Table structure for table `shopping_home_addention` */

DROP TABLE IF EXISTS `shopping_home_addention`;

CREATE TABLE `shopping_home_addention` (
  `id` bigint(20) NOT NULL AUTO_INCREMENT,
  `addTime` datetime DEFAULT NULL,
  `deleteStatus` bit(1) NOT NULL,
  `attention_homepage_id` bigint(20) DEFAULT NULL,
  `attentioned_id` bigint(20) DEFAULT NULL,
  PRIMARY KEY (`id`),
  UNIQUE KEY `id` (`id`),
  KEY `FKD4036D0F78D5D162` (`attentioned_id`),
  KEY `FKD4036D0FF2DAF870` (`attention_homepage_id`),
  CONSTRAINT `FKD4036D0F78D5D162` FOREIGN KEY (`attentioned_id`) REFERENCES `shopping_homepage` (`id`),
  CONSTRAINT `FKD4036D0FF2DAF870` FOREIGN KEY (`attention_homepage_id`) REFERENCES `shopping_homepage` (`id`)
) ENGINE=InnoDB DEFAULT CHARSET=utf8;

/*Data for the table `shopping_home_addention` */

LOCK TABLES `shopping_home_addention` WRITE;

UNLOCK TABLES;

/*Table structure for table `shopping_homepage` */

DROP TABLE IF EXISTS `shopping_homepage`;

CREATE TABLE `shopping_homepage` (
  `id` bigint(20) NOT NULL AUTO_INCREMENT,
  `addTime` datetime DEFAULT NULL,
  `deleteStatus` bit(1) NOT NULL,
  `owner_id` bigint(20) DEFAULT NULL,
  PRIMARY KEY (`id`),
  UNIQUE KEY `id` (`id`),
  KEY `FK578589FFBF621C69` (`owner_id`),
  KEY `FK543424E58A073F1A` (`owner_id`),
  CONSTRAINT `FK543424E58A073F1A` FOREIGN KEY (`owner_id`) REFERENCES `shopping_user` (`id`),
  CONSTRAINT `FK578589FFBF621C69` FOREIGN KEY (`owner_id`) REFERENCES `shopping_user` (`id`)
) ENGINE=InnoDB AUTO_INCREMENT=12 DEFAULT CHARSET=utf8;

/*Data for the table `shopping_homepage` */

LOCK TABLES `shopping_homepage` WRITE;

insert  into `shopping_homepage`(`id`,`addTime`,`deleteStatus`,`owner_id`) values (1,'2014-08-15 11:00:37','\0',1),(2,'2014-08-27 09:31:30','\0',32783),(3,'2014-08-27 09:54:10','\0',1),(4,'2014-08-27 09:56:33','\0',1),(5,'2014-08-27 09:58:15','\0',1),(6,'2014-08-27 09:59:12','\0',1),(7,'2014-08-29 13:03:45','\0',32768),(8,'2015-02-28 14:48:28','\0',32775),(9,'2015-02-28 16:13:20','\0',32778),(10,'2015-02-28 21:28:41','\0',32780),(11,'2015-03-02 19:18:06','\0',32781);

UNLOCK TABLES;

/*Table structure for table `shopping_homepage_goodsclass` */

DROP TABLE IF EXISTS `shopping_homepage_goodsclass`;

CREATE TABLE `shopping_homepage_goodsclass` (
  `id` bigint(20) NOT NULL AUTO_INCREMENT,
  `addTime` datetime DEFAULT NULL,
  `deleteStatus` bit(1) NOT NULL,
  `user_id` bigint(20) DEFAULT NULL,
  `gc_id` bigint(20) DEFAULT NULL,
  PRIMARY KEY (`id`),
  UNIQUE KEY `id` (`id`),
  KEY `FKF301D77CDD06648` (`gc_id`),
  KEY `FKF301D77C1E208F02` (`user_id`),
  CONSTRAINT `FKF301D77C1E208F02` FOREIGN KEY (`user_id`) REFERENCES `shopping_user` (`id`),
  CONSTRAINT `FKF301D77CDD06648` FOREIGN KEY (`gc_id`) REFERENCES `shopping_goodsclass` (`id`)
) ENGINE=InnoDB AUTO_INCREMENT=2 DEFAULT CHARSET=utf8;

/*Data for the table `shopping_homepage_goodsclass` */

LOCK TABLES `shopping_homepage_goodsclass` WRITE;

insert  into `shopping_homepage_goodsclass`(`id`,`addTime`,`deleteStatus`,`user_id`,`gc_id`) values (1,'2014-10-10 16:44:25','\0',1,NULL);

UNLOCK TABLES;

/*Table structure for table `shopping_homepage_goodsclass_log` */

DROP TABLE IF EXISTS `shopping_homepage_goodsclass_log`;

CREATE TABLE `shopping_homepage_goodsclass_log` (
  `id` bigint(20) NOT NULL AUTO_INCREMENT,
  `addTime` datetime DEFAULT NULL,
  `deleteStatus` bit(1) NOT NULL,
  `goodsClass_id` bigint(20) DEFAULT NULL,
  `homepageGoodsClass_id` bigint(20) DEFAULT NULL,
  PRIMARY KEY (`id`),
  UNIQUE KEY `id` (`id`),
  KEY `FKAD270FA765403E11` (`homepageGoodsClass_id`),
  KEY `FKAD270FA7729F7B91` (`goodsClass_id`),
  CONSTRAINT `FKAD270FA765403E11` FOREIGN KEY (`homepageGoodsClass_id`) REFERENCES `shopping_homepage_goodsclass` (`id`),
  CONSTRAINT `FKAD270FA7729F7B91` FOREIGN KEY (`goodsClass_id`) REFERENCES `shopping_goodsclass` (`id`)
) ENGINE=InnoDB AUTO_INCREMENT=2 DEFAULT CHARSET=utf8;

/*Data for the table `shopping_homepage_goodsclass_log` */

LOCK TABLES `shopping_homepage_goodsclass_log` WRITE;

insert  into `shopping_homepage_goodsclass_log`(`id`,`addTime`,`deleteStatus`,`goodsClass_id`,`homepageGoodsClass_id`) values (1,'2014-10-10 16:44:26','\0',91,NULL);

UNLOCK TABLES;

/*Table structure for table `shopping_integral_goods` */

DROP TABLE IF EXISTS `shopping_integral_goods`;

CREATE TABLE `shopping_integral_goods` (
  `id` bigint(20) NOT NULL AUTO_INCREMENT,
  `addTime` datetime DEFAULT NULL,
  `deleteStatus` bit(1) NOT NULL,
  `ig_begin_time` datetime DEFAULT NULL,
  `ig_click_count` int(11) NOT NULL,
  `ig_content` varchar(255) DEFAULT NULL,
  `ig_end_time` datetime DEFAULT NULL,
  `ig_exchange_count` int(11) NOT NULL,
  `ig_goods_count` int(11) NOT NULL,
  `ig_goods_integral` int(11) NOT NULL,
  `ig_goods_name` varchar(255) DEFAULT NULL,
  `ig_goods_price` decimal(12,2) DEFAULT NULL,
  `ig_goods_sn` varchar(255) DEFAULT NULL,
  `ig_goods_tag` varchar(255) DEFAULT NULL,
  `ig_limit_count` int(11) NOT NULL,
  `ig_limit_type` bit(1) NOT NULL,
  `ig_recommend` bit(1) NOT NULL,
  `ig_seo_description` varchar(255) DEFAULT NULL,
  `ig_seo_keywords` varchar(255) DEFAULT NULL,
  `ig_sequence` int(11) NOT NULL,
  `ig_show` bit(1) NOT NULL,
  `ig_time_type` bit(1) NOT NULL,
  `ig_transfee` decimal(12,2) DEFAULT NULL,
  `ig_transfee_type` int(11) NOT NULL,
  `ig_goods_img_id` bigint(20) DEFAULT NULL,
  PRIMARY KEY (`id`),
  KEY `FKDCFD0854F326849C` (`ig_goods_img_id`),
  KEY `FK25A95EBA3A70688B` (`ig_goods_img_id`),
  CONSTRAINT `FK25A95EBA3A70688B` FOREIGN KEY (`ig_goods_img_id`) REFERENCES `shopping_accessory` (`id`),
  CONSTRAINT `FKDCFD0854F326849C` FOREIGN KEY (`ig_goods_img_id`) REFERENCES `shopping_accessory` (`id`)
) ENGINE=InnoDB AUTO_INCREMENT=22 DEFAULT CHARSET=utf8;

/*Data for the table `shopping_integral_goods` */

LOCK TABLES `shopping_integral_goods` WRITE;

insert  into `shopping_integral_goods`(`id`,`addTime`,`deleteStatus`,`ig_begin_time`,`ig_click_count`,`ig_content`,`ig_end_time`,`ig_exchange_count`,`ig_goods_count`,`ig_goods_integral`,`ig_goods_name`,`ig_goods_price`,`ig_goods_sn`,`ig_goods_tag`,`ig_limit_count`,`ig_limit_type`,`ig_recommend`,`ig_seo_description`,`ig_seo_keywords`,`ig_sequence`,`ig_show`,`ig_time_type`,`ig_transfee`,`ig_transfee_type`,`ig_goods_img_id`) values (1,'2014-04-22 14:48:34','\0',NULL,5,'<h1 align=\"center\">	01_雅马哈NS-9502(6件套)</h1><p align=\"center\">	&nbsp;</p>',NULL,0,10,50000,'01_雅马哈NS-9502(6件套)','3000.00','gift201404221448341','',1,'','','','',10,'','\0','0.00',0,425992),(2,'2015-02-28 10:04:41','\0',NULL,0,'华硕CG8580-C11C精品鼠标',NULL,0,50,990,'华硕CG8580-C11C精品鼠标','99.00','gift201502281004411','',1,'','','','',1,'','\0','0.00',0,426079),(3,'2015-02-28 10:05:34','\0',NULL,3,'魔声录音师耳机',NULL,0,30,1500,'魔声录音师耳机','168.00','gift201502281005341','',0,'\0','','','',0,'','\0','0.00',0,426080),(4,'2015-02-28 10:06:59','\0',NULL,2,'SSK 黑鹰II USB3.0 2.5英寸硬盘盒',NULL,0,85,500,'SSK 黑鹰II USB3.0 2.5英寸硬盘盒','56.00','gift201502281006591','',1,'','','','',0,'','\0','0.00',0,426081),(5,'2015-02-28 10:07:24','\0',NULL,1,'闪迪酷型USB闪存盘 CZ538GB',NULL,0,120,400,'闪迪酷型USB闪存盘 CZ538GB','52.00','gift201502281007241','',1,'','','','',0,'','\0','0.00',0,426082),(6,'2015-02-28 10:08:02','\0',NULL,0,'科密（COMET）Q6 个人家庭办公碎纸机（黑色）',NULL,0,40,2000,'科密（COMET）Q6 个人家庭办公碎纸机（黑色）','210.00','gift201502281008021','',1,'','','','',0,'','\0','0.00',0,426083),(7,'2015-02-28 10:08:43','\0',NULL,0,'爱宝（aibao）A-16U 激光扫描枪',NULL,0,52,1800,'爱宝（aibao）A-16U 激光扫描枪','199.00','gift201502281008431','',1,'','','','',0,'','\0','0.00',0,426084),(8,'2015-02-28 10:12:57','\0',NULL,0,'华为U9508（荣耀四核爱享版）智能手机',NULL,0,15,11000,'华为U9508（荣耀四核爱享版）智能手机','1200.00','gift201502281012571','',1,'','','','',0,'','\0','0.00',0,426085),(9,'2015-02-28 10:15:37','\0',NULL,0,'鳄鱼恤女皮带牛皮腰带女时尚百搭韩版针扣女士腰带',NULL,0,25,4200,'鳄鱼恤女皮带牛皮腰带女时尚百搭韩版针扣女士腰带','450.00','gift201502281015371','',1,'','','','',0,'','\0','0.00',0,426086),(10,'2015-02-28 10:16:12','\0',NULL,0,'韩国2013秋季新款纯色毛球毛线帽子',NULL,0,55,1000,'韩国2013秋季新款纯色毛球毛线帽子','105.00','gift201502281016121','',1,'','','','',0,'','\0','0.00',0,426087),(11,'2015-02-28 10:21:44','\0',NULL,0,'水晶 项链 女 吊坠 生日情侣情人送礼 大简爱',NULL,0,60,1700,'水晶 项链 女 吊坠 生日情侣情人送礼 大简爱','180.00','gift201502281021441','',1,'','\0','','',-1,'','\0','0.00',0,426088),(12,'2015-02-28 10:22:25','\0',NULL,0,'特价抢购 女王钻戒 爆闪1.75克拉超闪瑞士钻 925纯银戒指',NULL,0,55,2800,'特价抢购 女王钻戒 爆闪1.75克拉超闪瑞士钻 925纯银戒指','300.00','gift201502281022251','',1,'','\0','特价抢购 女王钻戒 爆闪1.75克拉超闪瑞士钻 925纯银戒指','特价抢购 女王钻戒 爆闪1.75克拉超闪瑞士钻 925纯银戒指',-2,'','\0','0.00',0,426089),(13,'2015-02-28 10:28:36','\0',NULL,0,'卡麦尔防辐射眼镜 黄金膜抗疲劳电脑镜 男女方框平光镜',NULL,0,88,850,'卡麦尔防辐射眼镜 黄金膜抗疲劳电脑镜 男女方框平光镜','100.00','gift201502281028361','',1,'','\0','','',-11,'','\0','0.00',0,426090),(14,'2015-02-28 10:29:16','\0',NULL,0,'米莉莎 正品手表 女士韩国时尚韩版女表 陶瓷手表白色 陶瓷手表',NULL,0,400,800,'米莉莎 正品手表 女士韩国时尚韩版女表 陶瓷手表白色 陶瓷手表','1000.00','gift201502281029161','',1,'','\0','','',0,'','\0','0.00',0,426091),(15,'2015-02-28 10:30:01','\0',NULL,0,'亚妮梦奴复古豹纹新款女包休闲百搭兔毛包单肩斜挎手提包包853毛毛杏色',NULL,0,200,5200,'亚妮梦奴复古豹纹新款女包休闲百搭兔毛包单肩斜挎手提包包853毛毛杏色','560.00','gift201502281030011','',1,'','\0','','',-12,'','\0','0.00',0,426092),(16,'2015-02-28 10:31:06','\0',NULL,0,'新款牛皮女包 斜挎包 单肩包 手提包 潮女包包 真皮女包',NULL,0,200,5600,'新款牛皮女包 斜挎包 单肩包 手提包 潮女包包 真皮女包','600.00','gift201502281031061','',1,'','\0','','',0,'','\0','0.00',0,426093),(17,'2015-02-28 10:31:45','\0',NULL,0,'Leyes乐越正品真皮鲨鱼鞋舒适男鞋天窗透气2013新款热卖系带商务休闲皮鞋',NULL,0,35,7500,'Leyes乐越正品真皮鲨鱼鞋舒适男鞋天窗透气2013新款热卖系带商务休闲皮鞋','800.00','gift201502281031451','',1,'','\0','','',0,'','\0','0.00',0,426094),(18,'2015-02-28 10:32:20','\0',NULL,0,'李宁都市轻运动系列背包',NULL,0,150,1800,'李宁都市轻运动系列背包','200.00','gift201502281032201','',1,'','\0','','',0,'','\0','0.00',0,426095),(19,'2015-02-28 10:32:43','\0',NULL,0,'阿迪达斯 adidas 专柜正品中性双肩包',NULL,0,260,4000,'阿迪达斯 adidas 专柜正品中性双肩包','450.00','gift201502281032431','',1,'','\0','','',-14,'','\0','0.00',0,426096),(20,'2015-02-28 10:35:40','\0',NULL,0,'阿迪达斯adidas 2013年新款中性单间斜跨包',NULL,0,200,3000,'阿迪达斯adidas 2013年新款中性单间斜跨包','350.00','gift201502281035401','',1,'','\0','','',0,'','\0','0.00',0,426097),(21,'2015-02-28 10:36:40','\0',NULL,0,'正品包邮 STAR世达专业比赛高级超纤革5号耐磨足球',NULL,0,500,1000,'正品包邮 STAR世达专业比赛高级超纤革5号耐磨足球','150.00','gift201502281036401','',1,'','\0','','',0,'','\0','0.00',0,426098);

UNLOCK TABLES;

/*Table structure for table `shopping_integral_goodscart` */

DROP TABLE IF EXISTS `shopping_integral_goodscart`;

CREATE TABLE `shopping_integral_goodscart` (
  `id` bigint(20) NOT NULL AUTO_INCREMENT,
  `addTime` datetime DEFAULT NULL,
  `deleteStatus` bit(1) NOT NULL,
  `count` int(11) NOT NULL,
  `integral` int(11) NOT NULL,
  `trans_fee` decimal(12,2) DEFAULT NULL,
  `goods_id` bigint(20) DEFAULT NULL,
  `order_id` bigint(20) DEFAULT NULL,
  PRIMARY KEY (`id`),
  KEY `FK6035ECDAC034A786` (`goods_id`),
  KEY `FK6035ECDA9F6D3F38` (`order_id`),
  CONSTRAINT `FK6035ECDA9F6D3F38` FOREIGN KEY (`order_id`) REFERENCES `shopping_integral_goodsorder` (`id`),
  CONSTRAINT `FK6035ECDAC034A786` FOREIGN KEY (`goods_id`) REFERENCES `shopping_integral_goods` (`id`)
) ENGINE=InnoDB DEFAULT CHARSET=utf8;

/*Data for the table `shopping_integral_goodscart` */

LOCK TABLES `shopping_integral_goodscart` WRITE;

UNLOCK TABLES;

/*Table structure for table `shopping_integral_goodsorder` */

DROP TABLE IF EXISTS `shopping_integral_goodsorder`;

CREATE TABLE `shopping_integral_goodsorder` (
  `id` bigint(20) NOT NULL AUTO_INCREMENT,
  `addTime` datetime DEFAULT NULL,
  `deleteStatus` bit(1) NOT NULL,
  `igo_msg` longtext,
  `igo_order_sn` varchar(255) DEFAULT NULL,
  `igo_pay_msg` longtext,
  `igo_pay_time` datetime DEFAULT NULL,
  `igo_payment` varchar(255) DEFAULT NULL,
  `igo_ship_code` varchar(255) DEFAULT NULL,
  `igo_ship_content` longtext,
  `igo_ship_time` date DEFAULT NULL,
  `igo_status` int(11) NOT NULL,
  `igo_total_integral` int(11) NOT NULL,
  `igo_trans_fee` decimal(12,2) DEFAULT NULL,
  `igo_addr_id` bigint(20) DEFAULT NULL,
  `igo_user_id` bigint(20) DEFAULT NULL,
  PRIMARY KEY (`id`),
  KEY `FKF590937A26B00318` (`igo_addr_id`),
  KEY `FKF590937A85110923` (`igo_user_id`),
  KEY `FKA7384CD42DB016C7` (`igo_addr_id`),
  KEY `FKA7384CD44FB62BD4` (`igo_user_id`),
  CONSTRAINT `FKA7384CD42DB016C7` FOREIGN KEY (`igo_addr_id`) REFERENCES `shopping_address` (`id`),
  CONSTRAINT `FKA7384CD44FB62BD4` FOREIGN KEY (`igo_user_id`) REFERENCES `shopping_user` (`id`),
  CONSTRAINT `FKF590937A26B00318` FOREIGN KEY (`igo_addr_id`) REFERENCES `shopping_address` (`id`),
  CONSTRAINT `FKF590937A85110923` FOREIGN KEY (`igo_user_id`) REFERENCES `shopping_user` (`id`)
) ENGINE=InnoDB DEFAULT CHARSET=utf8;

/*Data for the table `shopping_integral_goodsorder` */

LOCK TABLES `shopping_integral_goodsorder` WRITE;

UNLOCK TABLES;

/*Table structure for table `shopping_integrallog` */

DROP TABLE IF EXISTS `shopping_integrallog`;

CREATE TABLE `shopping_integrallog` (
  `id` bigint(20) NOT NULL AUTO_INCREMENT,
  `addTime` datetime DEFAULT NULL,
  `deleteStatus` bit(1) NOT NULL,
  `content` longtext,
  `integral` int(11) NOT NULL,
  `type` varchar(255) DEFAULT NULL,
  `integral_user_id` bigint(20) DEFAULT NULL,
  `operate_user_id` bigint(20) DEFAULT NULL,
  PRIMARY KEY (`id`),
  KEY `FKEC2A9E67F65B7CBE` (`integral_user_id`),
  KEY `FKEC2A9E67C8F25896` (`operate_user_id`),
  KEY `FKCF2651C1C1009F6F` (`integral_user_id`),
  KEY `FKCF2651C193977B47` (`operate_user_id`),
  CONSTRAINT `FKCF2651C193977B47` FOREIGN KEY (`operate_user_id`) REFERENCES `shopping_user` (`id`),
  CONSTRAINT `FKCF2651C1C1009F6F` FOREIGN KEY (`integral_user_id`) REFERENCES `shopping_user` (`id`),
  CONSTRAINT `FKEC2A9E67C8F25896` FOREIGN KEY (`operate_user_id`) REFERENCES `shopping_user` (`id`),
  CONSTRAINT `FKEC2A9E67F65B7CBE` FOREIGN KEY (`integral_user_id`) REFERENCES `shopping_user` (`id`)
) ENGINE=InnoDB AUTO_INCREMENT=1835304 DEFAULT CHARSET=utf8;

/*Data for the table `shopping_integrallog` */

LOCK TABLES `shopping_integrallog` WRITE;

insert  into `shopping_integrallog`(`id`,`addTime`,`deleteStatus`,`content`,`integral`,`type`,`integral_user_id`,`operate_user_id`) values (1,'2013-12-31 14:15:04','\0','用户2013-12-31 14:15:04登录增加0分',0,'login',32768,NULL),(32768,'2013-12-31 17:44:39','\0','用户2013-12-31 17:44:39登录增加0分',0,'login',1,NULL),(65536,'2014-01-01 16:56:57','\0','用户2014-01-01 16:56:57登录增加0分',0,'login',1,NULL),(98304,'2014-01-02 11:40:15','\0','用户2014-01-02 11:40:15登录增加0分',0,'login',1,NULL),(131072,'2014-01-02 12:44:31','\0','用户2014-01-02 12:44:31登录增加0分',0,'login',32768,NULL),(163840,'2014-01-03 00:23:56','\0','用户2014-01-03 00:23:56登录增加0分',0,'login',1,NULL),(196608,'2014-01-03 09:56:24','\0','用户2014-01-03 09:56:24登录增加0分',0,'login',32768,NULL),(229376,'2014-01-04 09:12:20','\0','用户2014-01-04 09:12:20登录增加0分',0,'login',1,NULL),(294912,'2014-01-04 13:58:18','\0','用户2014-01-04 13:58:18登录增加0分',0,'login',32768,NULL),(327680,'2014-01-05 10:30:52','\0','用户2014-01-05 10:30:52登录增加0分',0,'login',32768,NULL),(360448,'2014-01-05 11:50:46','\0','用户2014-01-05 11:50:46登录增加0分',0,'login',1,NULL),(425984,'2014-01-06 10:05:38','\0','用户2014-01-06 10:05:38登录增加0分',0,'login',32768,NULL),(458752,'2014-01-06 11:09:15','\0','用户2014-01-06 11:09:15登录增加0分',0,'login',1,NULL),(491521,'2014-01-07 10:59:25','\0','用户2014-01-07 10:59:25登录增加0分',0,'login',32768,NULL),(524288,'2014-01-07 11:58:31','\0','用户2014-01-07 11:58:31登录增加0分',0,'login',1,NULL),(557056,'2014-01-08 09:28:43','\0','用户2014-01-08 09:28:43登录增加0分',0,'login',1,NULL),(622592,'2014-01-09 13:09:35','\0','用户2014-01-09 13:09:35登录增加0分',0,'login',1,NULL),(655360,'2014-01-10 13:08:08','\0','用户2014-01-10 13:08:08登录增加0分',0,'login',32768,NULL),(688128,'2014-01-10 15:15:16','\0','用户2014-01-10 15:15:16登录增加0分',0,'login',1,NULL),(851968,'2014-01-11 09:28:02','\0','用户2014-01-11 09:28:02登录增加0分',0,'login',1,NULL),(884736,'2014-02-21 18:13:11','\0','用户2014-02-21 18:13:11登录增加0分',0,'login',1,NULL),(884737,'2014-02-21 18:21:23','\0','用户2014-02-21 18:21:23登录增加0分',0,'login',32768,NULL),(917504,'2014-02-22 09:39:44','\0','用户2014-02-22 09:39:44登录增加0分',0,'login',1,NULL),(1703936,'2014-02-23 00:18:29','\0','用户2014-02-23 00:18:29登录增加0分',0,'login',1,NULL),(1736704,'2014-02-24 16:07:23','\0','用户2014-02-24 16:07:23登录增加0分',0,'login',1,NULL),(1769472,'2014-02-25 09:48:36','\0','用户2014-02-25 09:48:36登录增加0分',0,'login',1,NULL),(1802240,'2014-02-26 09:35:18','\0','用户2014-02-26 09:35:18登录增加0分',0,'login',32768,NULL),(1835008,'2014-02-26 11:40:17','\0','用户2014-02-26 11:40:17登录增加0分',0,'login',1,NULL),(1835009,'2014-03-07 17:04:39','\0','用户2014-03-07 17:04:39登录增加0分',0,'login',1,NULL),(1835010,'2014-03-07 18:32:49','\0','用户2014-03-07 18:32:49登录增加0分',0,'login',32768,NULL),(1835011,'2014-03-08 09:36:00','\0','用户2014-03-08 09:36:00登录增加0分',0,'login',1,NULL),(1835012,'2014-03-10 10:17:57','\0','用户2014-03-10 10:17:57登录增加0分',0,'login',1,NULL),(1835013,'2014-03-11 09:29:47','\0','用户2014-03-11 09:29:47登录增加0分',0,'login',1,NULL),(1835014,'2014-03-15 16:42:13','\0','用户2014-03-15 16:42:13登录增加0分',0,'login',1,NULL),(1835015,'2014-03-15 17:10:23','\0','用户2014-03-15 17:10:23登录增加0分',0,'login',32768,NULL),(1835016,'2014-03-30 16:38:50','\0','用户2014-03-30 16:38:50登录增加0分',0,'login',1,NULL),(1835021,'2014-04-10 17:35:26','\0','用户2014-04-10 17:35:26登录增加0分',0,'login',1,NULL),(1835028,'2014-04-12 10:02:28','\0','用户2014-04-12 10:02:28登录增加0分',0,'login',1,NULL),(1835037,'2014-04-17 09:54:10','\0','用户2014-04-17 09:54:10登录增加0分',0,'login',1,NULL),(1835045,'2014-04-18 11:20:43','\0','用户2014-04-18 11:20:43登录增加0分',0,'login',1,NULL),(1835057,'2014-04-21 11:19:19','\0','用户2014-04-21 11:19:19登录增加0分',0,'login',32768,NULL),(1835058,'2014-04-22 12:08:16','\0','用户2014-04-22 12:08:16登录增加0分',0,'login',32768,NULL),(1835059,'2014-04-22 14:44:41','\0','用户2014-04-22 14:44:41登录增加0分',0,'login',1,NULL),(1835060,'2014-05-06 18:09:52','\0','用户2014-05-06 18:09:52登录增加0分',0,'login',32768,NULL),(1835061,'2014-05-06 18:11:31','\0','用户2014-05-06 18:11:31登录增加0分',0,'login',1,NULL),(1835062,'2014-05-07 09:27:44','\0','用户2014-05-07 09:27:44登录增加0分',0,'login',1,NULL),(1835063,'2014-08-01 15:40:35','\0','用户2014-08-01 15:40:35登录增加0分',0,'login',1,NULL),(1835064,'2014-08-27 10:58:47','\0','用户2014-08-27 10:58:47登录增加0分',0,'login',1,NULL),(1835065,'2014-08-27 16:47:49','\0','用户2014-08-27 16:47:49登录增加0分',0,'login',32768,NULL),(1835066,'2014-08-28 09:43:42','\0','用户2014-08-28 09:43:42登录增加0分',0,'login',1,NULL),(1835067,'2014-08-29 09:21:15','\0','用户2014-08-29 09:21:15登录增加0分',0,'login',32768,NULL),(1835068,'2014-08-29 18:00:34','\0','用户2014-08-29 18:00:34登录增加0分',0,'login',1,NULL),(1835069,'2014-08-30 17:55:27','\0','用户2014-08-30 17:55:27登录增加0分',0,'login',32768,NULL),(1835070,'2014-09-02 09:13:47','\0','用户2014-09-02 09:13:47登录增加0分',0,'login',32768,NULL),(1835071,'2014-09-02 10:08:51','\0','用户2014-09-02 10:08:51登录增加0分',0,'login',1,NULL),(1835072,'2014-09-03 16:30:55','\0','用户2014-09-03 16:30:55登录增加0分',0,'login',1,NULL),(1835073,'2014-09-03 16:33:17','\0','用户2014-09-03 16:33:17登录增加0分',0,'login',32768,NULL),(1835074,'2014-09-04 10:06:58','\0','用户2014-09-04 10:06:58登录增加0分',0,'login',1,NULL),(1835075,'2014-09-05 11:11:22','\0','用户2014-09-05 11:11:22登录增加0分',0,'login',32768,NULL),(1835076,'2014-09-05 13:20:20','\0','用户2014-09-05 13:20:20登录增加0分',0,'login',1,NULL),(1835077,'2014-09-06 09:17:11','\0','用户2014-09-06 09:17:11登录增加0分',0,'login',32768,NULL),(1835078,'2014-09-06 09:24:41','\0','用户2014-09-06 09:24:41登录增加0分',0,'login',1,NULL),(1835079,'2014-09-07 10:11:55','\0','用户2014-09-07 10:11:55登录增加0分',0,'login',32768,NULL),(1835080,'2014-09-09 17:46:51','\0','用户2014-09-09 17:46:51登录增加0分',0,'login',1,NULL),(1835081,'2014-09-10 09:09:10','\0','用户2014-09-10 09:09:10登录增加0分',0,'login',1,NULL),(1835082,'2014-09-11 09:02:24','\0','用户2014-09-11 09:02:24登录增加0分',0,'login',1,NULL),(1835083,'2014-09-12 08:53:35','\0','用户2014-09-12 08:53:35登录增加0分',0,'login',1,NULL),(1835084,'2014-09-13 09:32:28','\0','用户2014-09-13 09:32:28登录增加0分',0,'login',1,NULL),(1835085,'2014-09-16 08:57:30','\0','用户2014-09-16 08:57:30登录增加0分',0,'login',1,NULL),(1835086,'2014-09-16 16:28:20','\0','用户2014-09-16 16:28:20登录增加0分',0,'login',32768,NULL),(1835087,'2014-09-17 08:50:52','\0','用户2014-09-17 08:50:52登录增加0分',0,'login',32768,NULL),(1835088,'2014-09-17 09:37:25','\0','用户2014-09-17 09:37:25登录增加0分',0,'login',1,NULL),(1835089,'2014-09-18 10:50:14','\0','用户2014-09-18 10:50:14登录增加0分',0,'login',1,NULL),(1835090,'2014-09-18 13:51:23','\0','用户2014-09-18 13:51:23登录增加0分',0,'login',32768,NULL),(1835091,'2014-09-22 11:10:24','\0','用户2014-09-22 11:10:24登录增加0分',0,'login',1,NULL),(1835092,'2014-09-22 11:11:34','\0','用户2014-09-22 11:11:34登录增加0分',0,'login',32768,NULL),(1835093,'2014-09-23 14:08:28','\0','用户2014-09-23 14:08:28登录增加0分',0,'login',1,NULL),(1835094,'2014-09-23 18:25:54','\0','用户2014-09-23 18:25:54登录增加0分',0,'login',32768,NULL),(1835095,'2014-09-24 10:26:16','\0','用户2014-09-24 10:26:16登录增加0分',0,'login',1,NULL),(1835096,'2014-09-24 16:10:58','\0','用户2014-09-24 16:10:58登录增加0分',0,'login',32768,NULL),(1835097,'2014-09-25 11:20:36','\0','用户注册增加0分',0,'reg',32769,NULL),(1835098,'2014-09-25 11:20:37','\0','用户2014-09-25 11:20:37登录增加0分',0,'login',32769,NULL),(1835099,'2014-09-25 12:14:28','\0','用户2014-09-25 12:14:28登录增加0分',0,'login',1,NULL),(1835100,'2014-09-25 15:24:17','\0','用户2014-09-25 15:24:17登录增加0分',0,'login',32768,NULL),(1835101,'2014-09-26 09:38:48','\0','用户2014-09-26 09:38:48登录增加0分',0,'login',32768,NULL),(1835102,'2014-09-26 14:45:33','\0','用户2014-09-26 14:45:33登录增加0分',0,'login',32768,NULL),(1835103,'2014-09-26 15:03:17','\0','用户2014-09-26 15:03:17登录增加0分',0,'login',1,NULL),(1835104,'2014-09-27 09:27:50','\0','用户2014-09-27 09:27:50登录增加0分',0,'login',1,NULL),(1835105,'2014-09-27 10:51:54','\0','用户2014-09-27 10:51:54登录增加0分',0,'login',32768,NULL),(1835106,'2014-09-28 09:26:09','\0','用户2014-09-28 09:26:09登录增加0分',0,'login',32768,NULL),(1835107,'2014-09-28 10:38:03','\0','用户2014-09-28 10:38:03登录增加0分',0,'login',1,NULL),(1835108,'2014-09-29 09:22:19','\0','用户2014-09-29 09:22:19登录增加0分',0,'login',1,NULL),(1835109,'2014-09-29 10:23:17','\0','用户2014-09-29 10:23:17登录增加0分',0,'login',32768,NULL),(1835110,'2014-10-08 10:18:00','\0','用户2014-10-08 10:18:00登录增加0分',0,'login',32768,NULL),(1835111,'2014-10-08 17:40:32','\0','用户2014-10-08 17:40:32登录增加0分',0,'login',1,NULL),(1835112,'2014-10-09 09:53:29','\0','用户2014-10-09 09:53:29登录增加0分',0,'login',1,NULL),(1835113,'2014-10-09 11:01:06','\0','用户2014-10-09 11:01:06登录增加0分',0,'login',32768,NULL),(1835114,'2014-10-10 08:56:38','\0','用户2014-10-10 08:56:38登录增加0分',0,'login',1,NULL),(1835115,'2014-10-10 10:33:09','\0','用户2014-10-10 10:33:09登录增加0分',0,'login',32768,NULL),(1835116,'2014-10-11 17:12:25','\0','用户2014-10-11 17:12:25登录增加0分',0,'login',32768,NULL),(1835117,'2014-10-12 09:16:45','\0','用户2014-10-12 09:16:45登录增加0分',0,'login',32768,NULL),(1835118,'2014-10-12 11:40:13','\0','用户2014-10-12 11:40:13登录增加0分',0,'login',1,NULL),(1835119,'2014-10-13 16:18:27','\0','用户2014-10-13 16:18:27登录增加0分',0,'login',32768,NULL),(1835120,'2014-10-13 16:49:03','\0','用户2014-10-13 16:49:03登录增加0分',0,'login',1,NULL),(1835121,'2014-10-14 09:55:32','\0','用户2014-10-14 09:55:32登录增加0分',0,'login',32768,NULL),(1835122,'2014-10-14 10:33:50','\0','用户2014-10-14 10:33:50登录增加0分',0,'login',1,NULL),(1835123,'2014-10-20 20:48:47','\0','用户2014-10-20 20:48:47登录增加0分',0,'login',32768,NULL),(1835124,'2014-10-24 18:19:47','\0','用户2014-10-24 18:19:47登录增加0分',0,'login',1,NULL),(1835125,'2014-10-25 09:52:13','\0','用户2014-10-25 09:52:13登录增加0分',0,'login',32768,NULL),(1835126,'2014-10-25 10:08:09','\0','用户2014-10-25 10:08:09登录增加0分',0,'login',1,NULL),(1835127,'2014-10-26 17:35:26','\0','用户2014-10-26 17:35:26登录增加0分',0,'login',32768,NULL),(1835128,'2014-10-26 18:15:53','\0','用户2014-10-26 18:15:53登录增加0分',0,'login',1,NULL),(1835129,'2014-10-28 09:42:08','\0','用户2014-10-28 09:42:08登录增加0分',0,'login',32768,NULL),(1835130,'2014-10-28 11:32:10','\0','用户2014-10-28 11:32:10登录增加0分',0,'login',1,NULL),(1835131,'2014-10-29 10:24:56','\0','用户2014-10-29 10:24:56登录增加0分',0,'login',1,NULL),(1835132,'2014-10-29 12:45:03','\0','用户2014-10-29 12:45:03登录增加0分',0,'login',32768,NULL),(1835133,'2014-10-29 14:13:43','\0','用户注册增加0分',0,'reg',32770,NULL),(1835134,'2014-10-29 14:13:43','\0','用户2014-10-29 14:13:43登录增加0分',0,'login',32770,NULL),(1835135,'2014-10-31 11:51:29','\0','用户2014-10-31 11:51:29登录增加0分',0,'login',1,NULL),(1835136,'2014-10-31 12:32:42','\0','用户2014-10-31 12:32:42登录增加0分',0,'login',32768,NULL),(1835137,'2014-11-01 15:01:34','\0','用户2014-11-01 15:01:34登录增加0分',0,'login',1,NULL),(1835138,'2014-11-04 10:11:07','\0','用户2014-11-04 10:11:07登录增加0分',0,'login',1,NULL),(1835139,'2014-11-05 13:40:43','\0','用户2014-11-05 13:40:43登录增加0分',0,'login',1,NULL),(1835140,'2014-11-12 09:45:53','\0','用户2014-11-12 09:45:53登录增加0分',0,'login',1,NULL),(1835141,'2014-11-12 10:21:32','\0','用户2014-11-12 10:21:32登录增加0分',0,'login',32768,NULL),(1835142,'2014-11-13 14:29:58','\0','用户2014-11-13 14:29:58登录增加0分',0,'login',1,NULL),(1835143,'2014-11-13 14:34:24','\0','用户2014-11-13 14:34:24登录增加0分',0,'login',32768,NULL),(1835144,'2014-11-14 09:55:05','\0','用户2014-11-14 09:55:05登录增加0分',0,'login',32768,NULL),(1835145,'2014-11-15 10:01:58','\0','用户2014-11-15 10:01:58登录增加0分',0,'login',32768,NULL),(1835146,'2014-11-20 16:37:12','\0','用户2014-11-20 16:37:12登录增加0分',0,'login',32768,NULL),(1835147,'2014-11-21 09:41:49','\0','用户2014-11-21 09:41:49登录增加0分',0,'login',32768,NULL),(1835148,'2014-11-21 09:47:58','\0','用户2014-11-21 09:47:58登录增加0分',0,'login',1,NULL),(1835149,'2014-11-25 09:57:14','\0','用户2014-11-25 09:57:14登录增加0分',0,'login',1,NULL),(1835150,'2014-11-27 11:47:23','\0','用户2014-11-27 11:47:23登录增加0分',0,'login',1,NULL),(1835151,'2014-11-27 13:16:16','\0','用户2014-11-27 13:16:16登录增加0分',0,'login',32768,NULL),(1835152,'2014-11-28 08:57:43','\0','用户2014-11-28 08:57:43登录增加0分',0,'login',1,NULL),(1835153,'2014-11-28 11:27:27','\0','用户2014-11-28 11:27:27登录增加0分',0,'login',32768,NULL),(1835154,'2014-11-29 11:05:10','\0','用户2014-11-29 11:05:10登录增加0分',0,'login',1,NULL),(1835155,'2014-11-29 11:59:59','\0','用户2014-11-29 11:59:59登录增加0分',0,'login',32768,NULL),(1835156,'2014-11-30 16:43:15','\0','用户2014-11-30 16:43:15登录增加0分',0,'login',1,NULL),(1835157,'2014-11-30 16:46:05','\0','用户2014-11-30 16:46:05登录增加0分',0,'login',32768,NULL),(1835158,'2014-12-02 12:14:26','\0','用户2014-12-02 12:14:26登录增加0分',0,'login',32768,NULL),(1835159,'2014-12-02 12:15:17','\0','用户2014-12-02 12:15:17登录增加0分',0,'login',1,NULL),(1835160,'2014-12-02 13:51:41','\0','用户注册增加0分',0,'reg',32771,NULL),(1835161,'2014-12-02 13:51:42','\0','用户2014-12-02 13:51:42登录增加0分',0,'login',32771,NULL),(1835162,'2014-12-02 15:06:16','\0','用户注册增加0分',0,'reg',32772,NULL),(1835163,'2014-12-02 15:06:17','\0','用户2014-12-02 15:06:17登录增加0分',0,'login',32772,NULL),(1835164,'2014-12-03 09:46:03','\0','用户2014-12-03 09:46:03登录增加0分',0,'login',1,NULL),(1835165,'2014-12-03 09:48:54','\0','用户2014-12-03 09:48:54登录增加0分',0,'login',32768,NULL),(1835166,'2014-12-04 12:26:40','\0','用户2014-12-04 12:26:40登录增加0分',0,'login',1,NULL),(1835167,'2014-12-04 14:22:45','\0','用户2014-12-04 14:22:45登录增加0分',0,'login',32768,NULL),(1835168,'2014-12-05 09:41:05','\0','用户注册增加0分',0,'reg',32773,NULL),(1835169,'2014-12-05 09:41:05','\0','用户2014-12-05 09:41:05登录增加0分',0,'login',32773,NULL),(1835170,'2014-12-05 10:07:59','\0','用户注册增加0分',0,'reg',32774,NULL),(1835171,'2014-12-05 10:07:59','\0','用户2014-12-05 10:07:59登录增加0分',0,'login',32774,NULL),(1835172,'2014-12-05 10:08:18','\0','用户2014-12-05 10:08:18登录增加0分',0,'login',32768,NULL),(1835173,'2014-12-05 10:12:12','\0','用户2014-12-05 10:12:12登录增加0分',0,'login',1,NULL),(1835174,'2014-12-06 13:28:07','\0','用户2014-12-06 13:28:07登录增加0分',0,'login',1,NULL),(1835175,'2014-12-09 14:53:33','\0','用户2014-12-09 14:53:33登录增加0分',0,'login',32768,NULL),(1835176,'2014-12-09 19:27:09','\0','用户2014-12-09 19:27:09登录增加0分',0,'login',1,NULL),(1835177,'2014-12-13 18:18:43','\0','用户2014-12-13 18:18:43登录增加0分',0,'login',1,NULL),(1835178,'2014-12-14 13:59:26','\0','用户2014-12-14 13:59:26登录增加0分',0,'login',32768,NULL),(1835179,'2014-12-14 14:04:22','\0','用户2014-12-14 14:04:22登录增加0分',0,'login',1,NULL),(1835180,'2015-01-08 10:59:08','\0','用户2015-01-08 10:59:08登录增加0分',0,'login',32768,NULL),(1835181,'2015-01-15 09:40:50','\0','用户2015-01-15 09:40:50登录增加0分',0,'login',1,NULL),(1835182,'2015-01-16 13:39:29','\0','用户2015-01-16 13:39:29登录增加0分',0,'login',1,NULL),(1835183,'2015-01-16 13:44:09','\0','用户2015-01-16 13:44:09登录增加0分',0,'login',32768,NULL),(1835184,'2015-01-17 09:37:06','\0','用户2015-01-17 09:37:06登录增加0分',0,'login',1,NULL),(1835185,'2015-01-17 09:51:52','\0','用户2015-01-17 09:51:52登录增加0分',0,'login',32768,NULL),(1835186,'2015-01-18 10:17:29','\0','用户2015-01-18 10:17:29登录增加0分',0,'login',1,NULL),(1835187,'2015-01-18 15:27:13','\0','用户2015-01-18 15:27:13登录增加0分',0,'login',32768,NULL),(1835188,'2015-01-19 12:08:24','\0','用户2015-01-19 12:08:24登录增加0分',0,'login',1,NULL),(1835189,'2015-01-19 13:39:20','\0','用户2015-01-19 13:39:20登录增加0分',0,'login',32768,NULL),(1835190,'2015-01-20 09:49:48','\0','用户2015-01-20 09:49:48登录增加0分',0,'login',32768,NULL),(1835191,'2015-02-05 11:44:37','\0','用户2015-02-05 11:44:37登录增加0分',0,'login',1,NULL),(1835192,'2015-02-07 11:53:05','\0','用户2015-02-07 11:53:05登录增加0分',0,'login',1,NULL),(1835193,'2015-02-07 13:16:47','\0','用户2015-02-07 13:16:47登录增加0分',0,'login',32768,NULL),(1835194,'2015-02-08 09:40:38','\0','用户2015-02-08 09:40:38登录增加0分',0,'login',1,NULL),(1835195,'2015-02-08 16:57:59','\0','用户2015-02-08 16:57:59登录增加0分',0,'login',32768,NULL),(1835196,'2015-02-17 10:06:03','\0','用户2015-02-17 10:06:03登录增加0分',0,'login',1,NULL),(1835197,'2015-02-17 14:50:33','\0','用户2015-02-17 14:50:33登录增加0分',0,'login',32768,NULL),(1835198,'2015-02-18 17:59:32','\0','用户2015-02-18 17:59:32登录增加0分',0,'login',1,NULL),(1835199,'2015-02-20 10:03:48','\0','用户2015-02-20 10:03:48登录增加0分',0,'login',1,NULL),(1835200,'2015-02-23 12:43:10','\0','用户2015-02-23 12:43:10登录增加0分',0,'login',1,NULL),(1835201,'2015-02-23 19:08:57','\0','用户2015-02-23 19:08:57登录增加0分',0,'login',32768,NULL),(1835202,'2015-02-24 10:07:53','\0','用户2015-02-24 10:07:53登录增加0分',0,'login',1,NULL),(1835203,'2015-02-24 19:02:15','\0','用户2015-02-24 19:02:15登录增加0分',0,'login',32768,NULL),(1835204,'2015-02-25 09:12:01','\0','用户2015-02-25 09:12:01登录增加0分',0,'login',32768,NULL),(1835205,'2015-02-25 09:46:44','\0','用户2015-02-25 09:46:44登录增加0分',0,'login',1,NULL),(1835206,'2015-02-26 09:22:08','\0','用户2015-02-26 09:22:08登录增加0分',0,'login',1,NULL),(1835207,'2015-02-26 14:37:29','\0','用户2015-02-26 14:37:29登录增加0分',0,'login',32768,NULL),(1835208,'2015-02-27 11:49:55','\0','用户2015-02-27 11:49:55登录增加0分',0,'login',1,NULL),(1835209,'2015-02-27 18:05:10','\0','用户2015-02-27 18:05:10登录增加0分',0,'login',32768,NULL),(1835210,'2015-02-28 09:37:50','\0','用户2015-02-28 09:37:50登录增加0分',0,'login',1,NULL),(1835211,'2015-02-28 10:43:39','\0','用户2015-02-28 10:43:39登录增加0分',0,'login',32768,NULL),(1835212,'2015-02-28 12:27:19','\0','用户2015-02-28 12:27:19登录增加0分',0,'login',32775,NULL),(1835213,'2015-02-28 13:38:42','\0','用户注册增加0分',0,'reg',32776,NULL),(1835214,'2015-02-28 13:38:43','\0','用户2015-02-28 13:38:43登录增加0分',0,'login',32776,NULL),(1835215,'2015-02-28 13:54:01','\0','用户注册增加0分',0,'reg',32777,NULL),(1835216,'2015-02-28 13:54:01','\0','用户2015-02-28 13:54:01登录增加0分',0,'login',32777,NULL),(1835217,'2015-02-28 15:56:33','\0','用户注册增加0分',0,'reg',32778,NULL),(1835218,'2015-02-28 15:56:33','\0','用户2015-02-28 15:56:33登录增加0分',0,'login',32778,NULL),(1835219,'2015-02-28 16:35:51','\0','用户注册增加0分',0,'reg',32779,NULL),(1835220,'2015-02-28 16:35:51','\0','用户2015-02-28 16:35:51登录增加0分',0,'login',32779,NULL),(1835221,'2015-02-28 21:21:44','\0','用户注册增加0分',0,'reg',32780,NULL),(1835222,'2015-02-28 21:21:44','\0','用户2015-02-28 21:21:44登录增加0分',0,'login',32780,NULL),(1835223,'2015-03-01 00:04:28','\0','用户注册增加0分',0,'reg',32781,NULL),(1835224,'2015-03-01 00:04:28','\0','用户2015-03-01 00:04:28登录增加0分',0,'login',32781,NULL),(1835225,'2015-03-01 00:23:48','\0','用户2015-03-01 00:23:48登录增加0分',0,'login',32768,NULL),(1835226,'2015-03-01 11:01:36','\0','用户2015-03-01 11:01:36登录增加0分',0,'login',32775,NULL),(1835227,'2015-03-01 11:46:34','\0','用户2015-03-01 11:46:34登录增加0分',0,'login',1,NULL),(1835228,'2015-03-01 15:51:36','\0','用户注册增加0分',0,'reg',32782,NULL),(1835229,'2015-03-01 15:51:37','\0','用户2015-03-01 15:51:37登录增加0分',0,'login',32782,NULL),(1835230,'2015-03-01 16:13:53','\0','用户注册增加0分',0,'reg',32783,NULL),(1835231,'2015-03-01 16:13:53','\0','用户2015-03-01 16:13:53登录增加0分',0,'login',32783,NULL),(1835232,'2015-03-02 10:15:36','\0','用户2015-03-02 10:15:36登录增加0分',0,'login',32775,NULL),(1835233,'2015-03-02 10:22:09','\0','用户2015-03-02 10:22:09登录增加0分',0,'login',32768,NULL),(1835234,'2015-03-02 12:29:17','\0','用户2015-03-02 12:29:17登录增加0分',0,'login',32781,NULL),(1835235,'2015-03-02 15:05:45','\0','用户2015-03-02 15:05:45登录增加0分',0,'login',32783,NULL),(1835236,'2015-03-03 08:17:26','\0','用户2015-03-03 08:17:26登录增加0分',0,'login',32778,NULL),(1835237,'2015-03-03 09:43:45','\0','用户2015-03-03 09:43:45登录增加0分',0,'login',1,NULL),(1835238,'2016-03-08 19:56:49','\0','用户2016-03-08 19:56:49登录增加0分',0,'login',1,NULL),(1835239,'2016-03-08 23:02:01','\0','用户2016-03-08 23:02:01登录增加0分',0,'login',32777,NULL),(1835240,'2016-03-09 14:39:35','\0','用户2016-03-09 14:39:35登录增加0分',0,'login',1,NULL),(1835241,'2016-03-09 14:51:22','\0','用户2016-03-09 14:51:22登录增加0分',0,'login',32768,NULL),(1835242,'2016-03-10 22:49:34','\0','用户2016-03-10 22:49:34登录增加0分',0,'login',32777,NULL),(1835243,'2016-03-11 00:05:03','\0','用户2016-03-11 00:05:03登录增加0分',0,'login',32777,NULL),(1835244,'2016-03-12 23:28:43','\0','用户2016-03-12 23:28:43登录增加0分',0,'login',32777,NULL),(1835245,'2016-03-13 20:56:02','\0','用户2016-03-13 20:56:02登录增加0分',0,'login',32777,NULL),(1835246,'2016-03-14 09:32:36','\0','用户2016-03-14 09:32:36登录增加0分',0,'login',32777,NULL),(1835247,'2016-03-14 10:33:14','\0','用户2016-03-14 10:33:14登录增加0分',0,'login',1,NULL),(1835248,'2016-03-14 13:23:30','\0','用户注册增加0分',0,'reg',32784,NULL),(1835249,'2016-03-14 13:23:30','\0','用户2016-03-14 13:23:30登录增加0分',0,'login',32784,NULL),(1835250,'2016-03-15 14:49:47','\0','用户注册增加0分',0,'reg',32785,NULL),(1835251,'2016-03-15 14:49:47','\0','用户2016-03-15 14:49:47登录增加0分',0,'login',32785,NULL),(1835252,'2016-03-15 17:09:10','\0','用户2016-03-15 17:09:10登录增加0分',0,'login',1,NULL),(1835253,'2016-03-15 17:39:59','\0','用户注册增加0分',0,'reg',32786,NULL),(1835254,'2016-03-15 17:39:59','\0','用户2016-03-15 17:39:59登录增加0分',0,'login',32786,NULL),(1835255,'2016-03-16 19:07:07','\0','用户2016-03-16 19:07:07登录增加0分',0,'login',32768,NULL),(1835256,'2016-03-16 19:44:26','\0','用户2016-03-16 19:44:26登录增加0分',0,'login',32777,NULL),(1835257,'2016-03-17 00:04:17','\0','用户2016-03-17 00:04:17登录增加0分',0,'login',32768,NULL),(1835258,'2016-03-17 00:06:07','\0','用户2016-03-17 00:06:07登录增加0分',0,'login',32777,NULL),(1835259,'2016-03-17 00:42:19','\0','用户2016-03-17 00:42:19登录增加0分',0,'login',1,NULL),(1835260,'2016-03-18 10:43:39','\0','用户2016-03-18 10:43:39登录增加0分',0,'login',32777,NULL),(1835261,'2016-03-18 11:22:47','\0','用户2016-03-18 11:22:47登录增加0分',0,'login',1,NULL),(1835262,'2016-03-31 14:37:43','\0','用户2016-03-31 14:37:43登录增加0分',0,'login',32775,NULL),(1835263,'2016-03-31 14:48:41','\0','用户2016-03-31 14:48:41登录增加0分',0,'login',1,NULL),(1835264,'2016-04-01 17:57:06','\0','用户2016-04-01 17:57:06登录增加0分',0,'login',1,NULL),(1835265,'2016-04-01 17:59:47','\0','用户注册增加0分',0,'reg',32787,NULL),(1835266,'2016-04-01 17:59:47','\0','用户2016-04-01 17:59:47登录增加0分',0,'login',32787,NULL),(1835267,'2016-04-02 18:22:41','\0','用户2016-04-02 18:22:41登录增加0分',0,'login',1,NULL),(1835268,'2016-04-03 00:14:39','\0','用户2016-04-03 00:14:39登录增加0分',0,'login',1,NULL),(1835269,'2016-04-04 13:13:31','\0','用户2016-04-04 13:13:31登录增加0分',0,'login',1,NULL),(1835270,'2016-04-04 13:14:00','\0','用户2016-04-04 13:14:00登录增加0分',0,'login',32785,NULL),(1835271,'2016-04-04 16:00:12','\0','用户2016-04-04 16:00:12登录增加0分',0,'login',32768,NULL),(1835272,'2016-04-04 20:41:37','\0','用户2016-04-04 20:41:37登录增加0分',0,'login',32769,NULL),(1835273,'2016-04-05 11:51:50','\0','用户注册增加0分',0,'reg',32788,NULL),(1835274,'2016-04-05 11:52:10','\0','用户2016-04-05 11:52:10登录增加0分',0,'login',32788,NULL),(1835275,'2016-04-05 11:57:32','\0','用户注册增加0分',0,'reg',32789,NULL),(1835276,'2016-04-05 11:58:00','\0','用户2016-04-05 11:58:00登录增加0分',0,'login',32789,NULL),(1835277,'2016-04-05 12:21:19','\0','用户注册增加0分',0,'reg',32790,NULL),(1835278,'2016-04-05 12:21:57','\0','用户注册增加0分',0,'reg',32791,NULL),(1835279,'2016-04-05 12:21:57','\0','用户2016-04-05 12:21:57登录增加0分',0,'login',32791,NULL),(1835280,'2016-04-06 11:09:52','\0','用户2016-04-06 11:09:52登录增加0分',0,'login',32769,NULL),(1835281,'2016-04-06 11:14:57','\0','用户2016-04-06 11:14:57登录增加0分',0,'login',1,NULL),(1835282,'2016-04-06 13:51:36','\0','用户2016-04-06 13:51:36登录增加0分',0,'login',32768,NULL),(1835283,'2016-04-07 11:02:34','\0','用户2016-04-07 11:02:34登录增加0分',0,'login',1,NULL),(1835284,'2016-04-07 11:24:46','\0','用户2016-04-07 11:24:46登录增加0分',0,'login',32769,NULL),(1835285,'2016-04-07 20:41:56','\0','用户2016-04-07 20:41:56登录增加0分',0,'login',32768,NULL),(1835286,'2016-04-12 10:12:10','\0','用户2016-04-12 10:12:10登录增加0分',0,'login',1,NULL),(1835287,'2016-04-12 10:22:40','\0','用户2016-04-12 10:22:40登录增加0分',0,'login',32768,NULL),(1835288,'2016-04-21 17:28:00','\0','用户2016-04-21 17:28:00登录增加0分',0,'login',1,NULL),(1835289,'2016-04-21 17:28:33','\0','用户2016-04-21 17:28:33登录增加0分',0,'login',32768,NULL),(1835290,'2016-04-26 10:44:31','\0','用户2016-04-26 10:44:31登录增加0分',0,'login',32768,NULL),(1835291,'2016-04-28 11:28:43','\0','用户2016-04-28 11:28:43登录增加0分',0,'login',1,NULL),(1835292,'2016-04-29 00:28:56','\0','用户2016-04-29 00:28:55登录增加0分',0,'login',32768,NULL),(1835293,'2016-04-29 00:33:34','\0','用户2016-04-29 00:33:34登录增加0分',0,'login',1,NULL),(1835294,'2016-05-12 15:38:28','\0','用户2016-05-12 15:38:27登录增加0分',0,'login',1,NULL),(1835295,'2016-05-13 11:11:45','\0','用户2016-05-13 11:11:45登录增加0分',0,'login',1,NULL),(1835296,'2016-05-15 22:55:03','\0','用户2016-05-15 22:55:03登录增加0分',0,'login',1,NULL),(1835297,'2016-05-16 09:21:57','\0','用户2016-05-16 09:21:57登录增加0分',0,'login',1,NULL),(1835298,'2016-05-16 14:43:40','\0','用户2016-05-16 14:43:40登录增加0分',0,'login',32768,NULL),(1835299,'2016-05-16 14:47:18','\0','用户2016-05-16 14:47:18登录增加0分',0,'login',32783,NULL),(1835300,'2016-05-18 15:47:12','\0','用户2016-05-18 15:47:12登录增加0分',0,'login',1,NULL),(1835301,'2016-06-02 15:59:16','\0','用户2016-06-02 15:59:16登录增加0分',0,'login',32769,NULL),(1835302,'2016-07-20 18:50:46','\0','用户2016-07-20 18:50:46登录增加0分',0,'login',1,NULL),(1835303,'2019-11-18 00:10:00','\0','??2019-11-18 00:10:00????0?',0,'login',1,NULL);

UNLOCK TABLES;

/*Table structure for table `shopping_message` */

DROP TABLE IF EXISTS `shopping_message`;

CREATE TABLE `shopping_message` (
  `id` bigint(20) NOT NULL AUTO_INCREMENT,
  `addTime` datetime DEFAULT NULL,
  `deleteStatus` bit(1) NOT NULL,
  `content` longtext,
  `status` int(11) NOT NULL,
  `title` varchar(255) DEFAULT NULL,
  `type` int(11) NOT NULL,
  `fromUser_id` bigint(20) DEFAULT NULL,
  `parent_id` bigint(20) DEFAULT NULL,
  `toUser_id` bigint(20) DEFAULT NULL,
  `reply_status` int(11) DEFAULT '0',
  PRIMARY KEY (`id`),
  KEY `FK86FF3FD68D202D76` (`toUser_id`),
  KEY `FK86FF3FD6323CF700` (`parent_id`),
  KEY `FK86FF3FD6F3DB4167` (`fromUser_id`),
  KEY `FKF23EB03057C55027` (`toUser_id`),
  KEY `FKF23EB030393D0AAF` (`parent_id`),
  KEY `FKF23EB030BE806418` (`fromUser_id`),
  CONSTRAINT `FK86FF3FD6323CF700` FOREIGN KEY (`parent_id`) REFERENCES `shopping_message` (`id`),
  CONSTRAINT `FK86FF3FD68D202D76` FOREIGN KEY (`toUser_id`) REFERENCES `shopping_user` (`id`),
  CONSTRAINT `FK86FF3FD6F3DB4167` FOREIGN KEY (`fromUser_id`) REFERENCES `shopping_user` (`id`),
  CONSTRAINT `FKF23EB030393D0AAF` FOREIGN KEY (`parent_id`) REFERENCES `shopping_message` (`id`),
  CONSTRAINT `FKF23EB03057C55027` FOREIGN KEY (`toUser_id`) REFERENCES `shopping_user` (`id`),
  CONSTRAINT `FKF23EB030BE806418` FOREIGN KEY (`fromUser_id`) REFERENCES `shopping_user` (`id`)
) ENGINE=InnoDB AUTO_INCREMENT=4 DEFAULT CHARSET=utf8;

/*Data for the table `shopping_message` */

LOCK TABLES `shopping_message` WRITE;

insert  into `shopping_message`(`id`,`addTime`,`deleteStatus`,`content`,`status`,`title`,`type`,`fromUser_id`,`parent_id`,`toUser_id`,`reply_status`) values (2,'2014-05-06 18:13:38','\0','<p>\r\n	,您好!\r\n</p>\r\n<p>\r\n	&nbsp;&nbsp; 您的商品被管理员删除！原因是:\r\n</p>',0,'商品被管理员删除时的通知',0,1,NULL,NULL,0),(3,'2015-03-01 17:11:46','\0','123',1,NULL,1,32775,NULL,32768,0);

UNLOCK TABLES;

/*Table structure for table `shopping_mobileverifycode` */

DROP TABLE IF EXISTS `shopping_mobileverifycode`;

CREATE TABLE `shopping_mobileverifycode` (
  `id` bigint(20) NOT NULL AUTO_INCREMENT,
  `addTime` datetime DEFAULT NULL,
  `deleteStatus` bit(1) NOT NULL,
  `code` varchar(255) DEFAULT NULL,
  `mobile` varchar(255) DEFAULT NULL,
  PRIMARY KEY (`id`)
) ENGINE=InnoDB DEFAULT CHARSET=utf8;

/*Data for the table `shopping_mobileverifycode` */

LOCK TABLES `shopping_mobileverifycode` WRITE;

UNLOCK TABLES;

/*Table structure for table `shopping_navigation` */

DROP TABLE IF EXISTS `shopping_navigation`;

CREATE TABLE `shopping_navigation` (
  `id` bigint(20) NOT NULL AUTO_INCREMENT,
  `addTime` datetime DEFAULT NULL,
  `deleteStatus` bit(1) NOT NULL,
  `display` bit(1) NOT NULL,
  `location` int(11) NOT NULL,
  `new_win` int(11) NOT NULL,
  `sequence` int(11) NOT NULL,
  `sysNav` bit(1) NOT NULL,
  `title` varchar(255) DEFAULT NULL,
  `type` varchar(255) DEFAULT NULL,
  `type_id` bigint(20) DEFAULT NULL,
  `url` varchar(255) DEFAULT NULL,
  `original_url` varchar(255) DEFAULT NULL,
  PRIMARY KEY (`id`)
) ENGINE=InnoDB AUTO_INCREMENT=229383 DEFAULT CHARSET=utf8;

/*Data for the table `shopping_navigation` */

LOCK TABLES `shopping_navigation` WRITE;

insert  into `shopping_navigation`(`id`,`addTime`,`deleteStatus`,`display`,`location`,`new_win`,`sequence`,`sysNav`,`title`,`type`,`type_id`,`url`,`original_url`) values (2,'2013-12-30 19:08:13','\0','',0,1,2,'','积分','diy',NULL,'integral.htm','integral.htm'),(32768,'2014-01-06 11:16:13','\0','',0,1,4,'\0','专题','activity',1,'activity_1.htm','activity.htm?id=1'),(65536,'2014-02-21 18:14:23','\0','',0,1,3,'','团购','diy',NULL,'group.htm','group.htm'),(65537,'2013-09-04 18:04:37','\0','',0,1,0,'\0','首页','diy',NULL,'index.htm','index.htm'),(65538,'2013-09-04 18:04:57','\0','',0,1,1,'\0','品牌','diy',NULL,'brand.htm','brand.htm'),(196608,'2013-12-18 14:37:16','\0','',1,1,1,'\0','招聘英才','diy',NULL,'article_join.htm','article_join.htm'),(196609,'2013-12-18 14:37:43','\0','',1,1,2,'\0','广告合作','diy',NULL,'article_adver.htm','article_adver.htm'),(196610,'2013-12-18 14:38:33','\0','',1,1,3,'\0','联系我们','diy',NULL,'article_contact.htm','article_contact.htm'),(196611,'2013-12-18 14:39:42','\0','',1,1,4,'\0','关于shopping','diy',NULL,'article_about.htm','article_about.htm'),(229376,'2013-12-18 14:42:24','\0','',1,0,0,'\0','首页','diy',NULL,'index.htm','index.htm'),(229377,'2014-09-25 18:40:03','\0','',0,1,5,'','特价','diy',NULL,'bargain.htm','bargain.htm'),(229379,'2014-09-27 10:50:01','\0','',0,1,6,'','买就送','diy',NULL,'delivery.htm','delivery.htm'),(229380,'2014-10-09 14:31:44','\0','',0,1,7,'\0','闲置','diy',NULL,'sparegoods.htm','sparegoods.htm'),(229381,'2014-10-14 17:33:52','\0','',0,1,0,'\0','首页','sparegoods',NULL,'index.htm','index.htm'),(229382,'2014-10-14 17:34:34','\0','',0,1,8,'\0','闲置数码','sparegoods',NULL,'sparegoods_search.htm?cid=1','sparegoods_search.htm?cid=1');

UNLOCK TABLES;

/*Table structure for table `shopping_order_log` */

DROP TABLE IF EXISTS `shopping_order_log`;

CREATE TABLE `shopping_order_log` (
  `id` bigint(20) NOT NULL AUTO_INCREMENT,
  `addTime` datetime DEFAULT NULL,
  `deleteStatus` bit(1) NOT NULL,
  `log_info` varchar(255) DEFAULT NULL,
  `state_info` longtext,
  `log_user_id` bigint(20) DEFAULT NULL,
  `of_id` bigint(20) DEFAULT NULL,
  PRIMARY KEY (`id`),
  KEY `FK2B18AE29F21119E` (`of_id`),
  KEY `FK9BD64CBCE8C5507` (`log_user_id`),
  CONSTRAINT `FK2B18AE29F21119E` FOREIGN KEY (`of_id`) REFERENCES `shopping_orderform` (`id`),
  CONSTRAINT `FK9BD64CBCE8C5507` FOREIGN KEY (`log_user_id`) REFERENCES `shopping_user` (`id`)
) ENGINE=InnoDB AUTO_INCREMENT=295885 DEFAULT CHARSET=utf8;

/*Data for the table `shopping_order_log` */

LOCK TABLES `shopping_order_log` WRITE;

insert  into `shopping_order_log`(`id`,`addTime`,`deleteStatus`,`log_info`,`state_info`,`log_user_id`,`of_id`) values (1,'2014-01-02 12:47:13','\0','提交订单',NULL,1,1),(2,'2014-01-02 14:32:47','\0','提交线下支付申请',NULL,1,1),(32768,'2014-01-02 14:36:13','\0','确认线下付款','',32768,1),(32769,'2014-01-02 14:36:41','\0','确认发货','ZTS886743568876',32768,1),(32770,'2014-01-02 14:40:46','\0','确认收货',NULL,1,1),(65536,'2014-01-02 18:55:11','\0','评价订单',NULL,1,1),(65537,'2014-01-02 19:08:36','\0','提交订单',NULL,1,32768),(65538,'2014-01-02 19:08:46','\0','提交线下支付申请',NULL,1,32768),(65539,'2014-01-02 19:09:20','\0','确认线下付款','',32768,32768),(65540,'2014-01-02 19:09:47','\0','确认发货','ZTD30102190836',32768,32768),(65541,'2014-01-02 19:10:15','\0','确认收货',NULL,1,32768),(65542,'2014-01-02 19:10:45','\0','评价订单',NULL,1,32768),(98304,'2014-01-02 19:21:39','\0','提交订单',NULL,1,65536),(98305,'2014-01-02 19:21:47','\0','提交线下支付申请',NULL,1,65536),(98306,'2014-01-02 19:23:40','\0','确认线下付款','',32768,65536),(98307,'2014-01-02 19:23:49','\0','确认发货','',32768,65536),(98308,'2014-01-02 19:23:58','\0','确认收货',NULL,1,65536),(98309,'2014-01-02 19:24:17','\0','评价订单',NULL,1,65536),(131072,'2014-01-03 11:20:29','\0','提交订单',NULL,1,98304),(131073,'2014-01-03 11:20:42','\0','提交线下支付申请',NULL,1,98304),(163842,'2014-01-05 14:59:53','\0','确认线下付款','',32768,131072),(163843,'2014-01-05 15:00:11','\0','确认发货','6553620140105145917',32768,131072),(229377,'2014-01-07 11:18:53','\0','确认线下付款','@6553620140107105848',32768,163840),(229378,'2014-01-07 11:19:13','\0','确认发货','HDG362014010',32768,163840),(294913,'2014-03-15 17:09:31','\0','提交订单',NULL,1,229377),(294914,'2014-03-15 17:17:23','\0','提交订单',NULL,1,229378),(294915,'2014-03-15 17:17:46','\0','预付款支付',NULL,1,229378),(294916,'2014-08-27 11:00:06','\0','确认收货',NULL,NULL,1),(294917,'2014-08-27 11:30:05','\0','确认收货',NULL,NULL,1),(294918,'2014-08-27 13:00:06','\0','确认收货',NULL,NULL,1),(294919,'2014-08-27 13:30:05','\0','确认收货',NULL,NULL,1),(294920,'2014-08-27 14:00:05','\0','确认收货',NULL,NULL,1),(294921,'2014-08-27 14:30:05','\0','确认收货',NULL,NULL,1),(294922,'2014-08-27 15:00:05','\0','确认收货',NULL,NULL,1),(294923,'2014-08-27 17:00:07','\0','确认收货',NULL,NULL,1),(294924,'2014-08-27 18:00:07','\0','确认收货',NULL,NULL,1),(294925,'2014-08-27 18:30:07','\0','确认收货',NULL,NULL,1),(294926,'2014-08-28 10:00:05','\0','确认收货',NULL,NULL,1),(294927,'2014-08-28 10:30:06','\0','确认收货',NULL,NULL,1),(294928,'2014-08-28 11:00:05','\0','确认收货',NULL,NULL,1),(294929,'2014-08-28 11:30:05','\0','确认收货',NULL,NULL,1),(294930,'2014-08-28 12:00:05','\0','确认收货',NULL,NULL,1),(294931,'2014-08-28 12:30:05','\0','确认收货',NULL,NULL,1),(294932,'2014-08-28 13:00:05','\0','确认收货',NULL,NULL,1),(294933,'2014-08-28 14:00:05','\0','确认收货',NULL,NULL,1),(294934,'2014-08-28 14:30:05','\0','确认收货',NULL,NULL,1),(294950,'2014-09-23 17:55:56','\0','提交订单',NULL,1,229386),(294951,'2014-09-24 18:47:18','\0','提交订单',NULL,1,229387),(294952,'2014-09-24 18:54:56','\0','提交订单',NULL,1,229388),(294953,'2014-09-24 19:08:05','\0','提交订单',NULL,1,229389),(294954,'2014-09-25 13:25:21','\0','提交订单',NULL,1,229390),(294955,'2014-09-25 14:20:45','\0','提交订单',NULL,1,229391),(294956,'2014-09-25 14:34:52','\0','提交线下支付申请',NULL,1,229391),(294957,'2014-09-25 14:40:59','\0','确认线下付款','已经收到汇款',32769,229391),(294958,'2014-09-25 14:42:44','\0','确认发货','卡号：675517668866761293242\r\n密码：786767217823',32769,229391),(294959,'2014-09-25 15:14:29','\0','提交线下支付申请',NULL,1,229390),(294960,'2014-09-25 15:15:09','\0','确认线下付款','收到汇款',32769,229390),(294961,'2014-09-25 15:15:53','\0','确认发货','发货了',32769,229390),(294962,'2014-10-12 18:48:09','\0','提交订单',NULL,1,229392),(294963,'2014-10-29 13:31:59','\0','提交订单',NULL,1,229393),(294964,'2014-10-29 13:32:11','\0','提交线下支付申请',NULL,1,229393),(294965,'2014-10-29 13:32:27','\0','确认收货',NULL,1,229391),(294966,'2014-10-31 12:33:58','\0','提交订单',NULL,1,229394),(294967,'2014-11-28 10:03:36','\0','提交订单',NULL,1,229397),(294968,'2014-11-28 15:15:13','\0','提交订单',NULL,1,229398),(294969,'2014-11-30 16:44:08','\0','提交订单',NULL,1,229399),(294970,'2014-11-30 18:29:25','\0','提交订单',NULL,1,229400),(294971,'2014-12-02 12:27:25','\0','提交订单',NULL,1,229401),(294972,'2014-12-02 12:28:49','\0','提交订单',NULL,1,229402),(294973,'2014-12-02 12:29:42','\0','提交订单',NULL,1,229403),(294974,'2014-12-02 16:22:04','\0','提交订单',NULL,1,229404),(294975,'2014-12-02 16:35:38','\0','提交订单',NULL,1,229405),(294976,'2014-12-02 16:50:07','\0','提交订单',NULL,1,229406),(294977,'2014-12-02 16:55:49','\0','调整订单费用',NULL,32768,229406),(294978,'2014-12-02 17:02:02','\0','提交订单',NULL,1,229407),(294979,'2014-12-02 17:02:22','\0','调整订单费用',NULL,32768,229407),(294980,'2014-12-02 17:03:50','\0','调整订单费用',NULL,32768,229405),(294981,'2014-12-02 17:14:14','\0','提交订单',NULL,1,229408),(294982,'2014-12-02 17:15:23','\0','调整订单费用',NULL,32768,229408),(294983,'2014-12-02 17:21:49','\0','提交订单',NULL,1,229409),(294984,'2014-12-02 17:23:10','\0','调整订单费用',NULL,32768,229409),(294985,'2014-12-02 17:27:37','\0','支付宝在线支付',NULL,1,229409),(294986,'2014-12-02 17:28:07','\0','确认发货','',32768,229409),(294987,'2014-12-02 17:31:49','\0','确认发货','',32768,229409),(294988,'2014-12-03 09:47:59','\0','提交订单',NULL,1,229410),(294989,'2014-12-03 09:49:30','\0','调整订单费用',NULL,32768,229410),(294990,'2014-12-03 10:10:26','\0','提交订单',NULL,1,229411),(294991,'2014-12-03 10:12:28','\0','调整订单费用',NULL,32768,229411),(294992,'2014-12-03 10:17:44','\0','提交订单',NULL,1,229412),(294993,'2014-12-03 10:18:27','\0','调整订单费用',NULL,32768,229412),(294994,'2014-12-03 10:28:22','\0','提交订单',NULL,1,229413),(294995,'2014-12-03 10:28:54','\0','调整订单费用',NULL,32768,229413),(294996,'2014-12-03 10:30:38','\0','提交订单',NULL,1,229414),(294997,'2014-12-03 10:31:49','\0','调整订单费用',NULL,32768,229414),(294998,'2014-12-03 10:42:24','\0','提交订单',NULL,1,229415),(294999,'2014-12-03 10:50:17','\0','调整订单费用',NULL,32768,229415),(295000,'2014-12-03 11:18:45','\0','提交订单',NULL,1,229416),(295001,'2014-12-03 11:24:49','\0','调整订单费用',NULL,32768,229416),(295002,'2014-12-03 11:40:28','\0','提交订单',NULL,1,229417),(295003,'2014-12-03 11:41:00','\0','调整订单费用',NULL,32768,229417),(295004,'2014-12-03 12:19:42','\0','提交订单',NULL,1,229418),(295005,'2014-12-03 12:20:28','\0','调整订单费用',NULL,32768,229418),(295006,'2014-12-03 12:23:25','\0','支付宝在线支付',NULL,1,229418),(295007,'2014-12-03 12:41:35','\0','提交订单',NULL,1,229419),(295008,'2014-12-03 12:42:42','\0','调整订单费用',NULL,32768,229419),(295009,'2014-12-03 12:43:54','\0','支付宝在线支付',NULL,1,229419),(295010,'2014-12-03 13:29:42','\0','提交订单',NULL,1,229420),(295011,'2014-12-03 13:29:51','\0','调整订单费用',NULL,32768,229420),(295012,'2014-12-03 13:30:45','\0','支付宝在线支付',NULL,1,229420),(295013,'2014-12-03 14:12:33','\0','提交订单',NULL,1,229421),(295014,'2014-12-03 14:14:47','\0','调整订单费用',NULL,32768,229421),(295015,'2014-12-03 14:16:42','\0','支付宝在线支付',NULL,1,229421),(295016,'2014-12-03 14:17:06','\0','支付宝在线支付',NULL,NULL,229421),(295017,'2014-12-03 14:19:31','\0','支付宝在线支付',NULL,NULL,229421),(295018,'2014-12-03 14:29:16','\0','支付宝在线支付',NULL,NULL,229421),(295019,'2014-12-03 15:27:10','\0','提交订单',NULL,1,229422),(295020,'2014-12-03 15:28:29','\0','调整订单费用',NULL,32768,229422),(295021,'2014-12-03 15:31:15','\0','支付宝在线支付',NULL,1,229422),(295022,'2014-12-03 15:39:47','\0','支付宝在线支付',NULL,NULL,229421),(295023,'2014-12-03 15:43:06','\0','提交订单',NULL,1,229423),(295024,'2014-12-03 15:44:08','\0','支付宝在线支付',NULL,NULL,229422),(295025,'2014-12-03 15:46:17','\0','调整订单费用',NULL,32768,229423),(295026,'2014-12-03 15:53:59','\0','支付宝在线支付',NULL,NULL,229422),(295027,'2014-12-03 16:53:23','\0','支付宝在线支付',NULL,NULL,229422),(295028,'2014-12-03 16:54:50','\0','支付宝在线支付',NULL,NULL,229420),(295029,'2014-12-14 14:04:53','\0','提交订单',NULL,1,229424),(295030,'2014-12-14 14:05:34','\0','调整订单费用',NULL,32768,229424),(295031,'2014-12-14 14:05:42','\0','调整订单费用',NULL,32768,229424),(295032,'2014-12-14 14:06:27','\0','支付宝在线支付',NULL,NULL,229424),(295033,'2014-12-14 14:20:51','\0','提交订单',NULL,1,229425),(295034,'2014-12-14 14:21:29','\0','调整订单费用',NULL,32768,229425),(295035,'2014-12-14 14:22:30','\0','支付宝在线支付',NULL,NULL,229425),(295036,'2014-12-14 14:30:45','\0','确认发货','2121',32768,229425),(295037,'2014-12-14 14:31:37','\0','提交订单',NULL,1,229426),(295038,'2014-12-14 14:32:48','\0','调整订单费用',NULL,32768,229426),(295039,'2014-12-14 14:33:22','\0','支付宝在线支付',NULL,NULL,229426),(295040,'2014-12-14 14:36:06','\0','提交订单',NULL,1,229427),(295041,'2014-12-14 14:36:27','\0','调整订单费用',NULL,32768,229427),(295042,'2014-12-14 14:38:35','\0','支付宝在线支付',NULL,NULL,229427),(295043,'2014-12-14 15:00:19','\0','提交订单',NULL,1,229428),(295044,'2014-12-14 15:00:53','\0','调整订单费用',NULL,32768,229428),(295045,'2014-12-14 15:16:51','\0','支付宝在线支付',NULL,NULL,229428),(295046,'2014-12-14 15:23:12','\0','提交订单',NULL,1,229429),(295047,'2014-12-14 15:24:50','\0','调整订单费用',NULL,32768,229429),(295048,'2014-12-14 15:25:38','\0','支付宝在线支付',NULL,1,229429),(295049,'2014-12-14 16:19:19','\0','提交订单',NULL,1,229430),(295050,'2014-12-14 16:28:37','\0','提交订单',NULL,1,229431),(295051,'2014-12-14 16:29:22','\0','提交订单',NULL,1,229432),(295052,'2014-12-14 16:36:03','\0','提交订单',NULL,1,229433),(295053,'2014-12-14 16:54:34','\0','提交订单',NULL,1,229434),(295054,'2014-12-14 16:55:03','\0','提交订单',NULL,1,229435),(295055,'2014-12-14 16:55:35','\0','提交订单',NULL,1,229436),(295056,'2015-01-16 13:44:24','\0','调整订单费用',NULL,32768,229436),(295057,'2015-01-16 13:46:51','\0','支付宝在线支付',NULL,1,229436),(295058,'2015-02-28 13:55:34','\0','提交订单',NULL,32777,229437),(295059,'2015-02-28 21:27:07','\0','提交订单',NULL,32780,229438),(295060,'2015-02-28 21:27:40','\0','提交线下支付申请',NULL,32780,229438),(295061,'2016-03-17 16:55:13','\0','提交订单',NULL,32777,229439),(295062,'2016-03-17 16:56:17','\0','提交订单',NULL,32777,229440),(295063,'2016-03-18 10:44:05','\0','提交订单',NULL,32777,229441),(295064,'2016-03-18 11:18:49','\0','提交订单',NULL,32777,229442),(295065,'2016-03-18 11:21:41','\0','提交订单',NULL,32777,229443),(295066,'2016-03-18 11:24:22','\0','提交订单',NULL,32777,229444),(295067,'2016-03-18 11:27:10','\0','提交订单',NULL,32777,229445),(295068,'2016-03-18 11:32:53','\0','提交订单',NULL,32777,229446),(295069,'2016-03-18 11:37:06','\0','提交订单',NULL,32777,229447),(295070,'2016-03-18 11:40:26','\0','提交订单',NULL,32777,229448),(295071,'2016-03-18 11:41:23','\0','提交订单',NULL,32777,229449),(295072,'2016-04-06 11:15:34','\0','提交订单',NULL,1,229450),(295073,'2016-04-06 11:30:01','\0','确认收货',NULL,NULL,1),(295074,'2016-04-06 11:30:01','\0','确认收货',NULL,NULL,32768),(295075,'2016-04-06 11:30:01','\0','确认收货',NULL,NULL,65536),(295076,'2016-04-06 11:30:01','\0','确认收货',NULL,NULL,98304),(295077,'2016-04-06 11:30:01','\0','确认收货',NULL,NULL,229377),(295078,'2016-04-06 11:30:01','\0','确认收货',NULL,NULL,229378),(295079,'2016-04-06 11:30:01','\0','确认收货',NULL,NULL,229390),(295080,'2016-04-06 11:30:01','\0','确认收货',NULL,NULL,229391),(295081,'2016-04-06 11:30:01','\0','确认收货',NULL,NULL,229409),(295082,'2016-04-06 11:30:01','\0','确认收货',NULL,NULL,229425),(295083,'2016-04-06 12:00:00','\0','确认收货',NULL,NULL,1),(295084,'2016-04-06 12:00:00','\0','确认收货',NULL,NULL,32768),(295085,'2016-04-06 12:00:00','\0','确认收货',NULL,NULL,65536),(295086,'2016-04-06 12:00:00','\0','确认收货',NULL,NULL,98304),(295087,'2016-04-06 12:00:00','\0','确认收货',NULL,NULL,229377),(295088,'2016-04-06 12:00:00','\0','确认收货',NULL,NULL,229378),(295089,'2016-04-06 12:00:00','\0','确认收货',NULL,NULL,229390),(295090,'2016-04-06 12:00:00','\0','确认收货',NULL,NULL,229391),(295091,'2016-04-06 12:00:00','\0','确认收货',NULL,NULL,229409),(295092,'2016-04-06 12:00:00','\0','确认收货',NULL,NULL,229425),(295093,'2016-04-06 12:30:00','\0','确认收货',NULL,NULL,1),(295094,'2016-04-06 12:30:00','\0','确认收货',NULL,NULL,32768),(295095,'2016-04-06 12:30:00','\0','确认收货',NULL,NULL,65536),(295096,'2016-04-06 12:30:00','\0','确认收货',NULL,NULL,98304),(295097,'2016-04-06 12:30:00','\0','确认收货',NULL,NULL,229377),(295098,'2016-04-06 12:30:00','\0','确认收货',NULL,NULL,229378),(295099,'2016-04-06 12:30:00','\0','确认收货',NULL,NULL,229390),(295100,'2016-04-06 12:30:00','\0','确认收货',NULL,NULL,229391),(295101,'2016-04-06 12:30:00','\0','确认收货',NULL,NULL,229409),(295102,'2016-04-06 12:30:00','\0','确认收货',NULL,NULL,229425),(295103,'2016-04-06 13:00:00','\0','确认收货',NULL,NULL,1),(295104,'2016-04-06 13:00:00','\0','确认收货',NULL,NULL,32768),(295105,'2016-04-06 13:00:00','\0','确认收货',NULL,NULL,65536),(295106,'2016-04-06 13:00:00','\0','确认收货',NULL,NULL,98304),(295107,'2016-04-06 13:00:00','\0','确认收货',NULL,NULL,229377),(295108,'2016-04-06 13:00:00','\0','确认收货',NULL,NULL,229378),(295109,'2016-04-06 13:00:00','\0','确认收货',NULL,NULL,229390),(295110,'2016-04-06 13:00:00','\0','确认收货',NULL,NULL,229391),(295111,'2016-04-06 13:00:00','\0','确认收货',NULL,NULL,229409),(295112,'2016-04-06 13:00:00','\0','确认收货',NULL,NULL,229425),(295113,'2016-04-06 14:00:00','\0','确认收货',NULL,NULL,1),(295114,'2016-04-06 14:00:00','\0','确认收货',NULL,NULL,32768),(295115,'2016-04-06 14:00:00','\0','确认收货',NULL,NULL,65536),(295116,'2016-04-06 14:00:00','\0','确认收货',NULL,NULL,98304),(295117,'2016-04-06 14:00:00','\0','确认收货',NULL,NULL,229377),(295118,'2016-04-06 14:00:00','\0','确认收货',NULL,NULL,229378),(295119,'2016-04-06 14:00:00','\0','确认收货',NULL,NULL,229390),(295120,'2016-04-06 14:00:00','\0','确认收货',NULL,NULL,229391),(295121,'2016-04-06 14:00:00','\0','确认收货',NULL,NULL,229409),(295122,'2016-04-06 14:00:00','\0','确认收货',NULL,NULL,229425),(295123,'2016-04-06 14:30:00','\0','确认收货',NULL,NULL,1),(295124,'2016-04-06 14:30:00','\0','确认收货',NULL,NULL,32768),(295125,'2016-04-06 14:30:00','\0','确认收货',NULL,NULL,65536),(295126,'2016-04-06 14:30:00','\0','确认收货',NULL,NULL,98304),(295127,'2016-04-06 14:30:00','\0','确认收货',NULL,NULL,229377),(295128,'2016-04-06 14:30:00','\0','确认收货',NULL,NULL,229378),(295129,'2016-04-06 14:30:00','\0','确认收货',NULL,NULL,229390),(295130,'2016-04-06 14:30:00','\0','确认收货',NULL,NULL,229391),(295131,'2016-04-06 14:30:01','\0','确认收货',NULL,NULL,229409),(295132,'2016-04-06 14:30:01','\0','确认收货',NULL,NULL,229425),(295133,'2016-04-06 15:00:00','\0','确认收货',NULL,NULL,1),(295134,'2016-04-06 15:00:00','\0','确认收货',NULL,NULL,32768),(295135,'2016-04-06 15:00:00','\0','确认收货',NULL,NULL,65536),(295136,'2016-04-06 15:00:00','\0','确认收货',NULL,NULL,98304),(295137,'2016-04-06 15:00:01','\0','确认收货',NULL,NULL,229377),(295138,'2016-04-06 15:00:01','\0','确认收货',NULL,NULL,229378),(295139,'2016-04-06 15:00:01','\0','确认收货',NULL,NULL,229390),(295140,'2016-04-06 15:00:01','\0','确认收货',NULL,NULL,229391),(295141,'2016-04-06 15:00:01','\0','确认收货',NULL,NULL,229409),(295142,'2016-04-06 15:00:01','\0','确认收货',NULL,NULL,229425),(295143,'2016-04-06 16:00:00','\0','确认收货',NULL,NULL,1),(295144,'2016-04-06 16:00:00','\0','确认收货',NULL,NULL,32768),(295145,'2016-04-06 16:00:00','\0','确认收货',NULL,NULL,65536),(295146,'2016-04-06 16:00:00','\0','确认收货',NULL,NULL,98304),(295147,'2016-04-06 16:00:00','\0','确认收货',NULL,NULL,229377),(295148,'2016-04-06 16:00:00','\0','确认收货',NULL,NULL,229378),(295149,'2016-04-06 16:00:00','\0','确认收货',NULL,NULL,229390),(295150,'2016-04-06 16:00:00','\0','确认收货',NULL,NULL,229391),(295151,'2016-04-06 16:00:00','\0','确认收货',NULL,NULL,229409),(295152,'2016-04-06 16:00:00','\0','确认收货',NULL,NULL,229425),(295153,'2016-04-06 16:30:01','\0','确认收货',NULL,NULL,1),(295154,'2016-04-06 16:30:01','\0','确认收货',NULL,NULL,32768),(295155,'2016-04-06 16:30:01','\0','确认收货',NULL,NULL,65536),(295156,'2016-04-06 16:30:01','\0','确认收货',NULL,NULL,98304),(295157,'2016-04-06 16:30:01','\0','确认收货',NULL,NULL,229377),(295158,'2016-04-06 16:30:01','\0','确认收货',NULL,NULL,229378),(295159,'2016-04-06 16:30:01','\0','确认收货',NULL,NULL,229390),(295160,'2016-04-06 16:30:01','\0','确认收货',NULL,NULL,229391),(295161,'2016-04-06 16:30:01','\0','确认收货',NULL,NULL,229409),(295162,'2016-04-06 16:30:01','\0','确认收货',NULL,NULL,229425),(295163,'2016-04-06 17:00:00','\0','确认收货',NULL,NULL,1),(295164,'2016-04-06 17:00:00','\0','确认收货',NULL,NULL,32768),(295165,'2016-04-06 17:00:00','\0','确认收货',NULL,NULL,65536),(295166,'2016-04-06 17:00:00','\0','确认收货',NULL,NULL,98304),(295167,'2016-04-06 17:00:00','\0','确认收货',NULL,NULL,229377),(295168,'2016-04-06 17:00:00','\0','确认收货',NULL,NULL,229378),(295169,'2016-04-06 17:00:00','\0','确认收货',NULL,NULL,229390),(295170,'2016-04-06 17:00:00','\0','确认收货',NULL,NULL,229391),(295171,'2016-04-06 17:00:00','\0','确认收货',NULL,NULL,229409),(295172,'2016-04-06 17:00:00','\0','确认收货',NULL,NULL,229425),(295173,'2016-04-06 17:30:00','\0','确认收货',NULL,NULL,1),(295174,'2016-04-06 17:30:00','\0','确认收货',NULL,NULL,32768),(295175,'2016-04-06 17:30:00','\0','确认收货',NULL,NULL,65536),(295176,'2016-04-06 17:30:00','\0','确认收货',NULL,NULL,98304),(295177,'2016-04-06 17:30:00','\0','确认收货',NULL,NULL,229377),(295178,'2016-04-06 17:30:00','\0','确认收货',NULL,NULL,229378),(295179,'2016-04-06 17:30:00','\0','确认收货',NULL,NULL,229390),(295180,'2016-04-06 17:30:00','\0','确认收货',NULL,NULL,229391),(295181,'2016-04-06 17:30:00','\0','确认收货',NULL,NULL,229409),(295182,'2016-04-06 17:30:00','\0','确认收货',NULL,NULL,229425),(295183,'2016-04-06 18:00:01','\0','确认收货',NULL,NULL,1),(295184,'2016-04-06 18:00:01','\0','确认收货',NULL,NULL,32768),(295185,'2016-04-06 18:00:01','\0','确认收货',NULL,NULL,65536),(295186,'2016-04-06 18:00:01','\0','确认收货',NULL,NULL,98304),(295187,'2016-04-06 18:00:01','\0','确认收货',NULL,NULL,229377),(295188,'2016-04-06 18:00:01','\0','确认收货',NULL,NULL,229378),(295189,'2016-04-06 18:00:01','\0','确认收货',NULL,NULL,229390),(295190,'2016-04-06 18:00:01','\0','确认收货',NULL,NULL,229391),(295191,'2016-04-06 18:00:01','\0','确认收货',NULL,NULL,229409),(295192,'2016-04-06 18:00:01','\0','确认收货',NULL,NULL,229425),(295193,'2016-04-06 18:30:00','\0','确认收货',NULL,NULL,1),(295194,'2016-04-06 18:30:00','\0','确认收货',NULL,NULL,32768),(295195,'2016-04-06 18:30:00','\0','确认收货',NULL,NULL,65536),(295196,'2016-04-06 18:30:00','\0','确认收货',NULL,NULL,98304),(295197,'2016-04-06 18:30:00','\0','确认收货',NULL,NULL,229377),(295198,'2016-04-06 18:30:00','\0','确认收货',NULL,NULL,229378),(295199,'2016-04-06 18:30:00','\0','确认收货',NULL,NULL,229390),(295200,'2016-04-06 18:30:00','\0','确认收货',NULL,NULL,229391),(295201,'2016-04-06 18:30:00','\0','确认收货',NULL,NULL,229409),(295202,'2016-04-06 18:30:00','\0','确认收货',NULL,NULL,229425),(295203,'2016-04-06 19:00:00','\0','确认收货',NULL,NULL,1),(295204,'2016-04-06 19:00:00','\0','确认收货',NULL,NULL,32768),(295205,'2016-04-06 19:00:00','\0','确认收货',NULL,NULL,65536),(295206,'2016-04-06 19:00:00','\0','确认收货',NULL,NULL,98304),(295207,'2016-04-06 19:00:00','\0','确认收货',NULL,NULL,229377),(295208,'2016-04-06 19:00:00','\0','确认收货',NULL,NULL,229378),(295209,'2016-04-06 19:00:00','\0','确认收货',NULL,NULL,229390),(295210,'2016-04-06 19:00:00','\0','确认收货',NULL,NULL,229391),(295211,'2016-04-06 19:00:00','\0','确认收货',NULL,NULL,229409),(295212,'2016-04-06 19:00:00','\0','确认收货',NULL,NULL,229425),(295213,'2016-04-06 19:30:00','\0','确认收货',NULL,NULL,1),(295214,'2016-04-06 19:30:00','\0','确认收货',NULL,NULL,32768),(295215,'2016-04-06 19:30:00','\0','确认收货',NULL,NULL,65536),(295216,'2016-04-06 19:30:00','\0','确认收货',NULL,NULL,98304),(295217,'2016-04-06 19:30:00','\0','确认收货',NULL,NULL,229377),(295218,'2016-04-06 19:30:00','\0','确认收货',NULL,NULL,229378),(295219,'2016-04-06 19:30:00','\0','确认收货',NULL,NULL,229390),(295220,'2016-04-06 19:30:00','\0','确认收货',NULL,NULL,229391),(295221,'2016-04-06 19:30:00','\0','确认收货',NULL,NULL,229409),(295222,'2016-04-06 19:30:00','\0','确认收货',NULL,NULL,229425),(295223,'2016-04-06 20:00:00','\0','确认收货',NULL,NULL,1),(295224,'2016-04-06 20:00:00','\0','确认收货',NULL,NULL,32768),(295225,'2016-04-06 20:00:00','\0','确认收货',NULL,NULL,65536),(295226,'2016-04-06 20:00:00','\0','确认收货',NULL,NULL,98304),(295227,'2016-04-06 20:00:00','\0','确认收货',NULL,NULL,229377),(295228,'2016-04-06 20:00:00','\0','确认收货',NULL,NULL,229378),(295229,'2016-04-06 20:00:00','\0','确认收货',NULL,NULL,229390),(295230,'2016-04-06 20:00:00','\0','确认收货',NULL,NULL,229391),(295231,'2016-04-06 20:00:00','\0','确认收货',NULL,NULL,229409),(295232,'2016-04-06 20:00:00','\0','确认收货',NULL,NULL,229425),(295233,'2016-04-06 20:30:01','\0','确认收货',NULL,NULL,1),(295234,'2016-04-06 20:30:01','\0','确认收货',NULL,NULL,32768),(295235,'2016-04-06 20:30:01','\0','确认收货',NULL,NULL,65536),(295236,'2016-04-06 20:30:01','\0','确认收货',NULL,NULL,98304),(295237,'2016-04-06 20:30:01','\0','确认收货',NULL,NULL,229377),(295238,'2016-04-06 20:30:01','\0','确认收货',NULL,NULL,229378),(295239,'2016-04-06 20:30:01','\0','确认收货',NULL,NULL,229390),(295240,'2016-04-06 20:30:01','\0','确认收货',NULL,NULL,229391),(295241,'2016-04-06 20:30:01','\0','确认收货',NULL,NULL,229409),(295242,'2016-04-06 20:30:01','\0','确认收货',NULL,NULL,229425),(295243,'2016-04-07 10:00:01','\0','确认收货',NULL,NULL,1),(295244,'2016-04-07 10:00:01','\0','确认收货',NULL,NULL,32768),(295245,'2016-04-07 10:00:01','\0','确认收货',NULL,NULL,65536),(295246,'2016-04-07 10:00:01','\0','确认收货',NULL,NULL,98304),(295247,'2016-04-07 10:00:01','\0','确认收货',NULL,NULL,229377),(295248,'2016-04-07 10:00:01','\0','确认收货',NULL,NULL,229378),(295249,'2016-04-07 10:00:01','\0','确认收货',NULL,NULL,229390),(295250,'2016-04-07 10:00:01','\0','确认收货',NULL,NULL,229391),(295251,'2016-04-07 10:00:01','\0','确认收货',NULL,NULL,229409),(295252,'2016-04-07 10:00:01','\0','确认收货',NULL,NULL,229425),(295253,'2016-04-07 10:30:00','\0','确认收货',NULL,NULL,1),(295254,'2016-04-07 10:30:00','\0','确认收货',NULL,NULL,32768),(295255,'2016-04-07 10:30:00','\0','确认收货',NULL,NULL,65536),(295256,'2016-04-07 10:30:00','\0','确认收货',NULL,NULL,98304),(295257,'2016-04-07 10:30:00','\0','确认收货',NULL,NULL,229377),(295258,'2016-04-07 10:30:00','\0','确认收货',NULL,NULL,229378),(295259,'2016-04-07 10:30:00','\0','确认收货',NULL,NULL,229390),(295260,'2016-04-07 10:30:00','\0','确认收货',NULL,NULL,229391),(295261,'2016-04-07 10:30:00','\0','确认收货',NULL,NULL,229409),(295262,'2016-04-07 10:30:00','\0','确认收货',NULL,NULL,229425),(295263,'2016-04-07 11:00:00','\0','确认收货',NULL,NULL,1),(295264,'2016-04-07 11:00:00','\0','确认收货',NULL,NULL,32768),(295265,'2016-04-07 11:00:00','\0','确认收货',NULL,NULL,65536),(295266,'2016-04-07 11:00:00','\0','确认收货',NULL,NULL,98304),(295267,'2016-04-07 11:00:00','\0','确认收货',NULL,NULL,229377),(295268,'2016-04-07 11:00:00','\0','确认收货',NULL,NULL,229378),(295269,'2016-04-07 11:00:00','\0','确认收货',NULL,NULL,229390),(295270,'2016-04-07 11:00:00','\0','确认收货',NULL,NULL,229391),(295271,'2016-04-07 11:00:00','\0','确认收货',NULL,NULL,229409),(295272,'2016-04-07 11:00:00','\0','确认收货',NULL,NULL,229425),(295273,'2016-04-07 11:26:22','\0','提交订单',NULL,32769,229451),(295274,'2016-04-07 11:30:00','\0','确认收货',NULL,NULL,1),(295275,'2016-04-07 11:30:00','\0','确认收货',NULL,NULL,32768),(295276,'2016-04-07 11:30:00','\0','确认收货',NULL,NULL,65536),(295277,'2016-04-07 11:30:00','\0','确认收货',NULL,NULL,98304),(295278,'2016-04-07 11:30:00','\0','确认收货',NULL,NULL,229377),(295279,'2016-04-07 11:30:00','\0','确认收货',NULL,NULL,229378),(295280,'2016-04-07 11:30:00','\0','确认收货',NULL,NULL,229390),(295281,'2016-04-07 11:30:00','\0','确认收货',NULL,NULL,229391),(295282,'2016-04-07 11:30:00','\0','确认收货',NULL,NULL,229409),(295283,'2016-04-07 11:30:00','\0','确认收货',NULL,NULL,229425),(295284,'2016-04-07 12:00:00','\0','确认收货',NULL,NULL,1),(295285,'2016-04-07 12:00:00','\0','确认收货',NULL,NULL,32768),(295286,'2016-04-07 12:00:00','\0','确认收货',NULL,NULL,65536),(295287,'2016-04-07 12:00:00','\0','确认收货',NULL,NULL,98304),(295288,'2016-04-07 12:00:00','\0','确认收货',NULL,NULL,229377),(295289,'2016-04-07 12:00:00','\0','确认收货',NULL,NULL,229378),(295290,'2016-04-07 12:00:00','\0','确认收货',NULL,NULL,229390),(295291,'2016-04-07 12:00:00','\0','确认收货',NULL,NULL,229391),(295292,'2016-04-07 12:00:00','\0','确认收货',NULL,NULL,229409),(295293,'2016-04-07 12:00:00','\0','确认收货',NULL,NULL,229425),(295294,'2016-04-07 12:30:00','\0','确认收货',NULL,NULL,1),(295295,'2016-04-07 12:30:00','\0','确认收货',NULL,NULL,32768),(295296,'2016-04-07 12:30:00','\0','确认收货',NULL,NULL,65536),(295297,'2016-04-07 12:30:00','\0','确认收货',NULL,NULL,98304),(295298,'2016-04-07 12:30:00','\0','确认收货',NULL,NULL,229377),(295299,'2016-04-07 12:30:00','\0','确认收货',NULL,NULL,229378),(295300,'2016-04-07 12:30:00','\0','确认收货',NULL,NULL,229390),(295301,'2016-04-07 12:30:00','\0','确认收货',NULL,NULL,229391),(295302,'2016-04-07 12:30:00','\0','确认收货',NULL,NULL,229409),(295303,'2016-04-07 12:30:00','\0','确认收货',NULL,NULL,229425),(295304,'2016-04-07 13:00:01','\0','确认收货',NULL,NULL,1),(295305,'2016-04-07 13:00:01','\0','确认收货',NULL,NULL,32768),(295306,'2016-04-07 13:00:01','\0','确认收货',NULL,NULL,65536),(295307,'2016-04-07 13:00:01','\0','确认收货',NULL,NULL,98304),(295308,'2016-04-07 13:00:01','\0','确认收货',NULL,NULL,229377),(295309,'2016-04-07 13:00:01','\0','确认收货',NULL,NULL,229378),(295310,'2016-04-07 13:00:01','\0','确认收货',NULL,NULL,229390),(295311,'2016-04-07 13:00:01','\0','确认收货',NULL,NULL,229391),(295312,'2016-04-07 13:00:01','\0','确认收货',NULL,NULL,229409),(295313,'2016-04-07 13:00:01','\0','确认收货',NULL,NULL,229425),(295314,'2016-04-07 13:30:00','\0','确认收货',NULL,NULL,1),(295315,'2016-04-07 13:30:00','\0','确认收货',NULL,NULL,32768),(295316,'2016-04-07 13:30:00','\0','确认收货',NULL,NULL,65536),(295317,'2016-04-07 13:30:01','\0','确认收货',NULL,NULL,98304),(295318,'2016-04-07 13:30:01','\0','确认收货',NULL,NULL,229377),(295319,'2016-04-07 13:30:01','\0','确认收货',NULL,NULL,229378),(295320,'2016-04-07 13:30:01','\0','确认收货',NULL,NULL,229390),(295321,'2016-04-07 13:30:01','\0','确认收货',NULL,NULL,229391),(295322,'2016-04-07 13:30:01','\0','确认收货',NULL,NULL,229409),(295323,'2016-04-07 13:30:01','\0','确认收货',NULL,NULL,229425),(295324,'2016-04-07 16:30:01','\0','确认收货',NULL,NULL,1),(295325,'2016-04-07 16:30:01','\0','确认收货',NULL,NULL,32768),(295326,'2016-04-07 16:30:01','\0','确认收货',NULL,NULL,65536),(295327,'2016-04-07 16:30:01','\0','确认收货',NULL,NULL,98304),(295328,'2016-04-07 16:30:01','\0','确认收货',NULL,NULL,229377),(295329,'2016-04-07 16:30:01','\0','确认收货',NULL,NULL,229378),(295330,'2016-04-07 16:30:01','\0','确认收货',NULL,NULL,229390),(295331,'2016-04-07 16:30:01','\0','确认收货',NULL,NULL,229391),(295332,'2016-04-07 16:30:01','\0','确认收货',NULL,NULL,229409),(295333,'2016-04-07 16:30:01','\0','确认收货',NULL,NULL,229425),(295334,'2016-04-07 17:00:00','\0','确认收货',NULL,NULL,1),(295335,'2016-04-07 17:00:00','\0','确认收货',NULL,NULL,32768),(295336,'2016-04-07 17:00:00','\0','确认收货',NULL,NULL,65536),(295337,'2016-04-07 17:00:00','\0','确认收货',NULL,NULL,98304),(295338,'2016-04-07 17:00:00','\0','确认收货',NULL,NULL,229377),(295339,'2016-04-07 17:00:00','\0','确认收货',NULL,NULL,229378),(295340,'2016-04-07 17:00:00','\0','确认收货',NULL,NULL,229390),(295341,'2016-04-07 17:00:00','\0','确认收货',NULL,NULL,229391),(295342,'2016-04-07 17:00:00','\0','确认收货',NULL,NULL,229409),(295343,'2016-04-07 17:00:00','\0','确认收货',NULL,NULL,229425),(295344,'2016-04-07 17:30:00','\0','确认收货',NULL,NULL,1),(295345,'2016-04-07 17:30:00','\0','确认收货',NULL,NULL,32768),(295346,'2016-04-07 17:30:00','\0','确认收货',NULL,NULL,65536),(295347,'2016-04-07 17:30:00','\0','确认收货',NULL,NULL,98304),(295348,'2016-04-07 17:30:00','\0','确认收货',NULL,NULL,229377),(295349,'2016-04-07 17:30:00','\0','确认收货',NULL,NULL,229378),(295350,'2016-04-07 17:30:01','\0','确认收货',NULL,NULL,229390),(295351,'2016-04-07 17:30:01','\0','确认收货',NULL,NULL,229391),(295352,'2016-04-07 17:30:01','\0','确认收货',NULL,NULL,229409),(295353,'2016-04-07 17:30:01','\0','确认收货',NULL,NULL,229425),(295354,'2016-04-07 18:00:00','\0','确认收货',NULL,NULL,1),(295355,'2016-04-07 18:00:00','\0','确认收货',NULL,NULL,32768),(295356,'2016-04-07 18:00:00','\0','确认收货',NULL,NULL,65536),(295357,'2016-04-07 18:00:00','\0','确认收货',NULL,NULL,98304),(295358,'2016-04-07 18:00:00','\0','确认收货',NULL,NULL,229377),(295359,'2016-04-07 18:00:00','\0','确认收货',NULL,NULL,229378),(295360,'2016-04-07 18:00:00','\0','确认收货',NULL,NULL,229390),(295361,'2016-04-07 18:00:00','\0','确认收货',NULL,NULL,229391),(295362,'2016-04-07 18:00:00','\0','确认收货',NULL,NULL,229409),(295363,'2016-04-07 18:00:00','\0','确认收货',NULL,NULL,229425),(295364,'2016-04-07 18:30:00','\0','确认收货',NULL,NULL,1),(295365,'2016-04-07 18:30:00','\0','确认收货',NULL,NULL,32768),(295366,'2016-04-07 18:30:00','\0','确认收货',NULL,NULL,65536),(295367,'2016-04-07 18:30:00','\0','确认收货',NULL,NULL,98304),(295368,'2016-04-07 18:30:00','\0','确认收货',NULL,NULL,229377),(295369,'2016-04-07 18:30:00','\0','确认收货',NULL,NULL,229378),(295370,'2016-04-07 18:30:00','\0','确认收货',NULL,NULL,229390),(295371,'2016-04-07 18:30:00','\0','确认收货',NULL,NULL,229391),(295372,'2016-04-07 18:30:00','\0','确认收货',NULL,NULL,229409),(295373,'2016-04-07 18:30:01','\0','确认收货',NULL,NULL,229425),(295374,'2016-04-07 19:00:00','\0','确认收货',NULL,NULL,1),(295375,'2016-04-07 19:00:00','\0','确认收货',NULL,NULL,32768),(295376,'2016-04-07 19:00:00','\0','确认收货',NULL,NULL,65536),(295377,'2016-04-07 19:00:00','\0','确认收货',NULL,NULL,98304),(295378,'2016-04-07 19:00:00','\0','确认收货',NULL,NULL,229377),(295379,'2016-04-07 19:00:00','\0','确认收货',NULL,NULL,229378),(295380,'2016-04-07 19:00:00','\0','确认收货',NULL,NULL,229390),(295381,'2016-04-07 19:00:00','\0','确认收货',NULL,NULL,229391),(295382,'2016-04-07 19:00:00','\0','确认收货',NULL,NULL,229409),(295383,'2016-04-07 19:00:00','\0','确认收货',NULL,NULL,229425),(295384,'2016-04-07 19:30:01','\0','确认收货',NULL,NULL,1),(295385,'2016-04-07 19:30:01','\0','确认收货',NULL,NULL,32768),(295386,'2016-04-07 19:30:01','\0','确认收货',NULL,NULL,65536),(295387,'2016-04-07 19:30:01','\0','确认收货',NULL,NULL,98304),(295388,'2016-04-07 19:30:01','\0','确认收货',NULL,NULL,229377),(295389,'2016-04-07 19:30:01','\0','确认收货',NULL,NULL,229378),(295390,'2016-04-07 19:30:01','\0','确认收货',NULL,NULL,229390),(295391,'2016-04-07 19:30:01','\0','确认收货',NULL,NULL,229391),(295392,'2016-04-07 19:30:01','\0','确认收货',NULL,NULL,229409),(295393,'2016-04-07 19:30:01','\0','确认收货',NULL,NULL,229425),(295394,'2016-04-07 20:00:00','\0','确认收货',NULL,NULL,1),(295395,'2016-04-07 20:00:00','\0','确认收货',NULL,NULL,32768),(295396,'2016-04-07 20:00:00','\0','确认收货',NULL,NULL,65536),(295397,'2016-04-07 20:00:00','\0','确认收货',NULL,NULL,98304),(295398,'2016-04-07 20:00:00','\0','确认收货',NULL,NULL,229377),(295399,'2016-04-07 20:00:00','\0','确认收货',NULL,NULL,229378),(295400,'2016-04-07 20:00:01','\0','确认收货',NULL,NULL,229390),(295401,'2016-04-07 20:00:01','\0','确认收货',NULL,NULL,229391),(295402,'2016-04-07 20:00:01','\0','确认收货',NULL,NULL,229409),(295403,'2016-04-07 20:00:01','\0','确认收货',NULL,NULL,229425),(295404,'2016-04-07 20:30:00','\0','确认收货',NULL,NULL,1),(295405,'2016-04-07 20:30:00','\0','确认收货',NULL,NULL,32768),(295406,'2016-04-07 20:30:00','\0','确认收货',NULL,NULL,65536),(295407,'2016-04-07 20:30:00','\0','确认收货',NULL,NULL,98304),(295408,'2016-04-07 20:30:00','\0','确认收货',NULL,NULL,229377),(295409,'2016-04-07 20:30:00','\0','确认收货',NULL,NULL,229378),(295410,'2016-04-07 20:30:00','\0','确认收货',NULL,NULL,229390),(295411,'2016-04-07 20:30:00','\0','确认收货',NULL,NULL,229391),(295412,'2016-04-07 20:30:00','\0','确认收货',NULL,NULL,229409),(295413,'2016-04-07 20:30:00','\0','确认收货',NULL,NULL,229425),(295414,'2016-04-12 10:30:00','\0','确认收货',NULL,NULL,1),(295415,'2016-04-12 10:30:00','\0','确认收货',NULL,NULL,32768),(295416,'2016-04-12 10:30:00','\0','确认收货',NULL,NULL,65536),(295417,'2016-04-12 10:30:00','\0','确认收货',NULL,NULL,98304),(295418,'2016-04-12 10:30:00','\0','确认收货',NULL,NULL,229377),(295419,'2016-04-12 10:30:00','\0','确认收货',NULL,NULL,229378),(295420,'2016-04-12 10:30:00','\0','确认收货',NULL,NULL,229390),(295421,'2016-04-12 10:30:00','\0','确认收货',NULL,NULL,229391),(295422,'2016-04-12 10:30:00','\0','确认收货',NULL,NULL,229409),(295423,'2016-04-12 10:30:00','\0','确认收货',NULL,NULL,229425),(295424,'2016-04-12 16:30:01','\0','确认收货',NULL,NULL,1),(295425,'2016-04-12 16:30:01','\0','确认收货',NULL,NULL,32768),(295426,'2016-04-12 16:30:01','\0','确认收货',NULL,NULL,65536),(295427,'2016-04-12 16:30:01','\0','确认收货',NULL,NULL,98304),(295428,'2016-04-12 16:30:01','\0','确认收货',NULL,NULL,229377),(295429,'2016-04-12 16:30:01','\0','确认收货',NULL,NULL,229378),(295430,'2016-04-12 16:30:01','\0','确认收货',NULL,NULL,229390),(295431,'2016-04-12 16:30:01','\0','确认收货',NULL,NULL,229391),(295432,'2016-04-12 16:30:01','\0','确认收货',NULL,NULL,229409),(295433,'2016-04-12 16:30:01','\0','确认收货',NULL,NULL,229425),(295434,'2016-04-12 17:00:00','\0','确认收货',NULL,NULL,1),(295435,'2016-04-12 17:00:00','\0','确认收货',NULL,NULL,32768),(295436,'2016-04-12 17:00:01','\0','确认收货',NULL,NULL,65536),(295437,'2016-04-12 17:00:01','\0','确认收货',NULL,NULL,98304),(295438,'2016-04-12 17:00:01','\0','确认收货',NULL,NULL,229377),(295439,'2016-04-12 17:00:01','\0','确认收货',NULL,NULL,229378),(295440,'2016-04-12 17:00:01','\0','确认收货',NULL,NULL,229390),(295441,'2016-04-12 17:00:01','\0','确认收货',NULL,NULL,229391),(295442,'2016-04-12 17:00:01','\0','确认收货',NULL,NULL,229409),(295443,'2016-04-12 17:00:01','\0','确认收货',NULL,NULL,229425),(295444,'2016-04-21 16:00:00','\0','确认收货',NULL,NULL,1),(295445,'2016-04-21 16:00:00','\0','确认收货',NULL,NULL,32768),(295446,'2016-04-21 16:00:00','\0','确认收货',NULL,NULL,65536),(295447,'2016-04-21 16:00:00','\0','确认收货',NULL,NULL,98304),(295448,'2016-04-21 16:00:00','\0','确认收货',NULL,NULL,229377),(295449,'2016-04-21 16:00:01','\0','确认收货',NULL,NULL,229378),(295450,'2016-04-21 16:00:01','\0','确认收货',NULL,NULL,229390),(295451,'2016-04-21 16:00:01','\0','确认收货',NULL,NULL,229391),(295452,'2016-04-21 16:00:01','\0','确认收货',NULL,NULL,229409),(295453,'2016-04-21 16:00:01','\0','确认收货',NULL,NULL,229425),(295454,'2016-04-21 16:30:01','\0','确认收货',NULL,NULL,1),(295455,'2016-04-21 16:30:01','\0','确认收货',NULL,NULL,32768),(295456,'2016-04-21 16:30:01','\0','确认收货',NULL,NULL,65536),(295457,'2016-04-21 16:30:01','\0','确认收货',NULL,NULL,98304),(295458,'2016-04-21 16:30:01','\0','确认收货',NULL,NULL,229377),(295459,'2016-04-21 16:30:01','\0','确认收货',NULL,NULL,229378),(295460,'2016-04-21 16:30:01','\0','确认收货',NULL,NULL,229390),(295461,'2016-04-21 16:30:01','\0','确认收货',NULL,NULL,229391),(295462,'2016-04-21 16:30:01','\0','确认收货',NULL,NULL,229409),(295463,'2016-04-21 16:30:01','\0','确认收货',NULL,NULL,229425),(295464,'2016-04-21 17:00:01','\0','确认收货',NULL,NULL,1),(295465,'2016-04-21 17:00:01','\0','确认收货',NULL,NULL,32768),(295466,'2016-04-21 17:00:01','\0','确认收货',NULL,NULL,65536),(295467,'2016-04-21 17:00:01','\0','确认收货',NULL,NULL,98304),(295468,'2016-04-21 17:00:01','\0','确认收货',NULL,NULL,229377),(295469,'2016-04-21 17:00:01','\0','确认收货',NULL,NULL,229378),(295470,'2016-04-21 17:00:01','\0','确认收货',NULL,NULL,229390),(295471,'2016-04-21 17:00:01','\0','确认收货',NULL,NULL,229391),(295472,'2016-04-21 17:00:01','\0','确认收货',NULL,NULL,229409),(295473,'2016-04-21 17:00:01','\0','确认收货',NULL,NULL,229425),(295474,'2016-04-21 17:30:00','\0','确认收货',NULL,NULL,1),(295475,'2016-04-21 17:30:00','\0','确认收货',NULL,NULL,32768),(295476,'2016-04-21 17:30:00','\0','确认收货',NULL,NULL,65536),(295477,'2016-04-21 17:30:00','\0','确认收货',NULL,NULL,98304),(295478,'2016-04-21 17:30:00','\0','确认收货',NULL,NULL,229377),(295479,'2016-04-21 17:30:00','\0','确认收货',NULL,NULL,229378),(295480,'2016-04-21 17:30:00','\0','确认收货',NULL,NULL,229390),(295481,'2016-04-21 17:30:00','\0','确认收货',NULL,NULL,229391),(295482,'2016-04-21 17:30:00','\0','确认收货',NULL,NULL,229409),(295483,'2016-04-21 17:30:00','\0','确认收货',NULL,NULL,229425),(295484,'2016-04-26 10:00:01','\0','确认收货',NULL,NULL,1),(295485,'2016-04-26 10:00:01','\0','确认收货',NULL,NULL,32768),(295486,'2016-04-26 10:00:01','\0','确认收货',NULL,NULL,65536),(295487,'2016-04-26 10:00:01','\0','确认收货',NULL,NULL,98304),(295488,'2016-04-26 10:00:01','\0','确认收货',NULL,NULL,229377),(295489,'2016-04-26 10:00:01','\0','确认收货',NULL,NULL,229378),(295490,'2016-04-26 10:00:01','\0','确认收货',NULL,NULL,229390),(295491,'2016-04-26 10:00:01','\0','确认收货',NULL,NULL,229391),(295492,'2016-04-26 10:00:01','\0','确认收货',NULL,NULL,229409),(295493,'2016-04-26 10:00:01','\0','确认收货',NULL,NULL,229425),(295494,'2016-04-26 10:30:00','\0','确认收货',NULL,NULL,1),(295495,'2016-04-26 10:30:00','\0','确认收货',NULL,NULL,32768),(295496,'2016-04-26 10:30:00','\0','确认收货',NULL,NULL,65536),(295497,'2016-04-26 10:30:00','\0','确认收货',NULL,NULL,98304),(295498,'2016-04-26 10:30:00','\0','确认收货',NULL,NULL,229377),(295499,'2016-04-26 10:30:00','\0','确认收货',NULL,NULL,229378),(295500,'2016-04-26 10:30:00','\0','确认收货',NULL,NULL,229390),(295501,'2016-04-26 10:30:00','\0','确认收货',NULL,NULL,229391),(295502,'2016-04-26 10:30:00','\0','确认收货',NULL,NULL,229409),(295503,'2016-04-26 10:30:01','\0','确认收货',NULL,NULL,229425),(295504,'2016-04-28 11:30:01','\0','确认收货',NULL,NULL,1),(295505,'2016-04-28 11:30:01','\0','确认收货',NULL,NULL,32768),(295506,'2016-04-28 11:30:01','\0','确认收货',NULL,NULL,65536),(295507,'2016-04-28 11:30:01','\0','确认收货',NULL,NULL,98304),(295508,'2016-04-28 11:30:01','\0','确认收货',NULL,NULL,229377),(295509,'2016-04-28 11:30:01','\0','确认收货',NULL,NULL,229378),(295510,'2016-04-28 11:30:01','\0','确认收货',NULL,NULL,229390),(295511,'2016-04-28 11:30:01','\0','确认收货',NULL,NULL,229391),(295512,'2016-04-28 11:30:01','\0','确认收货',NULL,NULL,229409),(295513,'2016-04-28 11:30:01','\0','确认收货',NULL,NULL,229425),(295514,'2016-04-28 12:30:01','\0','确认收货',NULL,NULL,1),(295515,'2016-04-28 12:30:36','\0','确认收货',NULL,NULL,32768),(295516,'2016-04-28 12:30:44','\0','确认收货',NULL,NULL,65536),(295517,'2016-04-28 12:30:48','\0','确认收货',NULL,NULL,98304),(295518,'2016-04-28 12:30:49','\0','确认收货',NULL,NULL,229377),(295519,'2016-04-28 12:30:49','\0','确认收货',NULL,NULL,229378),(295520,'2016-04-28 12:30:54','\0','确认收货',NULL,NULL,229390),(295521,'2016-04-28 12:30:54','\0','确认收货',NULL,NULL,229391),(295522,'2016-04-28 12:30:54','\0','确认收货',NULL,NULL,229409),(295523,'2016-04-28 12:30:54','\0','确认收货',NULL,NULL,229425),(295524,'2016-04-29 00:30:01','\0','确认收货',NULL,NULL,1),(295525,'2016-04-29 00:30:02','\0','确认收货',NULL,NULL,32768),(295526,'2016-04-29 00:30:03','\0','确认收货',NULL,NULL,65536),(295527,'2016-04-29 00:30:03','\0','确认收货',NULL,NULL,98304),(295528,'2016-04-29 00:30:03','\0','确认收货',NULL,NULL,229377),(295529,'2016-04-29 00:30:04','\0','确认收货',NULL,NULL,229378),(295530,'2016-04-29 00:30:04','\0','确认收货',NULL,NULL,229390),(295531,'2016-04-29 00:30:04','\0','确认收货',NULL,NULL,229391),(295532,'2016-04-29 00:30:05','\0','确认收货',NULL,NULL,229409),(295533,'2016-04-29 00:30:05','\0','确认收货',NULL,NULL,229425),(295534,'2016-04-29 17:00:01','\0','确认收货',NULL,NULL,1),(295535,'2016-04-29 17:00:01','\0','确认收货',NULL,NULL,32768),(295536,'2016-04-29 17:00:01','\0','确认收货',NULL,NULL,65536),(295537,'2016-04-29 17:00:01','\0','确认收货',NULL,NULL,98304),(295538,'2016-04-29 17:00:01','\0','确认收货',NULL,NULL,229377),(295539,'2016-04-29 17:00:01','\0','确认收货',NULL,NULL,229378),(295540,'2016-04-29 17:00:01','\0','确认收货',NULL,NULL,229390),(295541,'2016-04-29 17:00:01','\0','确认收货',NULL,NULL,229391),(295542,'2016-04-29 17:00:01','\0','确认收货',NULL,NULL,229409),(295543,'2016-04-29 17:00:01','\0','确认收货',NULL,NULL,229425),(295544,'2016-05-03 12:00:01','\0','确认收货',NULL,NULL,1),(295545,'2016-05-03 12:00:01','\0','确认收货',NULL,NULL,32768),(295546,'2016-05-03 12:00:01','\0','确认收货',NULL,NULL,65536),(295547,'2016-05-03 12:00:01','\0','确认收货',NULL,NULL,98304),(295548,'2016-05-03 12:00:01','\0','确认收货',NULL,NULL,229377),(295549,'2016-05-03 12:00:01','\0','确认收货',NULL,NULL,229378),(295550,'2016-05-03 12:00:02','\0','确认收货',NULL,NULL,229390),(295551,'2016-05-03 12:00:02','\0','确认收货',NULL,NULL,229391),(295552,'2016-05-03 12:00:02','\0','确认收货',NULL,NULL,229409),(295553,'2016-05-03 12:00:02','\0','确认收货',NULL,NULL,229425),(295554,'2016-05-04 19:00:01','\0','确认收货',NULL,NULL,1),(295555,'2016-05-04 19:00:01','\0','确认收货',NULL,NULL,32768),(295556,'2016-05-04 19:00:01','\0','确认收货',NULL,NULL,65536),(295557,'2016-05-04 19:00:01','\0','确认收货',NULL,NULL,98304),(295558,'2016-05-04 19:00:01','\0','确认收货',NULL,NULL,229377),(295559,'2016-05-04 19:00:01','\0','确认收货',NULL,NULL,229378),(295560,'2016-05-04 19:00:01','\0','确认收货',NULL,NULL,229390),(295561,'2016-05-04 19:00:01','\0','确认收货',NULL,NULL,229391),(295562,'2016-05-04 19:00:01','\0','确认收货',NULL,NULL,229409),(295563,'2016-05-04 19:00:01','\0','确认收货',NULL,NULL,229425),(295564,'2016-05-04 19:30:00','\0','确认收货',NULL,NULL,1),(295565,'2016-05-04 19:30:00','\0','确认收货',NULL,NULL,32768),(295566,'2016-05-04 19:30:00','\0','确认收货',NULL,NULL,65536),(295567,'2016-05-04 19:30:00','\0','确认收货',NULL,NULL,98304),(295568,'2016-05-04 19:30:00','\0','确认收货',NULL,NULL,229377),(295569,'2016-05-04 19:30:01','\0','确认收货',NULL,NULL,229378),(295570,'2016-05-04 19:30:01','\0','确认收货',NULL,NULL,229390),(295571,'2016-05-04 19:30:01','\0','确认收货',NULL,NULL,229391),(295572,'2016-05-04 19:30:01','\0','确认收货',NULL,NULL,229409),(295573,'2016-05-04 19:30:01','\0','确认收货',NULL,NULL,229425),(295574,'2016-05-04 20:00:00','\0','确认收货',NULL,NULL,1),(295575,'2016-05-04 20:00:00','\0','确认收货',NULL,NULL,32768),(295576,'2016-05-04 20:00:00','\0','确认收货',NULL,NULL,65536),(295577,'2016-05-04 20:00:00','\0','确认收货',NULL,NULL,98304),(295578,'2016-05-04 20:00:00','\0','确认收货',NULL,NULL,229377),(295579,'2016-05-04 20:00:00','\0','确认收货',NULL,NULL,229378),(295580,'2016-05-04 20:00:00','\0','确认收货',NULL,NULL,229390),(295581,'2016-05-04 20:00:00','\0','确认收货',NULL,NULL,229391),(295582,'2016-05-04 20:00:00','\0','确认收货',NULL,NULL,229409),(295583,'2016-05-04 20:00:01','\0','确认收货',NULL,NULL,229425),(295584,'2016-05-04 20:30:00','\0','确认收货',NULL,NULL,1),(295585,'2016-05-04 20:30:00','\0','确认收货',NULL,NULL,32768),(295586,'2016-05-04 20:30:00','\0','确认收货',NULL,NULL,65536),(295587,'2016-05-04 20:30:00','\0','确认收货',NULL,NULL,98304),(295588,'2016-05-04 20:30:00','\0','确认收货',NULL,NULL,229377),(295589,'2016-05-04 20:30:00','\0','确认收货',NULL,NULL,229378),(295590,'2016-05-04 20:30:00','\0','确认收货',NULL,NULL,229390),(295591,'2016-05-04 20:30:00','\0','确认收货',NULL,NULL,229391),(295592,'2016-05-04 20:30:00','\0','确认收货',NULL,NULL,229409),(295593,'2016-05-04 20:30:00','\0','确认收货',NULL,NULL,229425),(295594,'2016-05-04 21:00:00','\0','确认收货',NULL,NULL,1),(295595,'2016-05-04 21:00:00','\0','确认收货',NULL,NULL,32768),(295596,'2016-05-04 21:00:00','\0','确认收货',NULL,NULL,65536),(295597,'2016-05-04 21:00:00','\0','确认收货',NULL,NULL,98304),(295598,'2016-05-04 21:00:00','\0','确认收货',NULL,NULL,229377),(295599,'2016-05-04 21:00:00','\0','确认收货',NULL,NULL,229378),(295600,'2016-05-04 21:00:00','\0','确认收货',NULL,NULL,229390),(295601,'2016-05-04 21:00:00','\0','确认收货',NULL,NULL,229391),(295602,'2016-05-04 21:00:00','\0','确认收货',NULL,NULL,229409),(295603,'2016-05-04 21:00:00','\0','确认收货',NULL,NULL,229425),(295604,'2016-05-04 21:30:00','\0','确认收货',NULL,NULL,1),(295605,'2016-05-04 21:30:00','\0','确认收货',NULL,NULL,32768),(295606,'2016-05-04 21:30:00','\0','确认收货',NULL,NULL,65536),(295607,'2016-05-04 21:30:00','\0','确认收货',NULL,NULL,98304),(295608,'2016-05-04 21:30:00','\0','确认收货',NULL,NULL,229377),(295609,'2016-05-04 21:30:00','\0','确认收货',NULL,NULL,229378),(295610,'2016-05-04 21:30:00','\0','确认收货',NULL,NULL,229390),(295611,'2016-05-04 21:30:00','\0','确认收货',NULL,NULL,229391),(295612,'2016-05-04 21:30:00','\0','确认收货',NULL,NULL,229409),(295613,'2016-05-04 21:30:00','\0','确认收货',NULL,NULL,229425),(295614,'2016-05-04 22:00:00','\0','确认收货',NULL,NULL,1),(295615,'2016-05-04 22:00:00','\0','确认收货',NULL,NULL,32768),(295616,'2016-05-04 22:00:00','\0','确认收货',NULL,NULL,65536),(295617,'2016-05-04 22:00:00','\0','确认收货',NULL,NULL,98304),(295618,'2016-05-04 22:00:00','\0','确认收货',NULL,NULL,229377),(295619,'2016-05-04 22:00:00','\0','确认收货',NULL,NULL,229378),(295620,'2016-05-04 22:00:00','\0','确认收货',NULL,NULL,229390),(295621,'2016-05-04 22:00:00','\0','确认收货',NULL,NULL,229391),(295622,'2016-05-04 22:00:00','\0','确认收货',NULL,NULL,229409),(295623,'2016-05-04 22:00:00','\0','确认收货',NULL,NULL,229425),(295624,'2016-05-08 08:30:01','\0','确认收货',NULL,NULL,1),(295625,'2016-05-08 08:30:01','\0','确认收货',NULL,NULL,32768),(295626,'2016-05-08 08:30:01','\0','确认收货',NULL,NULL,65536),(295627,'2016-05-08 08:30:01','\0','确认收货',NULL,NULL,98304),(295628,'2016-05-08 08:30:01','\0','确认收货',NULL,NULL,229377),(295629,'2016-05-08 08:30:01','\0','确认收货',NULL,NULL,229378),(295630,'2016-05-08 08:30:01','\0','确认收货',NULL,NULL,229390),(295631,'2016-05-08 08:30:01','\0','确认收货',NULL,NULL,229391),(295632,'2016-05-08 08:30:01','\0','确认收货',NULL,NULL,229409),(295633,'2016-05-08 08:30:01','\0','确认收货',NULL,NULL,229425),(295634,'2016-05-08 09:00:01','\0','确认收货',NULL,NULL,1),(295635,'2016-05-08 09:00:01','\0','确认收货',NULL,NULL,32768),(295636,'2016-05-08 09:00:01','\0','确认收货',NULL,NULL,65536),(295637,'2016-05-08 09:00:01','\0','确认收货',NULL,NULL,98304),(295638,'2016-05-08 09:00:01','\0','确认收货',NULL,NULL,229377),(295639,'2016-05-08 09:00:01','\0','确认收货',NULL,NULL,229378),(295640,'2016-05-08 09:00:01','\0','确认收货',NULL,NULL,229390),(295641,'2016-05-08 09:00:01','\0','确认收货',NULL,NULL,229391),(295642,'2016-05-08 09:00:01','\0','确认收货',NULL,NULL,229409),(295643,'2016-05-08 09:00:01','\0','确认收货',NULL,NULL,229425),(295644,'2016-05-10 10:30:01','\0','确认收货',NULL,NULL,1),(295645,'2016-05-10 10:30:01','\0','确认收货',NULL,NULL,32768),(295646,'2016-05-10 10:30:01','\0','确认收货',NULL,NULL,65536),(295647,'2016-05-10 10:30:01','\0','确认收货',NULL,NULL,98304),(295648,'2016-05-10 10:30:01','\0','确认收货',NULL,NULL,229377),(295649,'2016-05-10 10:30:01','\0','确认收货',NULL,NULL,229378),(295650,'2016-05-10 10:30:01','\0','确认收货',NULL,NULL,229390),(295651,'2016-05-10 10:30:01','\0','确认收货',NULL,NULL,229391),(295652,'2016-05-10 10:30:01','\0','确认收货',NULL,NULL,229409),(295653,'2016-05-10 10:30:01','\0','确认收货',NULL,NULL,229425),(295654,'2016-05-12 16:00:01','\0','确认收货',NULL,NULL,1),(295655,'2016-05-12 16:00:01','\0','确认收货',NULL,NULL,32768),(295656,'2016-05-12 16:00:01','\0','确认收货',NULL,NULL,65536),(295657,'2016-05-12 16:00:01','\0','确认收货',NULL,NULL,98304),(295658,'2016-05-12 16:00:01','\0','确认收货',NULL,NULL,229377),(295659,'2016-05-12 16:00:01','\0','确认收货',NULL,NULL,229378),(295660,'2016-05-12 16:00:01','\0','确认收货',NULL,NULL,229390),(295661,'2016-05-12 16:00:01','\0','确认收货',NULL,NULL,229391),(295662,'2016-05-12 16:00:01','\0','确认收货',NULL,NULL,229409),(295663,'2016-05-12 16:00:01','\0','确认收货',NULL,NULL,229425),(295664,'2016-05-12 16:30:01','\0','确认收货',NULL,NULL,1),(295665,'2016-05-12 16:30:01','\0','确认收货',NULL,NULL,32768),(295666,'2016-05-12 16:30:01','\0','确认收货',NULL,NULL,65536),(295667,'2016-05-12 16:30:01','\0','确认收货',NULL,NULL,98304),(295668,'2016-05-12 16:30:01','\0','确认收货',NULL,NULL,229377),(295669,'2016-05-12 16:30:01','\0','确认收货',NULL,NULL,229378),(295670,'2016-05-12 16:30:01','\0','确认收货',NULL,NULL,229390),(295671,'2016-05-12 16:30:01','\0','确认收货',NULL,NULL,229391),(295672,'2016-05-12 16:30:01','\0','确认收货',NULL,NULL,229409),(295673,'2016-05-12 16:30:01','\0','确认收货',NULL,NULL,229425),(295674,'2016-05-12 17:00:01','\0','确认收货',NULL,NULL,1),(295675,'2016-05-12 17:00:01','\0','确认收货',NULL,NULL,32768),(295676,'2016-05-12 17:00:01','\0','确认收货',NULL,NULL,65536),(295677,'2016-05-12 17:00:01','\0','确认收货',NULL,NULL,98304),(295678,'2016-05-12 17:00:01','\0','确认收货',NULL,NULL,229377),(295679,'2016-05-12 17:00:01','\0','确认收货',NULL,NULL,229378),(295680,'2016-05-12 17:00:01','\0','确认收货',NULL,NULL,229390),(295681,'2016-05-12 17:00:01','\0','确认收货',NULL,NULL,229391),(295682,'2016-05-12 17:00:01','\0','确认收货',NULL,NULL,229409),(295683,'2016-05-12 17:00:01','\0','确认收货',NULL,NULL,229425),(295684,'2016-05-12 17:30:01','\0','确认收货',NULL,NULL,1),(295685,'2016-05-12 17:30:01','\0','确认收货',NULL,NULL,32768),(295686,'2016-05-12 17:30:01','\0','确认收货',NULL,NULL,65536),(295687,'2016-05-12 17:30:01','\0','确认收货',NULL,NULL,98304),(295688,'2016-05-12 17:30:01','\0','确认收货',NULL,NULL,229377),(295689,'2016-05-12 17:30:01','\0','确认收货',NULL,NULL,229378),(295690,'2016-05-12 17:30:01','\0','确认收货',NULL,NULL,229390),(295691,'2016-05-12 17:30:01','\0','确认收货',NULL,NULL,229391),(295692,'2016-05-12 17:30:01','\0','确认收货',NULL,NULL,229409),(295693,'2016-05-12 17:30:01','\0','确认收货',NULL,NULL,229425),(295694,'2016-05-12 18:00:01','\0','确认收货',NULL,NULL,1),(295695,'2016-05-12 18:00:01','\0','确认收货',NULL,NULL,32768),(295696,'2016-05-12 18:00:01','\0','确认收货',NULL,NULL,65536),(295697,'2016-05-12 18:00:01','\0','确认收货',NULL,NULL,98304),(295698,'2016-05-12 18:00:01','\0','确认收货',NULL,NULL,229377),(295699,'2016-05-12 18:00:01','\0','确认收货',NULL,NULL,229378),(295700,'2016-05-12 18:00:01','\0','确认收货',NULL,NULL,229390),(295701,'2016-05-12 18:00:01','\0','确认收货',NULL,NULL,229391),(295702,'2016-05-12 18:00:01','\0','确认收货',NULL,NULL,229409),(295703,'2016-05-12 18:00:01','\0','确认收货',NULL,NULL,229425),(295704,'2016-05-13 11:30:01','\0','确认收货',NULL,NULL,1),(295705,'2016-05-13 11:30:01','\0','确认收货',NULL,NULL,32768),(295706,'2016-05-13 11:30:01','\0','确认收货',NULL,NULL,65536),(295707,'2016-05-13 11:30:01','\0','确认收货',NULL,NULL,98304),(295708,'2016-05-13 11:30:01','\0','确认收货',NULL,NULL,229377),(295709,'2016-05-13 11:30:01','\0','确认收货',NULL,NULL,229378),(295710,'2016-05-13 11:30:01','\0','确认收货',NULL,NULL,229390),(295711,'2016-05-13 11:30:01','\0','确认收货',NULL,NULL,229391),(295712,'2016-05-13 11:30:01','\0','确认收货',NULL,NULL,229409),(295713,'2016-05-13 11:30:01','\0','确认收货',NULL,NULL,229425),(295714,'2016-05-15 23:00:00','\0','确认收货',NULL,NULL,1),(295715,'2016-05-15 23:00:00','\0','确认收货',NULL,NULL,32768),(295716,'2016-05-15 23:00:00','\0','确认收货',NULL,NULL,65536),(295717,'2016-05-15 23:00:00','\0','确认收货',NULL,NULL,98304),(295718,'2016-05-15 23:00:00','\0','确认收货',NULL,NULL,229377),(295719,'2016-05-15 23:00:01','\0','确认收货',NULL,NULL,229378),(295720,'2016-05-15 23:00:01','\0','确认收货',NULL,NULL,229390),(295721,'2016-05-15 23:00:01','\0','确认收货',NULL,NULL,229391),(295722,'2016-05-15 23:00:01','\0','确认收货',NULL,NULL,229409),(295723,'2016-05-15 23:00:01','\0','确认收货',NULL,NULL,229425),(295724,'2016-05-15 23:30:00','\0','确认收货',NULL,NULL,1),(295725,'2016-05-15 23:30:00','\0','确认收货',NULL,NULL,32768),(295726,'2016-05-15 23:30:00','\0','确认收货',NULL,NULL,65536),(295727,'2016-05-15 23:30:00','\0','确认收货',NULL,NULL,98304),(295728,'2016-05-15 23:30:00','\0','确认收货',NULL,NULL,229377),(295729,'2016-05-15 23:30:00','\0','确认收货',NULL,NULL,229378),(295730,'2016-05-15 23:30:00','\0','确认收货',NULL,NULL,229390),(295731,'2016-05-15 23:30:00','\0','确认收货',NULL,NULL,229391),(295732,'2016-05-15 23:30:00','\0','确认收货',NULL,NULL,229409),(295733,'2016-05-15 23:30:00','\0','确认收货',NULL,NULL,229425),(295734,'2016-05-16 00:00:00','\0','确认收货',NULL,NULL,1),(295735,'2016-05-16 00:00:00','\0','确认收货',NULL,NULL,32768),(295736,'2016-05-16 00:00:00','\0','确认收货',NULL,NULL,65536),(295737,'2016-05-16 00:00:00','\0','确认收货',NULL,NULL,98304),(295738,'2016-05-16 00:00:00','\0','确认收货',NULL,NULL,229377),(295739,'2016-05-16 00:00:00','\0','确认收货',NULL,NULL,229378),(295740,'2016-05-16 00:00:00','\0','确认收货',NULL,NULL,229390),(295741,'2016-05-16 00:00:00','\0','确认收货',NULL,NULL,229391),(295742,'2016-05-16 00:00:00','\0','确认收货',NULL,NULL,229409),(295743,'2016-05-16 00:00:00','\0','确认收货',NULL,NULL,229425),(295744,'2016-05-16 09:30:01','\0','确认收货',NULL,NULL,1),(295745,'2016-05-16 09:30:01','\0','确认收货',NULL,NULL,32768),(295746,'2016-05-16 09:30:01','\0','确认收货',NULL,NULL,65536),(295747,'2016-05-16 09:30:01','\0','确认收货',NULL,NULL,98304),(295748,'2016-05-16 09:30:01','\0','确认收货',NULL,NULL,229377),(295749,'2016-05-16 09:30:01','\0','确认收货',NULL,NULL,229378),(295750,'2016-05-16 09:30:01','\0','确认收货',NULL,NULL,229390),(295751,'2016-05-16 09:30:01','\0','确认收货',NULL,NULL,229391),(295752,'2016-05-16 09:30:01','\0','确认收货',NULL,NULL,229409),(295753,'2016-05-16 09:30:01','\0','确认收货',NULL,NULL,229425),(295754,'2016-05-16 10:00:00','\0','确认收货',NULL,NULL,1),(295755,'2016-05-16 10:00:00','\0','确认收货',NULL,NULL,32768),(295756,'2016-05-16 10:00:00','\0','确认收货',NULL,NULL,65536),(295757,'2016-05-16 10:00:00','\0','确认收货',NULL,NULL,98304),(295758,'2016-05-16 10:00:00','\0','确认收货',NULL,NULL,229377),(295759,'2016-05-16 10:00:00','\0','确认收货',NULL,NULL,229378),(295760,'2016-05-16 10:00:00','\0','确认收货',NULL,NULL,229390),(295761,'2016-05-16 10:00:00','\0','确认收货',NULL,NULL,229391),(295762,'2016-05-16 10:00:00','\0','确认收货',NULL,NULL,229409),(295763,'2016-05-16 10:00:00','\0','确认收货',NULL,NULL,229425),(295764,'2016-05-16 10:30:00','\0','确认收货',NULL,NULL,1),(295765,'2016-05-16 10:30:00','\0','确认收货',NULL,NULL,32768),(295766,'2016-05-16 10:30:00','\0','确认收货',NULL,NULL,65536),(295767,'2016-05-16 10:30:00','\0','确认收货',NULL,NULL,98304),(295768,'2016-05-16 10:30:00','\0','确认收货',NULL,NULL,229377),(295769,'2016-05-16 10:30:00','\0','确认收货',NULL,NULL,229378),(295770,'2016-05-16 10:30:00','\0','确认收货',NULL,NULL,229390),(295771,'2016-05-16 10:30:00','\0','确认收货',NULL,NULL,229391),(295772,'2016-05-16 10:30:00','\0','确认收货',NULL,NULL,229409),(295773,'2016-05-16 10:30:00','\0','确认收货',NULL,NULL,229425),(295774,'2016-05-16 11:00:00','\0','确认收货',NULL,NULL,1),(295775,'2016-05-16 11:00:00','\0','确认收货',NULL,NULL,32768),(295776,'2016-05-16 11:00:00','\0','确认收货',NULL,NULL,65536),(295777,'2016-05-16 11:00:00','\0','确认收货',NULL,NULL,98304),(295778,'2016-05-16 11:00:00','\0','确认收货',NULL,NULL,229377),(295779,'2016-05-16 11:00:00','\0','确认收货',NULL,NULL,229378),(295780,'2016-05-16 11:00:00','\0','确认收货',NULL,NULL,229390),(295781,'2016-05-16 11:00:00','\0','确认收货',NULL,NULL,229391),(295782,'2016-05-16 11:00:00','\0','确认收货',NULL,NULL,229409),(295783,'2016-05-16 11:00:00','\0','确认收货',NULL,NULL,229425),(295784,'2016-05-16 11:30:00','\0','确认收货',NULL,NULL,1),(295785,'2016-05-16 11:30:00','\0','确认收货',NULL,NULL,32768),(295786,'2016-05-16 11:30:00','\0','确认收货',NULL,NULL,65536),(295787,'2016-05-16 11:30:00','\0','确认收货',NULL,NULL,98304),(295788,'2016-05-16 11:30:00','\0','确认收货',NULL,NULL,229377),(295789,'2016-05-16 11:30:00','\0','确认收货',NULL,NULL,229378),(295790,'2016-05-16 11:30:00','\0','确认收货',NULL,NULL,229390),(295791,'2016-05-16 11:30:00','\0','确认收货',NULL,NULL,229391),(295792,'2016-05-16 11:30:00','\0','确认收货',NULL,NULL,229409),(295793,'2016-05-16 11:30:00','\0','确认收货',NULL,NULL,229425),(295794,'2016-05-16 12:00:00','\0','确认收货',NULL,NULL,1),(295795,'2016-05-16 12:00:00','\0','确认收货',NULL,NULL,32768),(295796,'2016-05-16 12:00:00','\0','确认收货',NULL,NULL,65536),(295797,'2016-05-16 12:00:00','\0','确认收货',NULL,NULL,98304),(295798,'2016-05-16 12:00:00','\0','确认收货',NULL,NULL,229377),(295799,'2016-05-16 12:00:00','\0','确认收货',NULL,NULL,229378),(295800,'2016-05-16 12:00:00','\0','确认收货',NULL,NULL,229390),(295801,'2016-05-16 12:00:00','\0','确认收货',NULL,NULL,229391),(295802,'2016-05-16 12:00:00','\0','确认收货',NULL,NULL,229409),(295803,'2016-05-16 12:00:00','\0','确认收货',NULL,NULL,229425),(295804,'2016-05-16 15:00:00','\0','确认收货',NULL,NULL,1),(295805,'2016-05-16 15:00:00','\0','确认收货',NULL,NULL,32768),(295806,'2016-05-16 15:00:00','\0','确认收货',NULL,NULL,65536),(295807,'2016-05-16 15:00:00','\0','确认收货',NULL,NULL,98304),(295808,'2016-05-16 15:00:00','\0','确认收货',NULL,NULL,229377),(295809,'2016-05-16 15:00:00','\0','确认收货',NULL,NULL,229378),(295810,'2016-05-16 15:00:00','\0','确认收货',NULL,NULL,229390),(295811,'2016-05-16 15:00:00','\0','确认收货',NULL,NULL,229391),(295812,'2016-05-16 15:00:00','\0','确认收货',NULL,NULL,229409),(295813,'2016-05-16 15:00:00','\0','确认收货',NULL,NULL,229425),(295814,'2016-05-16 15:30:00','\0','确认收货',NULL,NULL,1),(295815,'2016-05-16 15:30:00','\0','确认收货',NULL,NULL,32768),(295816,'2016-05-16 15:30:00','\0','确认收货',NULL,NULL,65536),(295817,'2016-05-16 15:30:00','\0','确认收货',NULL,NULL,98304),(295818,'2016-05-16 15:30:00','\0','确认收货',NULL,NULL,229377),(295819,'2016-05-16 15:30:00','\0','确认收货',NULL,NULL,229378),(295820,'2016-05-16 15:30:00','\0','确认收货',NULL,NULL,229390),(295821,'2016-05-16 15:30:00','\0','确认收货',NULL,NULL,229391),(295822,'2016-05-16 15:30:00','\0','确认收货',NULL,NULL,229409),(295823,'2016-05-16 15:30:00','\0','确认收货',NULL,NULL,229425),(295824,'2016-05-16 16:00:00','\0','确认收货',NULL,NULL,1),(295825,'2016-05-16 16:00:00','\0','确认收货',NULL,NULL,32768),(295826,'2016-05-16 16:00:00','\0','确认收货',NULL,NULL,65536),(295827,'2016-05-16 16:00:00','\0','确认收货',NULL,NULL,98304),(295828,'2016-05-16 16:00:00','\0','确认收货',NULL,NULL,229377),(295829,'2016-05-16 16:00:00','\0','确认收货',NULL,NULL,229378),(295830,'2016-05-16 16:00:00','\0','确认收货',NULL,NULL,229390),(295831,'2016-05-16 16:00:00','\0','确认收货',NULL,NULL,229391),(295832,'2016-05-16 16:00:00','\0','确认收货',NULL,NULL,229409),(295833,'2016-05-16 16:00:00','\0','确认收货',NULL,NULL,229425),(295834,'2016-05-16 16:30:00','\0','确认收货',NULL,NULL,1),(295835,'2016-05-16 16:30:00','\0','确认收货',NULL,NULL,32768),(295836,'2016-05-16 16:30:00','\0','确认收货',NULL,NULL,65536),(295837,'2016-05-16 16:30:00','\0','确认收货',NULL,NULL,98304),(295838,'2016-05-16 16:30:00','\0','确认收货',NULL,NULL,229377),(295839,'2016-05-16 16:30:00','\0','确认收货',NULL,NULL,229378),(295840,'2016-05-16 16:30:00','\0','确认收货',NULL,NULL,229390),(295841,'2016-05-16 16:30:00','\0','确认收货',NULL,NULL,229391),(295842,'2016-05-16 16:30:00','\0','确认收货',NULL,NULL,229409),(295843,'2016-05-16 16:30:00','\0','确认收货',NULL,NULL,229425),(295844,'2016-05-17 14:30:00','\0','确认收货',NULL,NULL,1),(295845,'2016-05-17 14:30:00','\0','确认收货',NULL,NULL,32768),(295846,'2016-05-17 14:30:00','\0','确认收货',NULL,NULL,65536),(295847,'2016-05-17 14:30:00','\0','确认收货',NULL,NULL,98304),(295848,'2016-05-17 14:30:00','\0','确认收货',NULL,NULL,229377),(295849,'2016-05-17 14:30:01','\0','确认收货',NULL,NULL,229378),(295850,'2016-05-17 14:30:01','\0','确认收货',NULL,NULL,229390),(295851,'2016-05-17 14:30:01','\0','确认收货',NULL,NULL,229391),(295852,'2016-05-17 14:30:01','\0','确认收货',NULL,NULL,229409),(295853,'2016-05-17 14:30:01','\0','确认收货',NULL,NULL,229425),(295854,'2016-05-17 15:00:00','\0','确认收货',NULL,NULL,1),(295855,'2016-05-17 15:00:00','\0','确认收货',NULL,NULL,32768),(295856,'2016-05-17 15:00:00','\0','确认收货',NULL,NULL,65536),(295857,'2016-05-17 15:00:00','\0','确认收货',NULL,NULL,98304),(295858,'2016-05-17 15:00:00','\0','确认收货',NULL,NULL,229377),(295859,'2016-05-17 15:00:00','\0','确认收货',NULL,NULL,229378),(295860,'2016-05-17 15:00:00','\0','确认收货',NULL,NULL,229390),(295861,'2016-05-17 15:00:00','\0','确认收货',NULL,NULL,229391),(295862,'2016-05-17 15:00:00','\0','确认收货',NULL,NULL,229409),(295863,'2016-05-17 15:00:00','\0','确认收货',NULL,NULL,229425),(295864,'2016-06-02 15:59:46','\0','提交订单',NULL,32769,229452),(295865,'2016-06-02 16:00:01','\0','确认收货',NULL,NULL,1),(295866,'2016-06-02 16:00:01','\0','确认收货',NULL,NULL,32768),(295867,'2016-06-02 16:00:01','\0','确认收货',NULL,NULL,65536),(295868,'2016-06-02 16:00:01','\0','确认收货',NULL,NULL,98304),(295869,'2016-06-02 16:00:01','\0','确认收货',NULL,NULL,229377),(295870,'2016-06-02 16:00:01','\0','确认收货',NULL,NULL,229378),(295871,'2016-06-02 16:00:01','\0','确认收货',NULL,NULL,229390),(295872,'2016-06-02 16:00:01','\0','确认收货',NULL,NULL,229391),(295873,'2016-06-02 16:00:01','\0','确认收货',NULL,NULL,229409),(295874,'2016-06-02 16:00:01','\0','确认收货',NULL,NULL,229425),(295875,'2019-11-18 00:30:01','\0','????',NULL,NULL,1),(295876,'2019-11-18 00:30:02','\0','????',NULL,NULL,32768),(295877,'2019-11-18 00:30:02','\0','????',NULL,NULL,65536),(295878,'2019-11-18 00:30:02','\0','????',NULL,NULL,98304),(295879,'2019-11-18 00:30:02','\0','????',NULL,NULL,229377),(295880,'2019-11-18 00:30:02','\0','????',NULL,NULL,229378),(295881,'2019-11-18 00:30:02','\0','????',NULL,NULL,229390),(295882,'2019-11-18 00:30:02','\0','????',NULL,NULL,229391),(295883,'2019-11-18 00:30:02','\0','????',NULL,NULL,229409),(295884,'2019-11-18 00:30:02','\0','????',NULL,NULL,229425);

UNLOCK TABLES;

/*Table structure for table `shopping_orderform` */

DROP TABLE IF EXISTS `shopping_orderform`;

CREATE TABLE `shopping_orderform` (
  `id` bigint(20) NOT NULL AUTO_INCREMENT,
  `addTime` datetime DEFAULT NULL,
  `deleteStatus` bit(1) NOT NULL,
  `finishTime` datetime DEFAULT NULL,
  `goods_amount` decimal(12,2) DEFAULT NULL,
  `invoice` varchar(255) DEFAULT NULL,
  `invoiceType` int(11) NOT NULL,
  `msg` longtext,
  `order_id` varchar(255) DEFAULT NULL,
  `order_status` int(11) NOT NULL,
  `payTime` datetime DEFAULT NULL,
  `pay_msg` longtext,
  `refund` decimal(12,2) DEFAULT NULL,
  `refund_type` varchar(255) DEFAULT NULL,
  `shipCode` varchar(255) DEFAULT NULL,
  `shipTime` datetime DEFAULT NULL,
  `ship_price` decimal(12,2) DEFAULT NULL,
  `totalPrice` decimal(12,2) DEFAULT NULL,
  `addr_id` bigint(20) DEFAULT NULL,
  `payment_id` bigint(20) DEFAULT NULL,
  `store_id` bigint(20) DEFAULT NULL,
  `user_id` bigint(20) DEFAULT NULL,
  `auto_confirm_email` bit(1) DEFAULT b'0',
  `auto_confirm_sms` bit(1) DEFAULT b'0',
  `transport` varchar(255) DEFAULT NULL,
  `out_order_id` varchar(255) DEFAULT NULL,
  `ec_id` bigint(20) DEFAULT NULL,
  `ci_id` bigint(20) DEFAULT NULL,
  `order_seller_intro` longtext,
  `return_shipCode` varchar(255) DEFAULT NULL,
  `return_ec_id` bigint(20) DEFAULT NULL,
  `return_content` longtext,
  `return_shipTime` datetime DEFAULT NULL,
  `order_type` varchar(255) DEFAULT NULL,
  PRIMARY KEY (`id`),
  KEY `FK9BD986FBB62A45D2` (`payment_id`),
  KEY `FK9BD986FB2201A8B0` (`ci_id`),
  KEY `FK9BD986FBF8442271` (`ec_id`),
  KEY `FK9BD986FB1E208F02` (`user_id`),
  KEY `FK9BD986FB37781EA2` (`return_ec_id`),
  KEY `FK9BD986FBFC1A79F5` (`addr_id`),
  KEY `FK9BD986FB1C0CA9F2` (`store_id`),
  CONSTRAINT `FK9BD986FB1C0CA9F2` FOREIGN KEY (`store_id`) REFERENCES `shopping_store` (`id`),
  CONSTRAINT `FK9BD986FB1E208F02` FOREIGN KEY (`user_id`) REFERENCES `shopping_user` (`id`),
  CONSTRAINT `FK9BD986FB2201A8B0` FOREIGN KEY (`ci_id`) REFERENCES `shopping_coupon_info` (`id`),
  CONSTRAINT `FK9BD986FB37781EA2` FOREIGN KEY (`return_ec_id`) REFERENCES `shopping_express_company` (`id`),
  CONSTRAINT `FK9BD986FBB62A45D2` FOREIGN KEY (`payment_id`) REFERENCES `shopping_payment` (`id`),
  CONSTRAINT `FK9BD986FBF8442271` FOREIGN KEY (`ec_id`) REFERENCES `shopping_express_company` (`id`),
  CONSTRAINT `FK9BD986FBFC1A79F5` FOREIGN KEY (`addr_id`) REFERENCES `shopping_address` (`id`)
) ENGINE=InnoDB AUTO_INCREMENT=229453 DEFAULT CHARSET=utf8;

/*Data for the table `shopping_orderform` */

LOCK TABLES `shopping_orderform` WRITE;

insert  into `shopping_orderform`(`id`,`addTime`,`deleteStatus`,`finishTime`,`goods_amount`,`invoice`,`invoiceType`,`msg`,`order_id`,`order_status`,`payTime`,`pay_msg`,`refund`,`refund_type`,`shipCode`,`shipTime`,`ship_price`,`totalPrice`,`addr_id`,`payment_id`,`store_id`,`user_id`,`auto_confirm_email`,`auto_confirm_sms`,`transport`,`out_order_id`,`ec_id`,`ci_id`,`order_seller_intro`,`return_shipCode`,`return_ec_id`,`return_content`,`return_shipTime`,`order_type`) values (1,'2014-01-02 12:47:13','\0',NULL,'890.00','',0,'','120140102124713',40,'2014-01-02 14:32:47','付款信息！！！',NULL,NULL,'024410226400','2014-01-02 14:36:41','12.00','902.00',1,2,1,1,'\0','\0',NULL,NULL,1,NULL,NULL,NULL,NULL,NULL,NULL,NULL),(32768,'2014-01-02 19:08:36','\0',NULL,'986.00','',0,'','120140102190836',40,'2014-01-02 19:08:46','您也可以稍后在用户中心',NULL,NULL,'024410226400','2014-01-02 19:09:47','12.00','998.00',1,2,1,1,'\0','\0',NULL,NULL,1,NULL,NULL,NULL,NULL,NULL,NULL,NULL),(65536,'2014-01-02 19:21:39','\0',NULL,'1200.00','',0,'','120140102192139',40,'2014-01-02 19:21:47','sdfs',NULL,NULL,'024410226400','2014-01-02 19:23:49','12.00','1212.00',1,2,1,1,'\0','\0',NULL,NULL,1,NULL,NULL,NULL,NULL,NULL,NULL,NULL),(98304,'2014-01-03 11:20:29','\0',NULL,'600.00','',0,'','120140103112029',40,'2014-01-03 11:20:41','请输入汇款信息 ',NULL,NULL,'024410226400','2014-01-02 19:23:49','12.00','612.00',1,2,1,1,'\0','\0',NULL,NULL,1,NULL,NULL,NULL,NULL,NULL,NULL,NULL),(229377,'2014-03-15 17:09:30','\0',NULL,'178.00','',0,'','120140315170930',40,'2014-03-15 17:14:36','admin付款',NULL,NULL,'024410226400','2014-01-02 19:23:49','12.00','190.00',1,3,1,1,'\0','\0',NULL,NULL,1,NULL,NULL,NULL,NULL,NULL,NULL,NULL),(229378,'2014-03-15 17:17:23','\0',NULL,'178.00','',0,'','120140315171723',40,'2014-03-15 17:17:46','test',NULL,NULL,'024410226400','2014-01-02 19:23:49','12.00','190.00',1,3,1,1,'\0','\0',NULL,NULL,1,NULL,NULL,NULL,NULL,NULL,NULL,NULL),(229386,'2014-09-23 17:55:55','\0',NULL,'1780.00','',0,'','120140923175555',10,NULL,NULL,NULL,NULL,NULL,NULL,'0.00','1780.00',32770,1,1,1,'\0','\0',NULL,NULL,NULL,NULL,NULL,NULL,NULL,NULL,NULL,NULL),(229387,'2014-09-24 18:47:18','\0',NULL,'1780.00','',0,'尽快发货，谢谢！','120140924184718',10,NULL,NULL,NULL,NULL,NULL,NULL,'0.00','1780.00',32770,NULL,1,1,'\0','\0',NULL,NULL,NULL,NULL,NULL,NULL,NULL,NULL,NULL,NULL),(229388,'2014-09-24 18:54:56','\0',NULL,'1754.00','',0,'','120140924185456',10,NULL,NULL,NULL,NULL,NULL,NULL,'26.00','1780.00',32769,NULL,1,1,'\0','\0','快递',NULL,NULL,NULL,NULL,NULL,NULL,NULL,NULL,NULL),(229389,'2014-09-24 19:08:04','\0',NULL,'1780.00','',0,'','120140924190804',10,NULL,NULL,NULL,NULL,NULL,NULL,'28.00','1803.00',32770,NULL,1,1,'\0','\0','快递',NULL,NULL,1,NULL,NULL,NULL,NULL,NULL,NULL),(229390,'2014-09-25 13:25:21','\0',NULL,'98.50','',0,'','120140925132521',40,'2014-09-25 15:14:25','汇款信息',NULL,NULL,NULL,'2014-09-25 15:15:53',NULL,'98.50',32769,5,32769,1,'\0','\0',NULL,NULL,NULL,NULL,'卡号：7757686186836217333\r\n密码：878653879343',NULL,NULL,NULL,NULL,NULL),(229391,'2014-09-25 14:20:44','\0',NULL,'256.50','',0,'','120140925142044',40,'2014-09-25 14:34:49','已经汇款',NULL,NULL,'302505439247','2014-09-25 14:42:44','31.00','287.50',32770,5,32769,1,'\0','\0','快递',NULL,1,NULL,NULL,NULL,NULL,NULL,NULL,NULL),(229392,'2014-10-12 18:48:09','\0',NULL,'2200.00','',0,'','120141012184809',10,NULL,NULL,NULL,NULL,NULL,NULL,'0.00','2200.00',32770,NULL,1,1,'\0','\0','平邮',NULL,NULL,NULL,NULL,NULL,NULL,NULL,NULL,NULL),(229393,'2014-10-29 13:31:59','\0',NULL,'4000.00','',0,'','120141029133159',15,'2014-10-29 13:32:10','已经付款4000',NULL,NULL,NULL,NULL,'0.00','4000.00',32770,2,1,1,'\0','\0','平邮',NULL,NULL,NULL,NULL,NULL,NULL,NULL,NULL,NULL),(229394,'2014-10-31 12:33:57','\0',NULL,'890.00','',0,'','120141031123357',10,NULL,NULL,NULL,NULL,NULL,NULL,'10.00','900.00',32770,9,1,1,'\0','\0','平邮',NULL,NULL,NULL,NULL,NULL,NULL,NULL,NULL,NULL),(229397,'2014-11-28 10:03:16','\0',NULL,'5340.00','',0,'','120141128100317',10,NULL,NULL,NULL,NULL,NULL,NULL,'28.00','5368.00',32770,1,1,1,'\0','\0','快递',NULL,NULL,NULL,NULL,NULL,NULL,NULL,NULL,NULL),(229398,'2014-11-28 15:15:13','\0',NULL,'789.00','',0,'','120141128151513',10,NULL,NULL,NULL,NULL,NULL,NULL,'10.00','799.00',32770,NULL,1,1,'\0','\0','平邮',NULL,NULL,NULL,NULL,NULL,NULL,NULL,NULL,NULL),(229399,'2014-11-30 16:44:08','\0',NULL,'386.00','        ',0,'','120141130164408',10,NULL,NULL,NULL,NULL,NULL,NULL,'0.00','386.00',32770,1,1,1,'\0','\0','平邮',NULL,NULL,NULL,NULL,NULL,NULL,NULL,NULL,NULL),(229400,'2014-11-30 18:29:24','\0',NULL,'1160.00','',0,'','120141130182924',10,NULL,NULL,NULL,NULL,NULL,NULL,'0.00','1160.00',32770,12,1,1,'\0','\0','平邮',NULL,NULL,NULL,NULL,NULL,NULL,NULL,NULL,NULL),(229401,'2014-12-02 12:27:24','\0',NULL,'178.00','        ',0,'','120141202122724',10,NULL,NULL,NULL,NULL,NULL,NULL,'0.00','178.00',32770,1,1,1,'\0','\0','平邮',NULL,NULL,NULL,NULL,NULL,NULL,NULL,NULL,NULL),(229402,'2014-12-02 12:28:49','\0',NULL,'178.00','        ',0,'','120141202122849',10,NULL,NULL,NULL,NULL,NULL,NULL,'0.00','178.00',32770,12,1,1,'\0','\0','平邮',NULL,NULL,NULL,NULL,NULL,NULL,NULL,NULL,NULL),(229403,'2014-12-02 12:29:42','\0',NULL,'178.00','        ',0,'','120141202122942',10,NULL,NULL,NULL,NULL,NULL,NULL,'0.00','178.00',32770,12,1,1,'\0','\0','平邮',NULL,NULL,NULL,NULL,NULL,NULL,NULL,NULL,NULL),(229404,'2014-12-02 16:22:04','\0',NULL,'300.00','',0,'','120141202162204',10,NULL,NULL,NULL,NULL,NULL,NULL,'0.00','300.00',32770,1,1,1,'\0','\0','平邮',NULL,NULL,NULL,NULL,NULL,NULL,NULL,NULL,NULL),(229405,'2014-12-02 16:35:38','\0',NULL,'0.01','',0,'','120141202163538',10,NULL,NULL,NULL,NULL,NULL,NULL,'0.00','0.01',32770,1,1,1,'\0','\0','平邮',NULL,NULL,NULL,NULL,NULL,NULL,NULL,NULL,NULL),(229406,'2014-12-02 16:50:07','\0',NULL,'0.01','        ',0,'','120141202165007',10,NULL,NULL,NULL,NULL,NULL,NULL,'0.00','0.01',32770,12,1,1,'\0','\0','平邮',NULL,NULL,NULL,NULL,NULL,NULL,NULL,NULL,'weixin'),(229407,'2014-12-02 17:02:02','\0',NULL,'0.01','        ',0,'','120141202170202',10,NULL,NULL,NULL,NULL,NULL,NULL,'0.00','0.01',32770,12,1,1,'\0','\0','平邮',NULL,NULL,NULL,NULL,NULL,NULL,NULL,NULL,'weixin'),(229408,'2014-12-02 17:14:13','\0',NULL,'0.01','',0,'','120141202171413',10,NULL,NULL,NULL,NULL,NULL,NULL,'0.00','0.01',32770,12,1,1,'\0','\0','平邮',NULL,NULL,NULL,NULL,NULL,NULL,NULL,NULL,'web'),(229409,'2014-12-02 17:21:49','\0',NULL,'0.01','',0,'','120141202172149',40,'2014-12-02 17:27:37',NULL,NULL,NULL,'0241256328','2014-12-02 17:31:49','0.00','0.01',32770,1,1,1,'\0','\0','平邮','2014120234905358',1,NULL,NULL,NULL,NULL,NULL,NULL,'web'),(229410,'2014-12-03 09:47:59','\0',NULL,'0.01','        ',0,'','120141203094759',10,NULL,NULL,NULL,NULL,NULL,NULL,'0.00','0.01',1,12,1,1,'\0','\0','平邮',NULL,NULL,NULL,NULL,NULL,NULL,NULL,NULL,'weixin'),(229411,'2014-12-03 10:10:26','\0',NULL,'0.01','        ',0,'','120141203101026',10,NULL,NULL,NULL,NULL,NULL,NULL,'0.00','0.01',32770,12,1,1,'\0','\0','平邮',NULL,NULL,NULL,NULL,NULL,NULL,NULL,NULL,'weixin'),(229412,'2014-12-03 10:17:44','\0',NULL,'0.01','        ',0,'','120141203101744',10,NULL,NULL,NULL,NULL,NULL,NULL,'0.00','0.01',32770,12,1,1,'\0','\0','平邮',NULL,NULL,NULL,NULL,NULL,NULL,NULL,NULL,'weixin'),(229413,'2014-12-03 10:28:22','\0',NULL,'0.01','        ',0,'','120141203102822',10,NULL,NULL,NULL,NULL,NULL,NULL,'0.00','0.01',32770,12,1,1,'\0','\0','平邮',NULL,NULL,NULL,NULL,NULL,NULL,NULL,NULL,'weixin'),(229414,'2014-12-03 10:30:38','\0',NULL,'0.01','        ',0,'','120141203103038',10,NULL,NULL,NULL,NULL,NULL,NULL,'0.00','0.01',32770,12,1,1,'\0','\0','平邮',NULL,NULL,NULL,NULL,NULL,NULL,NULL,NULL,'weixin'),(229415,'2014-12-03 10:42:24','\0',NULL,'0.01','        ',0,'','120141203104224',10,NULL,NULL,NULL,NULL,NULL,NULL,'0.00','0.01',32770,12,1,1,'\0','\0','平邮',NULL,NULL,NULL,NULL,NULL,NULL,NULL,NULL,'weixin'),(229416,'2014-12-03 11:18:45','\0',NULL,'0.01','        ',0,'','120141203111845',10,NULL,NULL,NULL,NULL,NULL,NULL,'0.00','0.01',32770,12,1,1,'\0','\0','平邮',NULL,NULL,NULL,NULL,NULL,NULL,NULL,NULL,'weixin'),(229417,'2014-12-03 11:40:28','\0',NULL,'0.01','        ',0,'','120141203114028',10,NULL,NULL,NULL,NULL,NULL,NULL,'0.00','0.01',32770,12,1,1,'\0','\0','平邮',NULL,NULL,NULL,NULL,NULL,NULL,NULL,NULL,'weixin'),(229418,'2014-12-03 12:19:42','\0',NULL,'0.01','',0,'','120141203121942',20,'2014-12-03 12:23:25',NULL,NULL,NULL,NULL,NULL,'0.00','0.01',32770,1,1,1,'\0','\0','平邮','2014120337276758',NULL,NULL,NULL,NULL,NULL,NULL,NULL,'web'),(229419,'2014-12-03 12:41:35','\0',NULL,'0.01','        ',0,'','120141203124135',20,'2014-12-03 12:43:54',NULL,NULL,NULL,NULL,NULL,'0.00','0.01',32770,12,1,1,'\0','\0','平邮','2014120350221497',NULL,NULL,NULL,NULL,NULL,NULL,NULL,'weixin'),(229420,'2014-12-03 13:29:42','\0',NULL,'0.01','        ',0,'','120141203132942',20,'2014-12-03 16:54:50',NULL,NULL,NULL,NULL,NULL,'0.00','0.01',32770,12,1,1,'\0','\0','平邮','2014120350506997',NULL,NULL,NULL,NULL,NULL,NULL,NULL,'weixin'),(229421,'2014-12-03 14:12:33','\0',NULL,'0.01','',0,'','120141203141233',20,'2014-12-03 15:39:47',NULL,NULL,NULL,NULL,NULL,'0.00','0.01',32770,1,1,1,'\0','\0','平邮','2014120350718297',NULL,NULL,NULL,NULL,NULL,NULL,NULL,'web'),(229422,'2014-12-03 15:27:09','\0',NULL,'0.01','        ',0,'','120141203152709',20,'2014-12-03 16:53:23',NULL,NULL,NULL,NULL,NULL,'0.00','0.01',32770,12,1,1,'\0','\0','平邮','2014120350988397',NULL,NULL,NULL,NULL,NULL,NULL,NULL,'weixin'),(229423,'2014-12-03 15:43:06','\0',NULL,'0.01','        ',0,'','120141203154306',10,NULL,NULL,NULL,NULL,NULL,NULL,'0.00','0.01',32770,12,1,1,'\0','\0','平邮',NULL,NULL,NULL,NULL,NULL,NULL,NULL,NULL,'weixin'),(229424,'2014-12-14 14:04:52','\0',NULL,'0.01','        ',0,'','120141214140452',20,'2014-12-14 14:06:27',NULL,NULL,NULL,NULL,NULL,'0.00','0.01',32770,12,1,1,'\0','\0','平邮','2014121410753497',NULL,NULL,NULL,NULL,NULL,NULL,NULL,'weixin'),(229425,'2014-12-14 14:20:51','\0',NULL,'0.01','        ',0,'','120141214142051',40,'2014-12-14 14:22:30',NULL,NULL,NULL,'2121','2014-12-14 14:30:44','0.00','0.01',32770,12,1,1,'\0','\0','平邮','2014121410811497',1,NULL,NULL,NULL,NULL,NULL,NULL,'weixin'),(229426,'2014-12-14 14:31:37','\0',NULL,'0.01','        ',0,'','120141214143137',20,'2014-12-14 14:33:22',NULL,NULL,NULL,NULL,NULL,'0.00','0.01',32770,12,1,1,'\0','\0','平邮','2014121410850097',NULL,NULL,NULL,NULL,NULL,NULL,NULL,'weixin'),(229427,'2014-12-14 14:36:06','\0',NULL,'0.01','',0,'','120141214143606',20,'2014-12-14 14:38:35',NULL,NULL,NULL,NULL,NULL,'0.00','0.01',32770,1,1,1,'\0','\0','平邮','2014121410867897',NULL,NULL,NULL,NULL,NULL,NULL,NULL,'web'),(229428,'2014-12-14 15:00:19','\0',NULL,'0.01','',0,'','120141214150019',20,'2014-12-14 15:16:51',NULL,NULL,NULL,NULL,NULL,'0.00','0.01',32770,1,1,1,'\0','\0','平邮','2014121411003397',NULL,NULL,NULL,NULL,NULL,NULL,NULL,'web'),(229429,'2014-12-14 15:23:12','\0',NULL,'0.01','',0,'','120141214152312',20,'2014-12-14 15:25:38',NULL,NULL,NULL,NULL,NULL,'0.00','0.01',32770,1,1,1,'\0','\0','平邮','2014121411034397',NULL,NULL,NULL,NULL,NULL,NULL,NULL,'web'),(229430,'2014-12-14 16:19:19','\0',NULL,'600.00','        ',0,'','120141214161919',10,NULL,NULL,NULL,NULL,NULL,NULL,'0.00','600.00',32770,12,1,1,'\0','\0','平邮',NULL,NULL,NULL,NULL,NULL,NULL,NULL,NULL,'weixin'),(229431,'2014-12-14 16:28:37','\0',NULL,'386.00','        ',0,'','120141214162837',10,NULL,NULL,NULL,NULL,NULL,NULL,'0.00','386.00',32770,12,1,1,'\0','\0','平邮',NULL,NULL,NULL,NULL,NULL,NULL,NULL,NULL,'weixin'),(229432,'2014-12-14 16:29:22','\0',NULL,'600.00','        ',0,'','120141214162922',10,NULL,NULL,NULL,NULL,NULL,NULL,'0.00','600.00',32770,12,1,1,'\0','\0','平邮',NULL,NULL,NULL,NULL,NULL,NULL,NULL,NULL,'weixin'),(229433,'2014-12-14 16:36:03','\0',NULL,'890.00','        ',0,'','120141214163603',10,NULL,NULL,NULL,NULL,NULL,NULL,'0.00','890.00',32770,12,1,1,'\0','\0','平邮',NULL,NULL,NULL,NULL,NULL,NULL,NULL,NULL,'weixin'),(229434,'2014-12-14 16:54:34','\0',NULL,'3600.00','        ',0,'','120141214165434',10,NULL,NULL,NULL,NULL,NULL,NULL,'0.00','3600.00',32770,12,1,1,'\0','\0','平邮',NULL,NULL,NULL,NULL,NULL,NULL,NULL,NULL,'weixin'),(229435,'2014-12-14 16:55:03','\0',NULL,'600.00','        ',0,'','120141214165503',10,NULL,NULL,NULL,NULL,NULL,NULL,'10.00','610.00',32770,12,1,1,'\0','\0','平邮',NULL,NULL,NULL,NULL,NULL,NULL,NULL,NULL,'weixin'),(229436,'2014-12-14 16:55:35','\0',NULL,'0.01','        ',0,'','120141214165535',20,'2015-01-16 13:46:50',NULL,NULL,NULL,NULL,NULL,'0.00','0.01',32770,12,1,1,'\0','\0','平邮','2015011657272697',NULL,NULL,NULL,NULL,NULL,NULL,NULL,'weixin'),(229437,'2015-02-28 13:55:34','\0',NULL,'600.00','',0,'sdfsdf','3277720150228135534',10,NULL,NULL,NULL,NULL,NULL,NULL,'10.00','610.00',32772,2,1,32777,'\0','\0','平邮',NULL,NULL,NULL,NULL,NULL,NULL,NULL,NULL,'web'),(229438,'2015-02-28 21:27:07','\0',NULL,'680.00','',0,'','3278020150228212707',15,'2015-02-28 21:27:39','fsdafsdf',NULL,NULL,NULL,NULL,'0.00','680.00',32773,2,1,32780,'\0','\0','平邮',NULL,NULL,NULL,NULL,NULL,NULL,NULL,NULL,'web'),(229439,'2016-03-17 16:55:13','\0',NULL,'5490.00',NULL,0,'请给我发顺丰快递','3277720160317165513',10,NULL,NULL,NULL,NULL,NULL,NULL,'10.00','5500.00',32771,NULL,1,32777,'\0','\0','平邮',NULL,NULL,NULL,NULL,NULL,NULL,NULL,NULL,'web'),(229440,'2016-03-17 16:56:17','\0',NULL,'5490.00','',0,'','3277720160317165617',10,NULL,NULL,NULL,NULL,NULL,NULL,'10.00','5500.00',32772,NULL,1,32777,'\0','\0','平邮',NULL,NULL,NULL,NULL,NULL,NULL,NULL,NULL,'web'),(229441,'2016-03-18 10:44:05','\0',NULL,'890.00',NULL,0,'测试支付','3277720160318104405',10,NULL,NULL,NULL,NULL,NULL,NULL,'10.00','900.00',32772,12,1,32777,'\0','\0','平邮',NULL,NULL,NULL,NULL,NULL,NULL,NULL,NULL,'web'),(229442,'2016-03-18 11:18:49','\0',NULL,'890.00',NULL,0,'','3277720160318111849',10,NULL,NULL,NULL,NULL,NULL,NULL,'10.00','900.00',32772,NULL,1,32777,'\0','\0','平邮',NULL,NULL,NULL,NULL,NULL,NULL,NULL,NULL,'web'),(229443,'2016-03-18 11:21:41','\0',NULL,'59.00',NULL,0,'','3277720160318112141',10,NULL,NULL,NULL,NULL,NULL,NULL,'12.00','71.00',32772,NULL,32769,32777,'\0','\0','平邮',NULL,NULL,NULL,NULL,NULL,NULL,NULL,NULL,'web'),(229444,'2016-03-18 11:24:22','\0',NULL,'4000.00',NULL,0,'','3277720160318112422',10,NULL,NULL,NULL,NULL,NULL,NULL,'0.00','4000.00',32772,NULL,1,32777,'\0','\0','平邮',NULL,NULL,NULL,NULL,NULL,NULL,NULL,NULL,'web'),(229445,'2016-03-18 11:27:10','\0',NULL,'390.00',NULL,0,'','3277720160318112710',10,NULL,NULL,NULL,NULL,NULL,NULL,'0.00','390.00',32772,NULL,1,32777,'\0','\0','平邮',NULL,NULL,NULL,NULL,NULL,NULL,NULL,NULL,'web'),(229446,'2016-03-18 11:32:53','\0',NULL,'580.00',NULL,0,'','3277720160318113253',10,NULL,NULL,NULL,NULL,NULL,NULL,'0.00','580.00',32772,NULL,1,32777,'\0','\0','平邮',NULL,NULL,NULL,NULL,NULL,NULL,NULL,NULL,'web'),(229447,'2016-03-18 11:37:06','\0',NULL,'453.60',NULL,0,'','3277720160318113706',10,NULL,NULL,NULL,NULL,NULL,NULL,'0.00','453.60',32772,NULL,1,32777,'\0','\0','平邮',NULL,NULL,NULL,NULL,NULL,NULL,NULL,NULL,'web'),(229448,'2016-03-18 11:40:26','\0',NULL,'308.80',NULL,0,'','3277720160318114026',10,NULL,NULL,NULL,NULL,NULL,NULL,'0.00','308.80',32772,NULL,1,32777,'\0','\0','平邮',NULL,NULL,NULL,NULL,NULL,NULL,NULL,NULL,'web'),(229449,'2016-03-18 11:41:23','\0',NULL,'100.80',NULL,0,'','3277720160318114123',10,NULL,NULL,NULL,NULL,NULL,NULL,'0.00','100.80',32772,13,1,32777,'\0','\0','平邮',NULL,NULL,NULL,NULL,NULL,NULL,NULL,NULL,'web'),(229450,'2016-04-06 11:15:34','\0',NULL,'1999.00','',0,'','120160406111534',10,NULL,NULL,NULL,NULL,NULL,NULL,'0.00','1999.00',32770,NULL,32769,1,'\0','\0','平邮',NULL,NULL,NULL,NULL,NULL,NULL,NULL,NULL,'web'),(229451,'2016-04-07 11:26:22','\0',NULL,'339.80','',0,'','3276920160407112622',10,NULL,NULL,NULL,NULL,NULL,NULL,'0.00','339.80',32774,16,1,32769,'\0','\0','平邮',NULL,NULL,NULL,NULL,NULL,NULL,NULL,NULL,'web'),(229452,'2016-06-02 15:59:46','\0',NULL,'138.00',NULL,0,'','3276920160602155946',10,NULL,NULL,NULL,NULL,NULL,NULL,'0.00','138.00',32774,NULL,1,32769,'\0','\0','平邮',NULL,NULL,NULL,NULL,NULL,NULL,NULL,NULL,'web');

UNLOCK TABLES;

/*Table structure for table `shopping_partner` */

DROP TABLE IF EXISTS `shopping_partner`;

CREATE TABLE `shopping_partner` (
  `id` bigint(20) NOT NULL AUTO_INCREMENT,
  `addTime` datetime DEFAULT NULL,
  `deleteStatus` bit(1) NOT NULL,
  `sequence` int(11) NOT NULL,
  `title` varchar(255) DEFAULT NULL,
  `url` varchar(255) DEFAULT NULL,
  `image_id` bigint(20) DEFAULT NULL,
  PRIMARY KEY (`id`),
  KEY `FK8A108CF1462F1969` (`image_id`),
  CONSTRAINT `FK8A108CF1462F1969` FOREIGN KEY (`image_id`) REFERENCES `shopping_accessory` (`id`)
) ENGINE=InnoDB DEFAULT CHARSET=utf8;

/*Data for the table `shopping_partner` */

LOCK TABLES `shopping_partner` WRITE;

UNLOCK TABLES;

/*Table structure for table `shopping_payment` */

DROP TABLE IF EXISTS `shopping_payment`;

CREATE TABLE `shopping_payment` (
  `id` bigint(20) NOT NULL AUTO_INCREMENT,
  `addTime` datetime DEFAULT NULL,
  `deleteStatus` bit(1) NOT NULL,
  `chinabank_account` varchar(255) DEFAULT NULL,
  `chinabank_key` varchar(255) DEFAULT NULL,
  `content` longtext,
  `install` bit(1) NOT NULL,
  `interfaceType` int(11) NOT NULL,
  `mark` varchar(255) DEFAULT NULL,
  `merchantAcctId` varchar(255) DEFAULT NULL,
  `name` varchar(255) DEFAULT NULL,
  `partner` varchar(255) DEFAULT NULL,
  `pid` varchar(255) DEFAULT NULL,
  `rmbKey` varchar(255) DEFAULT NULL,
  `safeKey` varchar(255) DEFAULT NULL,
  `seller_email` varchar(255) DEFAULT NULL,
  `spname` varchar(255) DEFAULT NULL,
  `tenpay_key` varchar(255) DEFAULT NULL,
  `tenpay_partner` varchar(255) DEFAULT NULL,
  `trade_mode` int(11) NOT NULL,
  `type` varchar(255) DEFAULT NULL,
  `store_id` bigint(20) DEFAULT NULL,
  `alipay_divide_rate` decimal(12,2) DEFAULT NULL,
  `alipay_rate` decimal(12,2) DEFAULT NULL,
  `balance_divide_rate` decimal(12,2) DEFAULT NULL,
  `currency_code` varchar(255) DEFAULT NULL,
  `paypal_userId` varchar(255) DEFAULT NULL,
  `poundage` decimal(12,2) DEFAULT NULL,
  `lzbank_key` varchar(255) DEFAULT NULL,
  `lzbank_partner` varchar(255) DEFAULT NULL,
  `lzbank_trade_mode` varchar(255) DEFAULT NULL,
  `weixin_appId` longtext,
  `weixin_appSecret` longtext,
  `weixin_partnerId` longtext,
  `weixin_partnerKey` longtext,
  `weixin_paySignKey` longtext,
  PRIMARY KEY (`id`),
  KEY `FK8A6FE22F1C0CA9F2` (`store_id`),
  CONSTRAINT `FK8A6FE22F1C0CA9F2` FOREIGN KEY (`store_id`) REFERENCES `shopping_store` (`id`)
) ENGINE=InnoDB AUTO_INCREMENT=17 DEFAULT CHARSET=utf8;

/*Data for the table `shopping_payment` */

LOCK TABLES `shopping_payment` WRITE;

insert  into `shopping_payment`(`id`,`addTime`,`deleteStatus`,`chinabank_account`,`chinabank_key`,`content`,`install`,`interfaceType`,`mark`,`merchantAcctId`,`name`,`partner`,`pid`,`rmbKey`,`safeKey`,`seller_email`,`spname`,`tenpay_key`,`tenpay_partner`,`trade_mode`,`type`,`store_id`,`alipay_divide_rate`,`alipay_rate`,`balance_divide_rate`,`currency_code`,`paypal_userId`,`poundage`,`lzbank_key`,`lzbank_partner`,`lzbank_trade_mode`,`weixin_appId`,`weixin_appSecret`,`weixin_partnerId`,`weixin_partnerKey`,`weixin_paySignKey`) values (1,'2014-01-02 14:30:41','\0',NULL,NULL,'','',0,'alipay',NULL,NULL,'2088111998914580',NULL,NULL,'1kwnjaqfo9ssv663z4e8rti7w9d4bycr','admin@shopping.com',NULL,NULL,NULL,0,'user',1,NULL,NULL,NULL,NULL,NULL,NULL,NULL,NULL,NULL,NULL,NULL,NULL,NULL,NULL),(2,'2014-01-02 14:30:53','\0',NULL,NULL,'','',0,'outline',NULL,NULL,NULL,NULL,NULL,NULL,NULL,NULL,NULL,NULL,0,'user',1,NULL,NULL,NULL,NULL,NULL,NULL,NULL,NULL,NULL,NULL,NULL,NULL,NULL,NULL),(3,'2014-03-15 17:12:11','\0',NULL,NULL,'','',0,'balance',NULL,NULL,NULL,NULL,NULL,NULL,NULL,NULL,NULL,NULL,0,'user',1,NULL,NULL,NULL,NULL,NULL,NULL,NULL,NULL,NULL,NULL,NULL,NULL,NULL,NULL),(4,'2014-09-25 12:05:41','\0',NULL,NULL,'','',1,'alipay',NULL,NULL,'4sfs3423sdfdsfdsf',NULL,NULL,'sdfsw23sdfs3242sdfsd','erikchang@163.com',NULL,NULL,NULL,0,'user',32769,NULL,NULL,NULL,NULL,NULL,NULL,NULL,NULL,NULL,NULL,NULL,NULL,NULL,NULL),(5,'2014-09-25 14:29:59','\0',NULL,NULL,'','',0,'outline',NULL,NULL,NULL,NULL,NULL,NULL,NULL,NULL,NULL,NULL,0,'user',32769,NULL,NULL,NULL,NULL,NULL,NULL,NULL,NULL,NULL,NULL,NULL,NULL,NULL,NULL),(6,'2014-09-27 17:33:33','\0',NULL,NULL,NULL,'',0,'outline',NULL,'线下支付',NULL,NULL,NULL,NULL,NULL,NULL,NULL,NULL,0,'admin',NULL,NULL,NULL,NULL,NULL,NULL,NULL,NULL,NULL,NULL,NULL,NULL,NULL,NULL,NULL),(7,'2014-10-09 18:03:39','\0',NULL,NULL,'','',0,'payafter',NULL,NULL,NULL,NULL,NULL,NULL,NULL,NULL,NULL,NULL,0,'user',32768,NULL,NULL,NULL,NULL,NULL,NULL,NULL,NULL,NULL,NULL,NULL,NULL,NULL,NULL),(9,'2014-10-31 12:33:04','\0',NULL,NULL,'','',0,'paypal',NULL,NULL,NULL,NULL,NULL,NULL,NULL,NULL,NULL,NULL,0,'user',1,NULL,NULL,NULL,'USD','erikchang@163.com',NULL,NULL,NULL,NULL,NULL,NULL,NULL,NULL,NULL),(10,'2014-11-01 15:11:03','\0',NULL,NULL,'','\0',0,'alipay',NULL,NULL,'',NULL,NULL,'','',NULL,NULL,NULL,0,'user',32768,NULL,NULL,NULL,NULL,NULL,NULL,NULL,NULL,NULL,NULL,NULL,NULL,NULL,NULL),(11,'2014-11-30 18:18:04','\0',NULL,NULL,NULL,'',0,'alipay_wap',NULL,'支付宝手机网页支付','',NULL,NULL,'','',NULL,NULL,NULL,0,'admin',NULL,NULL,NULL,NULL,NULL,NULL,NULL,NULL,NULL,NULL,NULL,NULL,NULL,NULL,NULL),(12,'2014-12-02 12:16:30','\0',NULL,NULL,'','',0,'alipay_wap',NULL,NULL,'2088111998914580',NULL,NULL,'1kwnjaqfo9ssv663z4e8rti7w9d4bycr','admin@shopping.com',NULL,NULL,NULL,0,'user',1,NULL,NULL,NULL,NULL,NULL,NULL,NULL,NULL,NULL,NULL,NULL,NULL,NULL,NULL),(13,'2016-03-17 18:49:10','\0',NULL,NULL,NULL,'',0,'weixin_wap',NULL,'微信公众号支付',NULL,NULL,NULL,NULL,NULL,NULL,NULL,NULL,0,'admin',NULL,NULL,NULL,NULL,NULL,NULL,NULL,NULL,NULL,NULL,'wx54fe06bd789a0cfb','334aeb4ab6ccaff38f21a1a8b92151d2','1294039901','00000000123456781234567800000000','00000000123456781234567800000000'),(14,'2015-03-01 00:06:31','\0',NULL,NULL,'4444','',0,'alipay',NULL,NULL,'44444',NULL,NULL,'4444','455444',NULL,NULL,NULL,0,'user',32772,NULL,NULL,NULL,NULL,NULL,NULL,NULL,NULL,NULL,NULL,NULL,NULL,NULL,NULL),(15,'2016-03-15 17:41:27','\0',NULL,NULL,'123123','',1,'alipay',NULL,NULL,'123123123',NULL,NULL,'123123','123123',NULL,NULL,NULL,0,'user',32774,NULL,NULL,NULL,NULL,NULL,NULL,NULL,NULL,NULL,NULL,NULL,NULL,NULL,NULL),(16,'2016-04-07 11:04:37','\0',NULL,NULL,NULL,'',0,'wxcodepay',NULL,'微信扫码支付',NULL,NULL,NULL,NULL,NULL,NULL,NULL,NULL,0,'admin',NULL,NULL,NULL,NULL,NULL,NULL,NULL,NULL,NULL,NULL,'wx54fe06bd789a0cfb','334aeb4ab6ccaff38f21a1a8b92151d2','1294039901',NULL,'00000000123456781234567800000000');

UNLOCK TABLES;

/*Table structure for table `shopping_predeposit` */

DROP TABLE IF EXISTS `shopping_predeposit`;

CREATE TABLE `shopping_predeposit` (
  `id` bigint(20) NOT NULL AUTO_INCREMENT,
  `addTime` datetime DEFAULT NULL,
  `deleteStatus` bit(1) NOT NULL,
  `pd_admin_info` longtext,
  `pd_amount` decimal(12,2) DEFAULT NULL,
  `pd_pay_status` int(11) NOT NULL,
  `pd_payment` varchar(255) DEFAULT NULL,
  `pd_remittance_bank` varchar(255) DEFAULT NULL,
  `pd_remittance_info` longtext,
  `pd_remittance_time` date DEFAULT NULL,
  `pd_remittance_user` varchar(255) DEFAULT NULL,
  `pd_sn` varchar(255) DEFAULT NULL,
  `pd_status` int(11) NOT NULL,
  `pd_admin_id` bigint(20) DEFAULT NULL,
  `pd_user_id` bigint(20) DEFAULT NULL,
  PRIMARY KEY (`id`),
  KEY `FKF0F9A9D28345AEE9` (`pd_admin_id`),
  KEY `FKF0F9A9D2758D0FB7` (`pd_user_id`),
  CONSTRAINT `FKF0F9A9D2758D0FB7` FOREIGN KEY (`pd_user_id`) REFERENCES `shopping_user` (`id`),
  CONSTRAINT `FKF0F9A9D28345AEE9` FOREIGN KEY (`pd_admin_id`) REFERENCES `shopping_user` (`id`)
) ENGINE=InnoDB DEFAULT CHARSET=utf8;

/*Data for the table `shopping_predeposit` */

LOCK TABLES `shopping_predeposit` WRITE;

UNLOCK TABLES;

/*Table structure for table `shopping_predeposit_cash` */

DROP TABLE IF EXISTS `shopping_predeposit_cash`;

CREATE TABLE `shopping_predeposit_cash` (
  `id` bigint(20) NOT NULL AUTO_INCREMENT,
  `addTime` datetime DEFAULT NULL,
  `deleteStatus` bit(1) NOT NULL,
  `cash_account` varchar(255) DEFAULT NULL,
  `cash_admin_info` longtext,
  `cash_amount` decimal(12,2) DEFAULT NULL,
  `cash_bank` varchar(255) DEFAULT NULL,
  `cash_info` longtext,
  `cash_pay_status` int(11) NOT NULL,
  `cash_payment` varchar(255) DEFAULT NULL,
  `cash_sn` varchar(255) DEFAULT NULL,
  `cash_status` int(11) NOT NULL,
  `cash_userName` varchar(255) DEFAULT NULL,
  `cash_admin_id` bigint(20) DEFAULT NULL,
  `cash_user_id` bigint(20) DEFAULT NULL,
  PRIMARY KEY (`id`),
  KEY `FK916ADD807D5CDF6` (`cash_user_id`),
  KEY `FK916ADD803A14B88A` (`cash_admin_id`),
  CONSTRAINT `FK916ADD803A14B88A` FOREIGN KEY (`cash_admin_id`) REFERENCES `shopping_user` (`id`),
  CONSTRAINT `FK916ADD807D5CDF6` FOREIGN KEY (`cash_user_id`) REFERENCES `shopping_user` (`id`)
) ENGINE=InnoDB DEFAULT CHARSET=utf8;

/*Data for the table `shopping_predeposit_cash` */

LOCK TABLES `shopping_predeposit_cash` WRITE;

UNLOCK TABLES;

/*Table structure for table `shopping_predeposit_log` */

DROP TABLE IF EXISTS `shopping_predeposit_log`;

CREATE TABLE `shopping_predeposit_log` (
  `id` bigint(20) NOT NULL AUTO_INCREMENT,
  `addTime` datetime DEFAULT NULL,
  `deleteStatus` bit(1) NOT NULL,
  `pd_log_amount` decimal(12,2) DEFAULT NULL,
  `pd_log_info` longtext,
  `pd_op_type` varchar(255) DEFAULT NULL,
  `pd_type` varchar(255) DEFAULT NULL,
  `pd_log_admin_id` bigint(20) DEFAULT NULL,
  `pd_log_user_id` bigint(20) DEFAULT NULL,
  `predeposit_id` bigint(20) DEFAULT NULL,
  PRIMARY KEY (`id`),
  KEY `FKDD0C74D11B0A508B` (`pd_log_user_id`),
  KEY `FKDD0C74D1321DC511` (`predeposit_id`),
  KEY `FKDD0C74D14CCA9953` (`pd_log_admin_id`),
  KEY `FK25B8CB37E5AF733C` (`pd_log_user_id`),
  KEY `FK25B8CB37D4105F02` (`predeposit_id`),
  KEY `FK25B8CB37176FBC04` (`pd_log_admin_id`),
  CONSTRAINT `FK25B8CB37176FBC04` FOREIGN KEY (`pd_log_admin_id`) REFERENCES `shopping_user` (`id`),
  CONSTRAINT `FK25B8CB37D4105F02` FOREIGN KEY (`predeposit_id`) REFERENCES `shopping_predeposit` (`id`),
  CONSTRAINT `FK25B8CB37E5AF733C` FOREIGN KEY (`pd_log_user_id`) REFERENCES `shopping_user` (`id`),
  CONSTRAINT `FKDD0C74D11B0A508B` FOREIGN KEY (`pd_log_user_id`) REFERENCES `shopping_user` (`id`),
  CONSTRAINT `FKDD0C74D1321DC511` FOREIGN KEY (`predeposit_id`) REFERENCES `shopping_predeposit` (`id`),
  CONSTRAINT `FKDD0C74D14CCA9953` FOREIGN KEY (`pd_log_admin_id`) REFERENCES `shopping_user` (`id`)
) ENGINE=InnoDB AUTO_INCREMENT=166 DEFAULT CHARSET=utf8;

/*Data for the table `shopping_predeposit_log` */

LOCK TABLES `shopping_predeposit_log` WRITE;

insert  into `shopping_predeposit_log`(`id`,`addTime`,`deleteStatus`,`pd_log_amount`,`pd_log_info`,`pd_op_type`,`pd_type`,`pd_log_admin_id`,`pd_log_user_id`,`predeposit_id`) values (1,'2014-03-15 17:08:11','\0','10000.00','','手动修改','可用预存款',1,1,NULL),(2,'2014-03-15 17:14:36','\0','-190.00','订单120140315170930购物减少可用预存款','消费','可用预存款',NULL,1,NULL),(3,'2014-03-15 17:17:46','\0','-190.00','订单120140315171723购物减少可用预存款','消费','可用预存款',NULL,1,NULL),(4,'2016-04-06 11:30:01','\0','190.00','自动确认收货增加预存款,订单号120140315170930','增加','可用预存款',NULL,32768,NULL),(5,'2016-04-06 11:30:01','\0','190.00','自动确认收货增加预存款,订单号120140315171723','增加','可用预存款',NULL,32768,NULL),(6,'2016-04-06 12:00:00','\0','190.00','自动确认收货增加预存款,订单号120140315170930','增加','可用预存款',NULL,32768,NULL),(7,'2016-04-06 12:00:00','\0','190.00','自动确认收货增加预存款,订单号120140315171723','增加','可用预存款',NULL,32768,NULL),(8,'2016-04-06 12:30:00','\0','190.00','自动确认收货增加预存款,订单号120140315170930','增加','可用预存款',NULL,32768,NULL),(9,'2016-04-06 12:30:00','\0','190.00','自动确认收货增加预存款,订单号120140315171723','增加','可用预存款',NULL,32768,NULL),(10,'2016-04-06 13:00:00','\0','190.00','自动确认收货增加预存款,订单号120140315170930','增加','可用预存款',NULL,32768,NULL),(11,'2016-04-06 13:00:00','\0','190.00','自动确认收货增加预存款,订单号120140315171723','增加','可用预存款',NULL,32768,NULL),(12,'2016-04-06 14:00:00','\0','190.00','自动确认收货增加预存款,订单号120140315170930','增加','可用预存款',NULL,32768,NULL),(13,'2016-04-06 14:00:00','\0','190.00','自动确认收货增加预存款,订单号120140315171723','增加','可用预存款',NULL,32768,NULL),(14,'2016-04-06 14:30:00','\0','190.00','自动确认收货增加预存款,订单号120140315170930','增加','可用预存款',NULL,32768,NULL),(15,'2016-04-06 14:30:00','\0','190.00','自动确认收货增加预存款,订单号120140315171723','增加','可用预存款',NULL,32768,NULL),(16,'2016-04-06 15:00:01','\0','190.00','自动确认收货增加预存款,订单号120140315170930','增加','可用预存款',NULL,32768,NULL),(17,'2016-04-06 15:00:01','\0','190.00','自动确认收货增加预存款,订单号120140315171723','增加','可用预存款',NULL,32768,NULL),(18,'2016-04-06 16:00:00','\0','190.00','自动确认收货增加预存款,订单号120140315170930','增加','可用预存款',NULL,32768,NULL),(19,'2016-04-06 16:00:00','\0','190.00','自动确认收货增加预存款,订单号120140315171723','增加','可用预存款',NULL,32768,NULL),(20,'2016-04-06 16:30:01','\0','190.00','自动确认收货增加预存款,订单号120140315170930','增加','可用预存款',NULL,32768,NULL),(21,'2016-04-06 16:30:01','\0','190.00','自动确认收货增加预存款,订单号120140315171723','增加','可用预存款',NULL,32768,NULL),(22,'2016-04-06 17:00:00','\0','190.00','自动确认收货增加预存款,订单号120140315170930','增加','可用预存款',NULL,32768,NULL),(23,'2016-04-06 17:00:00','\0','190.00','自动确认收货增加预存款,订单号120140315171723','增加','可用预存款',NULL,32768,NULL),(24,'2016-04-06 17:30:00','\0','190.00','自动确认收货增加预存款,订单号120140315170930','增加','可用预存款',NULL,32768,NULL),(25,'2016-04-06 17:30:00','\0','190.00','自动确认收货增加预存款,订单号120140315171723','增加','可用预存款',NULL,32768,NULL),(26,'2016-04-06 18:00:01','\0','190.00','自动确认收货增加预存款,订单号120140315170930','增加','可用预存款',NULL,32768,NULL),(27,'2016-04-06 18:00:01','\0','190.00','自动确认收货增加预存款,订单号120140315171723','增加','可用预存款',NULL,32768,NULL),(28,'2016-04-06 18:30:00','\0','190.00','自动确认收货增加预存款,订单号120140315170930','增加','可用预存款',NULL,32768,NULL),(29,'2016-04-06 18:30:00','\0','190.00','自动确认收货增加预存款,订单号120140315171723','增加','可用预存款',NULL,32768,NULL),(30,'2016-04-06 19:00:00','\0','190.00','自动确认收货增加预存款,订单号120140315170930','增加','可用预存款',NULL,32768,NULL),(31,'2016-04-06 19:00:00','\0','190.00','自动确认收货增加预存款,订单号120140315171723','增加','可用预存款',NULL,32768,NULL),(32,'2016-04-06 19:30:00','\0','190.00','自动确认收货增加预存款,订单号120140315170930','增加','可用预存款',NULL,32768,NULL),(33,'2016-04-06 19:30:00','\0','190.00','自动确认收货增加预存款,订单号120140315171723','增加','可用预存款',NULL,32768,NULL),(34,'2016-04-06 20:00:00','\0','190.00','自动确认收货增加预存款,订单号120140315170930','增加','可用预存款',NULL,32768,NULL),(35,'2016-04-06 20:00:00','\0','190.00','自动确认收货增加预存款,订单号120140315171723','增加','可用预存款',NULL,32768,NULL),(36,'2016-04-06 20:30:01','\0','190.00','自动确认收货增加预存款,订单号120140315170930','增加','可用预存款',NULL,32768,NULL),(37,'2016-04-06 20:30:01','\0','190.00','自动确认收货增加预存款,订单号120140315171723','增加','可用预存款',NULL,32768,NULL),(38,'2016-04-07 10:00:01','\0','190.00','自动确认收货增加预存款,订单号120140315170930','增加','可用预存款',NULL,32768,NULL),(39,'2016-04-07 10:00:01','\0','190.00','自动确认收货增加预存款,订单号120140315171723','增加','可用预存款',NULL,32768,NULL),(40,'2016-04-07 10:30:00','\0','190.00','自动确认收货增加预存款,订单号120140315170930','增加','可用预存款',NULL,32768,NULL),(41,'2016-04-07 10:30:00','\0','190.00','自动确认收货增加预存款,订单号120140315171723','增加','可用预存款',NULL,32768,NULL),(42,'2016-04-07 11:00:00','\0','190.00','自动确认收货增加预存款,订单号120140315170930','增加','可用预存款',NULL,32768,NULL),(43,'2016-04-07 11:00:00','\0','190.00','自动确认收货增加预存款,订单号120140315171723','增加','可用预存款',NULL,32768,NULL),(44,'2016-04-07 11:30:00','\0','190.00','自动确认收货增加预存款,订单号120140315170930','增加','可用预存款',NULL,32768,NULL),(45,'2016-04-07 11:30:00','\0','190.00','自动确认收货增加预存款,订单号120140315171723','增加','可用预存款',NULL,32768,NULL),(46,'2016-04-07 12:00:00','\0','190.00','自动确认收货增加预存款,订单号120140315170930','增加','可用预存款',NULL,32768,NULL),(47,'2016-04-07 12:00:00','\0','190.00','自动确认收货增加预存款,订单号120140315171723','增加','可用预存款',NULL,32768,NULL),(48,'2016-04-07 12:30:00','\0','190.00','自动确认收货增加预存款,订单号120140315170930','增加','可用预存款',NULL,32768,NULL),(49,'2016-04-07 12:30:00','\0','190.00','自动确认收货增加预存款,订单号120140315171723','增加','可用预存款',NULL,32768,NULL),(50,'2016-04-07 13:00:01','\0','190.00','自动确认收货增加预存款,订单号120140315170930','增加','可用预存款',NULL,32768,NULL),(51,'2016-04-07 13:00:01','\0','190.00','自动确认收货增加预存款,订单号120140315171723','增加','可用预存款',NULL,32768,NULL),(52,'2016-04-07 13:30:01','\0','190.00','自动确认收货增加预存款,订单号120140315170930','增加','可用预存款',NULL,32768,NULL),(53,'2016-04-07 13:30:01','\0','190.00','自动确认收货增加预存款,订单号120140315171723','增加','可用预存款',NULL,32768,NULL),(54,'2016-04-07 16:30:01','\0','190.00','自动确认收货增加预存款,订单号120140315170930','增加','可用预存款',NULL,32768,NULL),(55,'2016-04-07 16:30:01','\0','190.00','自动确认收货增加预存款,订单号120140315171723','增加','可用预存款',NULL,32768,NULL),(56,'2016-04-07 17:00:00','\0','190.00','自动确认收货增加预存款,订单号120140315170930','增加','可用预存款',NULL,32768,NULL),(57,'2016-04-07 17:00:00','\0','190.00','自动确认收货增加预存款,订单号120140315171723','增加','可用预存款',NULL,32768,NULL),(58,'2016-04-07 17:30:00','\0','190.00','自动确认收货增加预存款,订单号120140315170930','增加','可用预存款',NULL,32768,NULL),(59,'2016-04-07 17:30:01','\0','190.00','自动确认收货增加预存款,订单号120140315171723','增加','可用预存款',NULL,32768,NULL),(60,'2016-04-07 18:00:00','\0','190.00','自动确认收货增加预存款,订单号120140315170930','增加','可用预存款',NULL,32768,NULL),(61,'2016-04-07 18:00:00','\0','190.00','自动确认收货增加预存款,订单号120140315171723','增加','可用预存款',NULL,32768,NULL),(62,'2016-04-07 18:30:00','\0','190.00','自动确认收货增加预存款,订单号120140315170930','增加','可用预存款',NULL,32768,NULL),(63,'2016-04-07 18:30:00','\0','190.00','自动确认收货增加预存款,订单号120140315171723','增加','可用预存款',NULL,32768,NULL),(64,'2016-04-07 19:00:00','\0','190.00','自动确认收货增加预存款,订单号120140315170930','增加','可用预存款',NULL,32768,NULL),(65,'2016-04-07 19:00:00','\0','190.00','自动确认收货增加预存款,订单号120140315171723','增加','可用预存款',NULL,32768,NULL),(66,'2016-04-07 19:30:01','\0','190.00','自动确认收货增加预存款,订单号120140315170930','增加','可用预存款',NULL,32768,NULL),(67,'2016-04-07 19:30:01','\0','190.00','自动确认收货增加预存款,订单号120140315171723','增加','可用预存款',NULL,32768,NULL),(68,'2016-04-07 20:00:00','\0','190.00','自动确认收货增加预存款,订单号120140315170930','增加','可用预存款',NULL,32768,NULL),(69,'2016-04-07 20:00:01','\0','190.00','自动确认收货增加预存款,订单号120140315171723','增加','可用预存款',NULL,32768,NULL),(70,'2016-04-07 20:30:00','\0','190.00','自动确认收货增加预存款,订单号120140315170930','增加','可用预存款',NULL,32768,NULL),(71,'2016-04-07 20:30:00','\0','190.00','自动确认收货增加预存款,订单号120140315171723','增加','可用预存款',NULL,32768,NULL),(72,'2016-04-12 10:30:00','\0','190.00','自动确认收货增加预存款,订单号120140315170930','增加','可用预存款',NULL,32768,NULL),(73,'2016-04-12 10:30:00','\0','190.00','自动确认收货增加预存款,订单号120140315171723','增加','可用预存款',NULL,32768,NULL),(74,'2016-04-12 16:30:01','\0','190.00','自动确认收货增加预存款,订单号120140315170930','增加','可用预存款',NULL,32768,NULL),(75,'2016-04-12 16:30:01','\0','190.00','自动确认收货增加预存款,订单号120140315171723','增加','可用预存款',NULL,32768,NULL),(76,'2016-04-12 17:00:01','\0','190.00','自动确认收货增加预存款,订单号120140315170930','增加','可用预存款',NULL,32768,NULL),(77,'2016-04-12 17:00:01','\0','190.00','自动确认收货增加预存款,订单号120140315171723','增加','可用预存款',NULL,32768,NULL),(78,'2016-04-21 16:00:01','\0','190.00','自动确认收货增加预存款,订单号120140315170930','增加','可用预存款',NULL,32768,NULL),(79,'2016-04-21 16:00:01','\0','190.00','自动确认收货增加预存款,订单号120140315171723','增加','可用预存款',NULL,32768,NULL),(80,'2016-04-21 16:30:01','\0','190.00','自动确认收货增加预存款,订单号120140315170930','增加','可用预存款',NULL,32768,NULL),(81,'2016-04-21 16:30:01','\0','190.00','自动确认收货增加预存款,订单号120140315171723','增加','可用预存款',NULL,32768,NULL),(82,'2016-04-21 17:00:01','\0','190.00','自动确认收货增加预存款,订单号120140315170930','增加','可用预存款',NULL,32768,NULL),(83,'2016-04-21 17:00:01','\0','190.00','自动确认收货增加预存款,订单号120140315171723','增加','可用预存款',NULL,32768,NULL),(84,'2016-04-21 17:30:00','\0','190.00','自动确认收货增加预存款,订单号120140315170930','增加','可用预存款',NULL,32768,NULL),(85,'2016-04-21 17:30:00','\0','190.00','自动确认收货增加预存款,订单号120140315171723','增加','可用预存款',NULL,32768,NULL),(86,'2016-04-26 10:00:01','\0','190.00','自动确认收货增加预存款,订单号120140315170930','增加','可用预存款',NULL,32768,NULL),(87,'2016-04-26 10:00:01','\0','190.00','自动确认收货增加预存款,订单号120140315171723','增加','可用预存款',NULL,32768,NULL),(88,'2016-04-26 10:30:00','\0','190.00','自动确认收货增加预存款,订单号120140315170930','增加','可用预存款',NULL,32768,NULL),(89,'2016-04-26 10:30:00','\0','190.00','自动确认收货增加预存款,订单号120140315171723','增加','可用预存款',NULL,32768,NULL),(90,'2016-04-28 11:30:01','\0','190.00','自动确认收货增加预存款,订单号120140315170930','增加','可用预存款',NULL,32768,NULL),(91,'2016-04-28 11:30:01','\0','190.00','自动确认收货增加预存款,订单号120140315171723','增加','可用预存款',NULL,32768,NULL),(92,'2016-04-28 12:30:49','\0','190.00','自动确认收货增加预存款,订单号120140315170930','增加','可用预存款',NULL,32768,NULL),(93,'2016-04-28 12:30:54','\0','190.00','自动确认收货增加预存款,订单号120140315171723','增加','可用预存款',NULL,32768,NULL),(94,'2016-04-29 00:30:04','\0','190.00','自动确认收货增加预存款,订单号120140315170930','增加','可用预存款',NULL,32768,NULL),(95,'2016-04-29 00:30:04','\0','190.00','自动确认收货增加预存款,订单号120140315171723','增加','可用预存款',NULL,32768,NULL),(96,'2016-04-29 17:00:01','\0','190.00','自动确认收货增加预存款,订单号120140315170930','增加','可用预存款',NULL,32768,NULL),(97,'2016-04-29 17:00:01','\0','190.00','自动确认收货增加预存款,订单号120140315171723','增加','可用预存款',NULL,32768,NULL),(98,'2016-05-03 12:00:01','\0','190.00','自动确认收货增加预存款,订单号120140315170930','增加','可用预存款',NULL,32768,NULL),(99,'2016-05-03 12:00:02','\0','190.00','自动确认收货增加预存款,订单号120140315171723','增加','可用预存款',NULL,32768,NULL),(100,'2016-05-04 19:00:01','\0','190.00','自动确认收货增加预存款,订单号120140315170930','增加','可用预存款',NULL,32768,NULL),(101,'2016-05-04 19:00:01','\0','190.00','自动确认收货增加预存款,订单号120140315171723','增加','可用预存款',NULL,32768,NULL),(102,'2016-05-04 19:30:01','\0','190.00','自动确认收货增加预存款,订单号120140315170930','增加','可用预存款',NULL,32768,NULL),(103,'2016-05-04 19:30:01','\0','190.00','自动确认收货增加预存款,订单号120140315171723','增加','可用预存款',NULL,32768,NULL),(104,'2016-05-04 20:00:00','\0','190.00','自动确认收货增加预存款,订单号120140315170930','增加','可用预存款',NULL,32768,NULL),(105,'2016-05-04 20:00:00','\0','190.00','自动确认收货增加预存款,订单号120140315171723','增加','可用预存款',NULL,32768,NULL),(106,'2016-05-04 20:30:00','\0','190.00','自动确认收货增加预存款,订单号120140315170930','增加','可用预存款',NULL,32768,NULL),(107,'2016-05-04 20:30:00','\0','190.00','自动确认收货增加预存款,订单号120140315171723','增加','可用预存款',NULL,32768,NULL),(108,'2016-05-04 21:00:00','\0','190.00','自动确认收货增加预存款,订单号120140315170930','增加','可用预存款',NULL,32768,NULL),(109,'2016-05-04 21:00:00','\0','190.00','自动确认收货增加预存款,订单号120140315171723','增加','可用预存款',NULL,32768,NULL),(110,'2016-05-04 21:30:00','\0','190.00','自动确认收货增加预存款,订单号120140315170930','增加','可用预存款',NULL,32768,NULL),(111,'2016-05-04 21:30:00','\0','190.00','自动确认收货增加预存款,订单号120140315171723','增加','可用预存款',NULL,32768,NULL),(112,'2016-05-04 22:00:00','\0','190.00','自动确认收货增加预存款,订单号120140315170930','增加','可用预存款',NULL,32768,NULL),(113,'2016-05-04 22:00:00','\0','190.00','自动确认收货增加预存款,订单号120140315171723','增加','可用预存款',NULL,32768,NULL),(114,'2016-05-08 08:30:01','\0','190.00','自动确认收货增加预存款,订单号120140315170930','增加','可用预存款',NULL,32768,NULL),(115,'2016-05-08 08:30:01','\0','190.00','自动确认收货增加预存款,订单号120140315171723','增加','可用预存款',NULL,32768,NULL),(116,'2016-05-08 09:00:01','\0','190.00','自动确认收货增加预存款,订单号120140315170930','增加','可用预存款',NULL,32768,NULL),(117,'2016-05-08 09:00:01','\0','190.00','自动确认收货增加预存款,订单号120140315171723','增加','可用预存款',NULL,32768,NULL),(118,'2016-05-10 10:30:01','\0','190.00','自动确认收货增加预存款,订单号120140315170930','增加','可用预存款',NULL,32768,NULL),(119,'2016-05-10 10:30:01','\0','190.00','自动确认收货增加预存款,订单号120140315171723','增加','可用预存款',NULL,32768,NULL),(120,'2016-05-12 16:00:01','\0','190.00','自动确认收货增加预存款,订单号120140315170930','增加','可用预存款',NULL,32768,NULL),(121,'2016-05-12 16:00:01','\0','190.00','自动确认收货增加预存款,订单号120140315171723','增加','可用预存款',NULL,32768,NULL),(122,'2016-05-12 16:30:01','\0','190.00','自动确认收货增加预存款,订单号120140315170930','增加','可用预存款',NULL,32768,NULL),(123,'2016-05-12 16:30:01','\0','190.00','自动确认收货增加预存款,订单号120140315171723','增加','可用预存款',NULL,32768,NULL),(124,'2016-05-12 17:00:01','\0','190.00','自动确认收货增加预存款,订单号120140315170930','增加','可用预存款',NULL,32768,NULL),(125,'2016-05-12 17:00:01','\0','190.00','自动确认收货增加预存款,订单号120140315171723','增加','可用预存款',NULL,32768,NULL),(126,'2016-05-12 17:30:01','\0','190.00','自动确认收货增加预存款,订单号120140315170930','增加','可用预存款',NULL,32768,NULL),(127,'2016-05-12 17:30:01','\0','190.00','自动确认收货增加预存款,订单号120140315171723','增加','可用预存款',NULL,32768,NULL),(128,'2016-05-12 18:00:01','\0','190.00','自动确认收货增加预存款,订单号120140315170930','增加','可用预存款',NULL,32768,NULL),(129,'2016-05-12 18:00:01','\0','190.00','自动确认收货增加预存款,订单号120140315171723','增加','可用预存款',NULL,32768,NULL),(130,'2016-05-13 11:30:01','\0','190.00','自动确认收货增加预存款,订单号120140315170930','增加','可用预存款',NULL,32768,NULL),(131,'2016-05-13 11:30:01','\0','190.00','自动确认收货增加预存款,订单号120140315171723','增加','可用预存款',NULL,32768,NULL),(132,'2016-05-15 23:00:00','\0','190.00','自动确认收货增加预存款,订单号120140315170930','增加','可用预存款',NULL,32768,NULL),(133,'2016-05-15 23:00:01','\0','190.00','自动确认收货增加预存款,订单号120140315171723','增加','可用预存款',NULL,32768,NULL),(134,'2016-05-15 23:30:00','\0','190.00','自动确认收货增加预存款,订单号120140315170930','增加','可用预存款',NULL,32768,NULL),(135,'2016-05-15 23:30:00','\0','190.00','自动确认收货增加预存款,订单号120140315171723','增加','可用预存款',NULL,32768,NULL),(136,'2016-05-16 00:00:00','\0','190.00','自动确认收货增加预存款,订单号120140315170930','增加','可用预存款',NULL,32768,NULL),(137,'2016-05-16 00:00:00','\0','190.00','自动确认收货增加预存款,订单号120140315171723','增加','可用预存款',NULL,32768,NULL),(138,'2016-05-16 09:30:01','\0','190.00','自动确认收货增加预存款,订单号120140315170930','增加','可用预存款',NULL,32768,NULL),(139,'2016-05-16 09:30:01','\0','190.00','自动确认收货增加预存款,订单号120140315171723','增加','可用预存款',NULL,32768,NULL),(140,'2016-05-16 10:00:00','\0','190.00','自动确认收货增加预存款,订单号120140315170930','增加','可用预存款',NULL,32768,NULL),(141,'2016-05-16 10:00:00','\0','190.00','自动确认收货增加预存款,订单号120140315171723','增加','可用预存款',NULL,32768,NULL),(142,'2016-05-16 10:30:00','\0','190.00','自动确认收货增加预存款,订单号120140315170930','增加','可用预存款',NULL,32768,NULL),(143,'2016-05-16 10:30:00','\0','190.00','自动确认收货增加预存款,订单号120140315171723','增加','可用预存款',NULL,32768,NULL),(144,'2016-05-16 11:00:00','\0','190.00','自动确认收货增加预存款,订单号120140315170930','增加','可用预存款',NULL,32768,NULL),(145,'2016-05-16 11:00:00','\0','190.00','自动确认收货增加预存款,订单号120140315171723','增加','可用预存款',NULL,32768,NULL),(146,'2016-05-16 11:30:00','\0','190.00','自动确认收货增加预存款,订单号120140315170930','增加','可用预存款',NULL,32768,NULL),(147,'2016-05-16 11:30:00','\0','190.00','自动确认收货增加预存款,订单号120140315171723','增加','可用预存款',NULL,32768,NULL),(148,'2016-05-16 12:00:00','\0','190.00','自动确认收货增加预存款,订单号120140315170930','增加','可用预存款',NULL,32768,NULL),(149,'2016-05-16 12:00:00','\0','190.00','自动确认收货增加预存款,订单号120140315171723','增加','可用预存款',NULL,32768,NULL),(150,'2016-05-16 15:00:00','\0','190.00','自动确认收货增加预存款,订单号120140315170930','增加','可用预存款',NULL,32768,NULL),(151,'2016-05-16 15:00:00','\0','190.00','自动确认收货增加预存款,订单号120140315171723','增加','可用预存款',NULL,32768,NULL),(152,'2016-05-16 15:30:00','\0','190.00','自动确认收货增加预存款,订单号120140315170930','增加','可用预存款',NULL,32768,NULL),(153,'2016-05-16 15:30:00','\0','190.00','自动确认收货增加预存款,订单号120140315171723','增加','可用预存款',NULL,32768,NULL),(154,'2016-05-16 16:00:00','\0','190.00','自动确认收货增加预存款,订单号120140315170930','增加','可用预存款',NULL,32768,NULL),(155,'2016-05-16 16:00:00','\0','190.00','自动确认收货增加预存款,订单号120140315171723','增加','可用预存款',NULL,32768,NULL),(156,'2016-05-16 16:30:00','\0','190.00','自动确认收货增加预存款,订单号120140315170930','增加','可用预存款',NULL,32768,NULL),(157,'2016-05-16 16:30:00','\0','190.00','自动确认收货增加预存款,订单号120140315171723','增加','可用预存款',NULL,32768,NULL),(158,'2016-05-17 14:30:01','\0','190.00','自动确认收货增加预存款,订单号120140315170930','增加','可用预存款',NULL,32768,NULL),(159,'2016-05-17 14:30:01','\0','190.00','自动确认收货增加预存款,订单号120140315171723','增加','可用预存款',NULL,32768,NULL),(160,'2016-05-17 15:00:00','\0','190.00','自动确认收货增加预存款,订单号120140315170930','增加','可用预存款',NULL,32768,NULL),(161,'2016-05-17 15:00:00','\0','190.00','自动确认收货增加预存款,订单号120140315171723','增加','可用预存款',NULL,32768,NULL),(162,'2016-06-02 16:00:01','\0','190.00','自动确认收货增加预存款,订单号120140315170930','增加','可用预存款',NULL,32768,NULL),(163,'2016-06-02 16:00:01','\0','190.00','自动确认收货增加预存款,订单号120140315171723','增加','可用预存款',NULL,32768,NULL),(164,'2019-11-18 00:30:02','\0','190.00','???????????,???120140315170930','??','?????',NULL,32768,NULL),(165,'2019-11-18 00:30:02','\0','190.00','???????????,???120140315171723','??','?????',NULL,32768,NULL);

UNLOCK TABLES;

/*Table structure for table `shopping_refund_log` */

DROP TABLE IF EXISTS `shopping_refund_log`;

CREATE TABLE `shopping_refund_log` (
  `id` bigint(20) NOT NULL AUTO_INCREMENT,
  `addTime` datetime DEFAULT NULL,
  `deleteStatus` bit(1) NOT NULL,
  `refund` decimal(12,2) DEFAULT NULL,
  `refund_id` varchar(255) DEFAULT NULL,
  `refund_log` varchar(255) DEFAULT NULL,
  `refund_type` varchar(255) DEFAULT NULL,
  `of_id` bigint(20) DEFAULT NULL,
  `refund_user_id` bigint(20) DEFAULT NULL,
  PRIMARY KEY (`id`),
  KEY `FKC075AFCE8E17FA8A` (`refund_user_id`),
  KEY `FKC075AFCE9F21119E` (`of_id`),
  KEY `FK4BE9293458BD1D3B` (`refund_user_id`),
  KEY `FK4BE92934E66AF58D` (`of_id`),
  CONSTRAINT `FK4BE9293458BD1D3B` FOREIGN KEY (`refund_user_id`) REFERENCES `shopping_user` (`id`),
  CONSTRAINT `FK4BE92934E66AF58D` FOREIGN KEY (`of_id`) REFERENCES `shopping_orderform` (`id`),
  CONSTRAINT `FKC075AFCE8E17FA8A` FOREIGN KEY (`refund_user_id`) REFERENCES `shopping_user` (`id`),
  CONSTRAINT `FKC075AFCE9F21119E` FOREIGN KEY (`of_id`) REFERENCES `shopping_orderform` (`id`)
) ENGINE=InnoDB DEFAULT CHARSET=utf8;

/*Data for the table `shopping_refund_log` */

LOCK TABLES `shopping_refund_log` WRITE;

UNLOCK TABLES;

/*Table structure for table `shopping_report` */

DROP TABLE IF EXISTS `shopping_report`;

CREATE TABLE `shopping_report` (
  `id` bigint(20) NOT NULL AUTO_INCREMENT,
  `addTime` datetime DEFAULT NULL,
  `deleteStatus` bit(1) NOT NULL,
  `content` longtext,
  `handle_Time` datetime DEFAULT NULL,
  `handle_info` longtext,
  `result` int(11) NOT NULL,
  `status` int(11) NOT NULL,
  `acc1_id` bigint(20) DEFAULT NULL,
  `acc2_id` bigint(20) DEFAULT NULL,
  `acc3_id` bigint(20) DEFAULT NULL,
  `goods_id` bigint(20) DEFAULT NULL,
  `subject_id` bigint(20) DEFAULT NULL,
  `user_id` bigint(20) DEFAULT NULL,
  PRIMARY KEY (`id`),
  KEY `FKEBD95F85A995E663` (`goods_id`),
  KEY `FKEBD95F85C84755CF` (`subject_id`),
  KEY `FKEBD95F85EBD92B44` (`acc2_id`),
  KEY `FKEBD95F85537B6C51` (`user_id`),
  KEY `FKEBD95F85EBD99FA3` (`acc3_id`),
  KEY `FKEBD95F85EBD8B6E5` (`acc1_id`),
  KEY `FK291D7BEB339519D2` (`goods_id`),
  KEY `FK291D7BEBCF0FAA3E` (`subject_id`),
  KEY `FK291D7BEB33230F33` (`acc2_id`),
  KEY `FK291D7BEB1E208F02` (`user_id`),
  KEY `FK291D7BEB33238392` (`acc3_id`),
  KEY `FK291D7BEB33229AD4` (`acc1_id`),
  CONSTRAINT `FK291D7BEB1E208F02` FOREIGN KEY (`user_id`) REFERENCES `shopping_user` (`id`),
  CONSTRAINT `FK291D7BEB33229AD4` FOREIGN KEY (`acc1_id`) REFERENCES `shopping_accessory` (`id`),
  CONSTRAINT `FK291D7BEB33230F33` FOREIGN KEY (`acc2_id`) REFERENCES `shopping_accessory` (`id`),
  CONSTRAINT `FK291D7BEB33238392` FOREIGN KEY (`acc3_id`) REFERENCES `shopping_accessory` (`id`),
  CONSTRAINT `FK291D7BEB339519D2` FOREIGN KEY (`goods_id`) REFERENCES `shopping_goods` (`id`),
  CONSTRAINT `FK291D7BEBCF0FAA3E` FOREIGN KEY (`subject_id`) REFERENCES `shopping_report_subject` (`id`),
  CONSTRAINT `FKEBD95F85537B6C51` FOREIGN KEY (`user_id`) REFERENCES `shopping_user` (`id`),
  CONSTRAINT `FKEBD95F85A995E663` FOREIGN KEY (`goods_id`) REFERENCES `shopping_goods` (`id`),
  CONSTRAINT `FKEBD95F85C84755CF` FOREIGN KEY (`subject_id`) REFERENCES `shopping_report_subject` (`id`),
  CONSTRAINT `FKEBD95F85EBD8B6E5` FOREIGN KEY (`acc1_id`) REFERENCES `shopping_accessory` (`id`),
  CONSTRAINT `FKEBD95F85EBD92B44` FOREIGN KEY (`acc2_id`) REFERENCES `shopping_accessory` (`id`),
  CONSTRAINT `FKEBD95F85EBD99FA3` FOREIGN KEY (`acc3_id`) REFERENCES `shopping_accessory` (`id`)
) ENGINE=InnoDB DEFAULT CHARSET=utf8;

/*Data for the table `shopping_report` */

LOCK TABLES `shopping_report` WRITE;

UNLOCK TABLES;

/*Table structure for table `shopping_report_subject` */

DROP TABLE IF EXISTS `shopping_report_subject`;

CREATE TABLE `shopping_report_subject` (
  `id` bigint(20) NOT NULL AUTO_INCREMENT,
  `addTime` datetime DEFAULT NULL,
  `deleteStatus` bit(1) NOT NULL,
  `title` varchar(255) DEFAULT NULL,
  `type_id` bigint(20) DEFAULT NULL,
  PRIMARY KEY (`id`),
  KEY `FK8CD20672965F1C05` (`type_id`),
  KEY `FKD57E5CD83851B5F6` (`type_id`),
  CONSTRAINT `FK8CD20672965F1C05` FOREIGN KEY (`type_id`) REFERENCES `shopping_report_type` (`id`),
  CONSTRAINT `FKD57E5CD83851B5F6` FOREIGN KEY (`type_id`) REFERENCES `shopping_report_type` (`id`)
) ENGINE=InnoDB DEFAULT CHARSET=utf8;

/*Data for the table `shopping_report_subject` */

LOCK TABLES `shopping_report_subject` WRITE;

UNLOCK TABLES;

/*Table structure for table `shopping_report_type` */

DROP TABLE IF EXISTS `shopping_report_type`;

CREATE TABLE `shopping_report_type` (
  `id` bigint(20) NOT NULL AUTO_INCREMENT,
  `addTime` datetime DEFAULT NULL,
  `deleteStatus` bit(1) NOT NULL,
  `content` longtext,
  `name` varchar(255) DEFAULT NULL,
  PRIMARY KEY (`id`)
) ENGINE=InnoDB AUTO_INCREMENT=2 DEFAULT CHARSET=utf8;

/*Data for the table `shopping_report_type` */

LOCK TABLES `shopping_report_type` WRITE;

insert  into `shopping_report_type`(`id`,`addTime`,`deleteStatus`,`content`,`name`) values (1,'2015-03-02 20:02:54','\0','抄袭图片和内容','抄袭举报');

UNLOCK TABLES;

/*Table structure for table `shopping_res` */

DROP TABLE IF EXISTS `shopping_res`;

CREATE TABLE `shopping_res` (
  `id` bigint(20) NOT NULL AUTO_INCREMENT,
  `addTime` datetime DEFAULT NULL,
  `deleteStatus` bit(1) NOT NULL,
  `info` varchar(255) DEFAULT NULL,
  `resName` varchar(255) DEFAULT NULL,
  `sequence` int(11) NOT NULL,
  `type` varchar(255) DEFAULT NULL,
  `value` varchar(255) DEFAULT NULL,
  PRIMARY KEY (`id`)
) ENGINE=InnoDB AUTO_INCREMENT=779 DEFAULT CHARSET=utf8;

/*Data for the table `shopping_res` */

LOCK TABLES `shopping_res` WRITE;

insert  into `shopping_res`(`id`,`addTime`,`deleteStatus`,`info`,`resName`,`sequence`,`type`,`value`) values (1,'2015-02-26 14:59:09','\0',NULL,'商城后台管理',0,'URL','/admin/index.htm*'),(2,'2015-02-26 14:59:09','\0',NULL,'欢迎页面',0,'URL',NULL),(3,'2015-02-26 14:59:09','\0',NULL,'关于我们',0,'URL',NULL),(4,'2015-02-26 14:59:09','\0',NULL,'站点设置',0,'URL','/admin/set_site.htm*'),(5,'2015-02-26 14:59:09','\0',NULL,'上传设置',0,'URL','/admin/set_image.htm*'),(6,'2015-02-26 14:59:09','\0',NULL,'Email设置',0,'URL','/admin/set_email.htm*'),(7,'2015-02-26 14:59:09','\0',NULL,'短信设置',0,'URL',NULL),(8,'2015-02-26 14:59:09','\0',NULL,'SEO设置',0,'URL','/admin/set_seo.htm*'),(9,'2015-02-26 14:59:09','\0',NULL,'QQ互联登录',0,'URL',NULL),(10,'2015-02-26 14:59:09','\0',NULL,'分润设置',0,'URL','/admin/set_fenrun.htm*'),(11,'2015-02-26 14:59:10','\0',NULL,'保存商城配置',0,'URL',NULL),(12,'2015-02-26 14:59:10','\0',NULL,'二级域名设置',0,'URL','/admin/set_second_domain.htm*'),(13,'2015-02-26 14:59:10','\0',NULL,'二级域名设置保存',0,'URL',NULL),(14,'2015-02-26 14:59:10','\0',NULL,'保存分润设置',0,'URL',NULL),(15,'2015-02-26 14:59:10','\0',NULL,'websiteCss设置',0,'URL',NULL),(16,'2015-02-26 14:59:10','\0',NULL,'支付方式列表',0,'URL','/admin/payment_list.htm*'),(17,'2015-02-26 14:59:10','\0',NULL,'支付方式设置',0,'URL',NULL),(18,'2015-02-26 14:59:10','\0',NULL,'支付方式编辑',0,'URL',NULL),(19,'2015-02-26 14:59:10','\0',NULL,'支付方式保存',0,'URL',NULL),(20,'2015-02-26 14:59:10','\0',NULL,'平台支付方式设置',0,'URL',NULL),(21,'2015-02-26 14:59:10','\0',NULL,'模板保存',0,'URL',NULL),(22,'2015-02-26 14:59:10','\0',NULL,'模板编辑',0,'URL',NULL),(23,'2015-02-26 14:59:11','\0',NULL,'模板开启',0,'URL',NULL),(24,'2015-02-26 14:59:11','\0',NULL,'模板列表',0,'URL','/admin/template_list.htm*'),(25,'2015-02-26 14:59:11','\0',NULL,'模板AJAX更新',0,'URL',NULL),(26,'2015-02-26 14:59:11','\0',NULL,'模板添加',0,'URL',NULL),(27,'2015-02-26 14:59:11','\0',NULL,'模板编辑',0,'URL',NULL),(28,'2015-02-26 14:59:11','\0',NULL,'地区列表',0,'URL','/admin/area_list.htm*'),(29,'2015-02-26 14:59:11','\0',NULL,'地区保存',0,'URL',NULL),(30,'2015-02-26 14:59:11','\0',NULL,'地区删除',0,'URL',NULL),(31,'2015-02-26 14:59:11','\0',NULL,'地区导入',0,'URL',NULL),(32,'2015-02-26 14:59:11','\0',NULL,'地区Ajax编辑',0,'URL',NULL),(33,'2015-02-26 14:59:11','\0',NULL,'运费地区列表',0,'URL','/admin/trans_area_list.htm*'),(34,'2015-02-26 14:59:11','\0',NULL,'运费地区保存',0,'URL',NULL),(35,'2015-02-26 14:59:11','\0',NULL,'运费地区删除',0,'URL',NULL),(36,'2015-02-26 14:59:11','\0',NULL,'运费地区Ajax更新',0,'URL',NULL),(37,'2015-02-26 14:59:12','\0',NULL,'商品AJAX更新',0,'URL',NULL),(38,'2015-02-26 14:59:12','\0',NULL,'商品添加',0,'URL',NULL),(39,'2015-02-26 14:59:12','\0',NULL,'违规商品列表',0,'URL',NULL),(40,'2015-02-26 14:59:12','\0',NULL,'商品列表',0,'URL','/admin/goods_list.htm*'),(41,'2015-02-26 14:59:12','\0',NULL,'商品编辑',0,'URL',NULL),(42,'2015-02-26 14:59:12','\0',NULL,'商品保存',0,'URL',NULL),(43,'2015-02-26 14:59:12','\0',NULL,'商品删除',0,'URL',NULL),(44,'2015-02-26 14:59:12','\0',NULL,'商品分类列表',0,'URL','/admin/goods_class_list.htm*'),(45,'2015-02-26 14:59:12','\0',NULL,'商品分类添加',0,'URL',NULL),(46,'2015-02-26 14:59:12','\0',NULL,'商品分类编辑',0,'URL',NULL),(47,'2015-02-26 14:59:12','\0',NULL,'商品分类保存',0,'URL',NULL),(48,'2015-02-26 14:59:12','\0',NULL,'商品分类下级加载',0,'URL',NULL),(49,'2015-02-26 14:59:13','\0',NULL,'商品分类Ajax更新',0,'URL',NULL),(50,'2015-02-26 14:59:13','\0',NULL,'商品分类批量推荐',0,'URL',NULL),(51,'2015-02-26 14:59:13','\0',NULL,'商品分类批量删除',0,'URL',NULL),(52,'2015-02-26 14:59:13','\0',NULL,'商品品牌添加',0,'URL',NULL),(53,'2015-02-26 14:59:13','\0',NULL,'商品品牌列表',0,'URL','/admin/goods_brand_list.htm*'),(54,'2015-02-26 14:59:13','\0',NULL,'商品品牌保存',0,'URL',NULL),(55,'2015-02-26 14:59:13','\0',NULL,'商品品牌删除',0,'URL',NULL),(56,'2015-02-26 14:59:13','\0',NULL,'商品品牌待审核列表',0,'URL',NULL),(57,'2015-02-26 14:59:13','\0',NULL,'商品品牌AJAX更新',0,'URL',NULL),(58,'2015-02-26 14:59:13','\0',NULL,'商品品牌编辑',0,'URL',NULL),(59,'2015-02-26 14:59:14','\0',NULL,'商品品牌审核通过',0,'URL',NULL),(60,'2015-02-26 14:59:14','\0',NULL,'商品品牌审核拒绝',0,'URL',NULL),(61,'2015-02-26 14:59:14','\0',NULL,'商品类型添加',0,'URL',NULL),(62,'2015-02-26 14:59:14','\0',NULL,'商品类型列表',0,'URL','/admin/goods_type_list.htm*'),(63,'2015-02-26 14:59:14','\0',NULL,'商品类型保存',0,'URL',NULL),(64,'2015-02-26 14:59:14','\0',NULL,'商品类型删除',0,'URL',NULL),(65,'2015-02-26 14:59:14','\0',NULL,'商品类型AJAX更新',0,'URL',NULL),(66,'2015-02-26 14:59:14','\0',NULL,'商品类型属性AJAX删除',0,'URL',NULL),(67,'2015-02-26 14:59:14','\0',NULL,'商品类型编辑',0,'URL',NULL),(68,'2015-02-26 14:59:14','\0',NULL,'商品规格添加',0,'URL',NULL),(69,'2015-02-26 14:59:14','\0',NULL,'商品规格列表',0,'URL','/admin/goods_spec_list.htm*'),(70,'2015-02-26 14:59:14','\0',NULL,'商品规格保存',0,'URL',NULL),(71,'2015-02-26 14:59:15','\0',NULL,'商品规格删除',0,'URL',NULL),(72,'2015-02-26 14:59:15','\0',NULL,'商品规格AJAX更新',0,'URL',NULL),(73,'2015-02-26 14:59:15','\0',NULL,'商品规格属性AJAX删除',0,'URL',NULL),(74,'2015-02-26 14:59:15','\0',NULL,'商品规格编辑',0,'URL',NULL),(75,'2015-02-26 14:59:15','\0',NULL,'闲置商品列表',0,'URL','/admin/sparegoods_list.htm*'),(76,'2015-02-26 14:59:15','\0',NULL,'闲置商品下架上架切换',0,'URL',NULL),(77,'2015-02-26 14:59:15','\0',NULL,'闲置商品信息删除',0,'URL',NULL),(78,'2015-02-26 14:59:15','\0',NULL,'闲置商品AJAX更新',0,'URL',NULL),(79,'2015-02-26 14:59:15','\0',NULL,'闲置商品分类列表',0,'URL','/admin/sparegoods_class_list.htm*'),(80,'2015-02-26 14:59:15','\0',NULL,'闲置商品分类添加',0,'URL',NULL),(81,'2015-02-26 14:59:15','\0',NULL,'闲置商品分类编辑',0,'URL',NULL),(82,'2015-02-26 14:59:16','\0',NULL,'闲置商品分类保存',0,'URL',NULL),(83,'2015-02-26 14:59:16','\0',NULL,'闲置商品分类删除',0,'URL',NULL),(84,'2015-02-26 14:59:16','\0',NULL,'闲置商品分类Ajax更新',0,'URL',NULL),(85,'2015-02-26 14:59:16','\0',NULL,'闲置商品分类下级加载',0,'URL',NULL),(86,'2015-02-26 14:59:16','\0',NULL,'闲置商品分类验证是否存在',0,'URL',NULL),(87,'2015-02-26 14:59:16','\0',NULL,'店铺列表',0,'URL','/admin/store_list.htm*'),(88,'2015-02-26 14:59:16','\0',NULL,'店铺添加1',0,'URL',NULL),(89,'2015-02-26 14:59:16','\0',NULL,'店铺编辑',0,'URL',NULL),(90,'2015-02-26 14:59:16','\0',NULL,'店铺保存',0,'URL',NULL),(91,'2015-02-26 14:59:16','\0',NULL,'店铺添加2',0,'URL',NULL),(92,'2015-02-26 14:59:17','\0',NULL,'店铺删除',0,'URL',NULL),(93,'2015-02-26 14:59:17','\0',NULL,'店铺AJAX更新',0,'URL',NULL),(94,'2015-02-26 14:59:17','\0',NULL,'卖家信用',0,'URL','/admin/store_base.htm*'),(95,'2015-02-26 14:59:17','\0',NULL,'卖家信用保存',0,'URL',NULL),(96,'2015-02-26 14:59:17','\0',NULL,'店铺模板',0,'URL','/admin/store_template.htm*'),(97,'2015-02-26 14:59:17','\0',NULL,'店铺模板增加',0,'URL',NULL),(98,'2015-02-26 14:59:17','\0',NULL,'店铺模板保存',0,'URL',NULL),(99,'2015-02-26 14:59:17','\0',NULL,'店铺升级列表',0,'URL',NULL),(100,'2015-02-26 14:59:17','\0',NULL,'店铺升级编辑',0,'URL',NULL),(101,'2015-02-26 14:59:17','\0',NULL,'店铺升级保存',0,'URL',NULL),(102,'2015-02-26 14:59:18','\0',NULL,'店铺升级日志查看',0,'URL',NULL),(103,'2015-02-26 14:59:18','\0',NULL,'店铺等级列表',0,'URL','/admin/storegrade_list.htm*'),(104,'2015-02-26 14:59:18','\0',NULL,'店铺等级添加',0,'URL',NULL),(105,'2015-02-26 14:59:18','\0',NULL,'店铺等级编辑',0,'URL',NULL),(106,'2015-02-26 14:59:18','\0',NULL,'店铺等级保存',0,'URL',NULL),(107,'2015-02-26 14:59:18','\0',NULL,'店铺等级删除',0,'URL',NULL),(108,'2015-02-26 14:59:18','\0',NULL,'店铺等级AJAX更新',0,'URL',NULL),(109,'2015-02-26 14:59:18','\0',NULL,'店铺等级模板设置',0,'URL',NULL),(110,'2015-02-26 14:59:18','\0',NULL,'店铺等级模板保存',0,'URL',NULL),(111,'2015-02-26 14:59:18','\0',NULL,'店铺分类添加',0,'URL',NULL),(112,'2015-02-26 14:59:19','\0',NULL,'店铺分类列表',0,'URL','/admin/storeclass_list.htm*'),(113,'2015-02-26 14:59:19','\0',NULL,'店铺分类保存',0,'URL',NULL),(114,'2015-02-26 14:59:19','\0',NULL,'店铺分类删除',0,'URL',NULL),(115,'2015-02-26 14:59:19','\0',NULL,'店铺分类AJAX保存',0,'URL',NULL),(116,'2015-02-26 14:59:19','\0',NULL,'店铺分类下级数据加载',0,'URL',NULL),(117,'2015-02-26 14:59:19','\0',NULL,'店铺分类编辑',0,'URL',NULL),(118,'2015-02-26 14:59:19','\0',NULL,'会员列表',0,'URL','/admin/user_list.htm*'),(119,'2015-02-26 14:59:19','\0',NULL,'会员信用',0,'URL','/admin/user_creditrule.htm*'),(120,'2015-02-26 14:59:19','\0',NULL,'买家信用保存',0,'URL',NULL),(121,'2015-02-26 14:59:19','\0',NULL,'会员编辑',0,'URL',NULL),(122,'2015-02-26 14:59:19','\0',NULL,'会员添加',0,'URL',NULL),(123,'2015-02-26 14:59:19','\0',NULL,'会员删除',0,'URL',NULL),(124,'2015-02-26 14:59:20','\0',NULL,'会员保存',0,'URL',NULL),(125,'2015-02-26 14:59:20','\0',NULL,'会员通知',0,'URL','/admin/user_msg.htm*'),(126,'2015-02-26 14:59:20','\0',NULL,'会员通知发送',0,'URL',NULL),(127,'2015-02-26 14:59:20','\0',NULL,'预存款手动修改',0,'URL',NULL),(128,'2015-02-26 14:59:20','\0',NULL,'加载用户预存款信息',0,'URL',NULL),(129,'2015-02-26 14:59:20','\0',NULL,'预存款手动修改保存',0,'URL',NULL),(130,'2015-02-26 14:59:20','\0',NULL,'预存款列表',0,'URL','/admin/predeposit_list.htm*'),(131,'2015-02-26 14:59:20','\0',NULL,'预存款编辑',0,'URL',NULL),(132,'2015-02-26 14:59:20','\0',NULL,'预存款保存',0,'URL',NULL),(133,'2015-02-26 14:59:20','\0',NULL,'预存款明细列表',0,'URL','/admin/predepositlog_list.htm*'),(134,'2015-02-26 14:59:20','\0',NULL,'管理员编辑',0,'URL',NULL),(135,'2015-02-26 14:59:20','\0',NULL,'管理员列表',0,'URL','/admin/admin_list.htm'),(136,'2015-02-26 14:59:21','\0',NULL,'管理员保存',0,'URL','/admin/admin_save.htm'),(137,'2015-02-26 14:59:21','\0',NULL,'管理员添加',0,'URL','/admin/admin_add.htm'),(138,'2015-02-26 14:59:21','\0',NULL,'管理员删除',0,'URL','/admin/admin_del.htm'),(139,'2015-02-26 14:59:21','\0',NULL,'管理员修改密码',0,'URL',NULL),(140,'2015-02-26 14:59:21','\0',NULL,'管理员密码保存',0,'URL',NULL),(141,'2015-02-26 14:59:21','\0',NULL,'订单列表',0,'URL','/admin/order_list.htm*'),(142,'2015-02-26 14:59:21','\0',NULL,'订单详情',0,'URL',NULL),(143,'2015-02-26 14:59:21','\0',NULL,'订单设置',0,'URL','/admin/set_order_confirm.htm*'),(144,'2015-02-26 14:59:21','\0',NULL,'订单设置保存',0,'URL',NULL),(145,'2015-02-26 14:59:21','\0',NULL,'咨询列表',0,'URL','/admin/consult_list.htm*'),(146,'2015-02-26 14:59:22','\0',NULL,'咨询删除',0,'URL',NULL),(147,'2015-02-26 14:59:22','\0',NULL,'举报处理',0,'URL','/admin/report_list.htm*'),(148,'2015-02-26 14:59:22','\0',NULL,'未处理举报列表',0,'URL',NULL),(149,'2015-02-26 14:59:22','\0',NULL,'已处理举报列表',0,'URL',NULL),(150,'2015-02-26 14:59:22','\0',NULL,'举报处理',0,'URL',NULL),(151,'2015-02-26 14:59:22','\0',NULL,'举报主题增加',0,'URL',NULL),(152,'2015-02-26 14:59:22','\0',NULL,'举报主题列表',0,'URL',NULL),(153,'2015-02-26 14:59:22','\0',NULL,'举报主题保存',0,'URL',NULL),(154,'2015-02-26 14:59:22','\0',NULL,'举报主题删除',0,'URL',NULL),(155,'2015-02-26 14:59:22','\0',NULL,'举报主题编辑',0,'URL',NULL),(156,'2015-02-26 14:59:22','\0',NULL,'举报类型增加',0,'URL',NULL),(157,'2015-02-26 14:59:22','\0',NULL,'举报类型列表',0,'URL',NULL),(158,'2015-02-26 14:59:23','\0',NULL,'举报类型保存',0,'URL',NULL),(159,'2015-02-26 14:59:23','\0',NULL,'举报类型删除',0,'URL',NULL),(160,'2015-02-26 14:59:23','\0',NULL,'举报类型编辑',0,'URL',NULL),(161,'2015-02-26 14:59:23','\0',NULL,'商品评价编辑',0,'URL',NULL),(162,'2015-02-26 14:59:23','\0',NULL,'商品评价编辑',0,'URL',NULL),(163,'2015-02-26 14:59:23','\0',NULL,'商品评价列表',0,'URL','/admin/evaluate_list.htm*'),(164,'2015-02-26 14:59:23','\0',NULL,'投诉设置',0,'URL',NULL),(165,'2015-02-26 14:59:23','\0',NULL,'投诉图片',0,'URL',NULL),(166,'2015-02-26 14:59:23','\0',NULL,'投诉列表',0,'URL','/admin/complaint_list.htm*'),(167,'2015-02-26 14:59:23','\0',NULL,'投诉设置保存',0,'URL',NULL),(168,'2015-02-26 14:59:23','\0',NULL,'投诉详情',0,'URL',NULL),(169,'2015-02-26 14:59:24','\0',NULL,'投诉审核',0,'URL',NULL),(170,'2015-02-26 14:59:24','\0',NULL,'投诉关闭',0,'URL',NULL),(171,'2015-02-26 14:59:24','\0',NULL,'发布投诉对话',0,'URL',NULL),(172,'2015-02-26 14:59:24','\0',NULL,'投诉仲裁',0,'URL',NULL),(173,'2015-02-26 14:59:24','\0',NULL,'投诉主题添加',0,'URL',NULL),(174,'2015-02-26 14:59:24','\0',NULL,'投诉主题列表',0,'URL',NULL),(175,'2015-02-26 14:59:24','\0',NULL,'投诉主题保存',0,'URL',NULL),(176,'2015-02-26 14:59:24','\0',NULL,'投诉主题删除',0,'URL',NULL),(177,'2015-02-26 14:59:24','\0',NULL,'投诉主题编辑',0,'URL',NULL),(178,'2015-02-26 14:59:24','\0',NULL,'文章添加',0,'URL',NULL),(179,'2015-02-26 14:59:24','\0',NULL,'文章列表',0,'URL','/admin/article_list.htm*'),(180,'2015-02-26 14:59:25','\0',NULL,'文章保存',0,'URL',NULL),(181,'2015-02-26 14:59:25','\0',NULL,'文章删除',0,'URL',NULL),(182,'2015-02-26 14:59:25','\0',NULL,'文章AJAX更新',0,'URL',NULL),(183,'2015-02-26 14:59:25','\0',NULL,'文章编辑',0,'URL',NULL),(184,'2015-02-26 14:59:25','\0',NULL,'文章分类添加',0,'URL',NULL),(185,'2015-02-26 14:59:25','\0',NULL,'文章分类列表',0,'URL','/admin/articleclass_list.htm*'),(186,'2015-02-26 14:59:25','\0',NULL,'文章分类保存',0,'URL',NULL),(187,'2015-02-26 14:59:25','\0',NULL,'文章分类删除',0,'URL',NULL),(188,'2015-02-26 14:59:25','\0',NULL,'文章分类AJAX更新',0,'URL',NULL),(189,'2015-02-26 14:59:25','\0',NULL,'文章下级分类',0,'URL','/admin/articleclass_data.htm*'),(190,'2015-02-26 14:59:26','\0',NULL,'文章分类编辑',0,'URL','/admin/articleclass_edit.htm*'),(191,'2015-02-26 14:59:26','\0',NULL,'合作伙伴添加',0,'URL','/admin/partner_add.htm*'),(192,'2015-02-26 14:59:26','\0',NULL,'合作伙伴列表',0,'URL','/admin/partner_list.htm*'),(193,'2015-02-26 14:59:26','\0',NULL,'合作伙伴保存',0,'URL','/admin/partner_save.htm*'),(194,'2015-02-26 14:59:26','\0',NULL,'合作伙伴删除',0,'URL',NULL),(195,'2015-02-26 14:59:26','\0',NULL,'合作伙伴编辑',0,'URL',NULL),(196,'2015-02-26 14:59:26','\0',NULL,'系统文章新增',0,'URL',NULL),(197,'2015-02-26 14:59:26','\0',NULL,'系统文章列表',0,'URL','/admin/document_list.htm*'),(198,'2015-02-26 14:59:26','\0',NULL,'系统文章保存',0,'URL',NULL),(199,'2015-02-26 14:59:26','\0',NULL,'系统文章删除',0,'URL',NULL),(200,'2015-02-26 14:59:27','\0',NULL,'系统文章AJAX更新',0,'URL',NULL),(201,'2015-02-26 14:59:27','\0',NULL,'系统文章编辑',0,'URL',NULL),(202,'2015-02-26 14:59:27','\0',NULL,'页面导航添加',0,'URL',NULL),(203,'2015-02-26 14:59:27','\0',NULL,'页面导航列表',0,'URL','/admin/navigation_list.htm*'),(204,'2015-02-26 14:59:27','\0',NULL,'页面导航保存',0,'URL',NULL),(205,'2015-02-26 14:59:27','\0',NULL,'页面导航删除',0,'URL',NULL),(206,'2015-02-26 14:59:27','\0',NULL,'页面导航AJAX更新',0,'URL',NULL),(207,'2015-02-26 14:59:27','\0',NULL,'页面导航编辑',0,'URL',NULL),(208,'2015-02-26 14:59:27','\0',NULL,'基本设置保存',0,'URL',NULL),(209,'2015-02-26 14:59:27','\0',NULL,'积分规则',0,'URL','/admin/operation_integral_rule.htm*'),(210,'2015-02-26 14:59:28','\0',NULL,'基本设置',0,'URL','/admin/operation_base_set.htm*'),(211,'2015-02-26 14:59:28','\0',NULL,'积分规则保存',0,'URL',NULL),(212,'2015-02-26 14:59:28','\0',NULL,'金币购买记录',0,'URL',NULL),(213,'2015-02-26 14:59:28','\0',NULL,'金币日志列表',0,'URL','/admin/gold_record.htm*'),(214,'2015-02-26 14:59:28','\0',NULL,'金币购买记录编辑',0,'URL',NULL),(215,'2015-02-26 14:59:28','\0',NULL,'金币购买记录',0,'URL',NULL),(216,'2015-02-26 14:59:28','\0',NULL,'金币购买记录删除',0,'URL',NULL),(217,'2015-02-26 14:59:28','\0',NULL,'金币购买记录',0,'URL',NULL),(218,'2015-02-26 14:59:28','\0',NULL,'积分明细',0,'URL','/admin/integrallog_list.htm*'),(219,'2015-02-26 14:59:29','\0',NULL,'积分管理',0,'URL','/admin/user_integral.htm*'),(220,'2015-02-26 14:59:29','\0',NULL,'积分动态获取',0,'URL',NULL),(221,'2015-02-26 14:59:29','\0',NULL,'积分管理保存',0,'URL',NULL),(222,'2015-02-26 14:59:29','\0',NULL,'直通车商品审核',0,'URL',NULL),(223,'2015-02-26 14:59:29','\0',NULL,'直通车商品查看',0,'URL',NULL),(224,'2015-02-26 14:59:29','\0',NULL,'直通车商品审核保存',0,'URL',NULL),(225,'2015-02-26 14:59:29','\0',NULL,'直通车设置',0,'URL','/admin/ztc_set.htm*'),(226,'2015-02-26 14:59:29','\0',NULL,'直通车设置保存',0,'URL',NULL),(227,'2015-02-26 14:59:29','\0',NULL,'直通车商品',0,'URL',NULL),(228,'2015-02-26 14:59:30','\0',NULL,'直通车申请列表',0,'URL',NULL),(229,'2015-02-26 14:59:30','\0',NULL,'直通车金币日志',0,'URL',NULL),(230,'2015-02-26 14:59:30','\0',NULL,'优惠券添加',0,'URL',NULL),(231,'2015-02-26 14:59:30','\0',NULL,'优惠券保存',0,'URL',NULL),(232,'2015-02-26 14:59:30','\0',NULL,'优惠券列表',0,'URL','/admin/coupon_list.htm*'),(233,'2015-02-26 14:59:30','\0',NULL,'优惠券发放',0,'URL',NULL),(234,'2015-02-26 14:59:30','\0',NULL,'优惠券AJAX更新',0,'URL',NULL),(235,'2015-02-26 14:59:30','\0',NULL,'优惠券保存成功',0,'URL',NULL),(236,'2015-02-26 14:59:30','\0',NULL,'优惠券发放保存',0,'URL',NULL),(237,'2015-02-26 14:59:30','\0',NULL,'广告列表',0,'URL','/admin/advert_list.htm*'),(238,'2015-02-26 14:59:30','\0',NULL,'广告增加',0,'URL',NULL),(239,'2015-02-26 14:59:31','\0',NULL,'广告查看',0,'URL',NULL),(240,'2015-02-26 14:59:31','\0',NULL,'广告审核',0,'URL',NULL),(241,'2015-02-26 14:59:31','\0',NULL,'广告编辑',0,'URL',NULL),(242,'2015-02-26 14:59:31','\0',NULL,'广告保存',0,'URL',NULL),(243,'2015-02-26 14:59:31','\0',NULL,'广告删除',0,'URL',NULL),(244,'2015-02-26 14:59:31','\0',NULL,'广告位添加',0,'URL',NULL),(245,'2015-02-26 14:59:31','\0',NULL,'广告位保存',0,'URL',NULL),(246,'2015-02-26 14:59:31','\0',NULL,'广告位列表',0,'URL',NULL),(247,'2015-02-26 14:59:31','\0',NULL,'广告位编辑',0,'URL',NULL),(248,'2015-02-26 14:59:31','\0',NULL,'广告位删除',0,'URL',NULL),(249,'2015-02-26 14:59:32','\0',NULL,'待审批广告列表',0,'URL',NULL),(250,'2015-02-26 14:59:32','\0',NULL,'积分礼品列表',0,'URL',NULL),(251,'2015-02-26 14:59:32','\0',NULL,'积分礼品添加',0,'URL',NULL),(252,'2015-02-26 14:59:32','\0',NULL,'积分礼品编辑',0,'URL',NULL),(253,'2015-02-26 14:59:32','\0',NULL,'积分礼品保存',0,'URL',NULL),(254,'2015-02-26 14:59:32','\0',NULL,'积分礼品删除',0,'URL',NULL),(255,'2015-02-26 14:59:32','\0',NULL,'积分礼品兑换列表',0,'URL',NULL),(256,'2015-02-26 14:59:32','\0',NULL,'积分礼品兑换详情',0,'URL',NULL),(257,'2015-02-26 14:59:32','\0',NULL,'取消积分订单',0,'URL',NULL),(258,'2015-02-26 14:59:32','\0',NULL,'订单确认付款',0,'URL',NULL),(259,'2015-02-26 14:59:32','\0',NULL,'订单删除',0,'URL',NULL),(260,'2015-02-26 14:59:33','\0',NULL,'订单费用调整',0,'URL',NULL),(261,'2015-02-26 14:59:33','\0',NULL,'订单费用调整保存',0,'URL',NULL),(262,'2015-02-26 14:59:33','\0',NULL,'发货设置',0,'URL',NULL),(263,'2015-02-26 14:59:33','\0',NULL,'发货设置保存',0,'URL',NULL),(264,'2015-02-26 14:59:33','\0',NULL,'团购区域增加',0,'URL',NULL),(265,'2015-02-26 14:59:33','\0',NULL,'团购区域列表',0,'URL','/admin/group_list.htm*'),(266,'2015-02-26 14:59:33','\0',NULL,'团购区域保存',0,'URL',NULL),(267,'2015-02-26 14:59:33','\0',NULL,'团购区域删除',0,'URL',NULL),(268,'2015-02-26 14:59:33','\0',NULL,'团购区域Ajax更新',0,'URL',NULL),(269,'2015-02-26 14:59:34','\0',NULL,'团购区域下级加载',0,'URL',NULL),(270,'2015-02-26 14:59:34','\0',NULL,'团购区域编辑',0,'URL',NULL),(271,'2015-02-26 14:59:34','\0',NULL,'团购分类增加',0,'URL',NULL),(272,'2015-02-26 14:59:34','\0',NULL,'团购分类列表',0,'URL',NULL),(273,'2015-02-26 14:59:34','\0',NULL,'团购分类保存',0,'URL',NULL),(274,'2015-02-26 14:59:34','\0',NULL,'团购分类删除',0,'URL',NULL),(275,'2015-02-26 14:59:34','\0',NULL,'团购分类Ajax更新',0,'URL',NULL),(276,'2015-02-26 14:59:34','\0',NULL,'团购分类下级加载',0,'URL',NULL),(277,'2015-02-26 14:59:34','\0',NULL,'团购分类编辑',0,'URL',NULL),(278,'2015-02-26 14:59:34','\0',NULL,'团购增加',0,'URL',NULL),(279,'2015-02-26 14:59:34','\0',NULL,'团购列表',0,'URL',NULL),(280,'2015-02-26 14:59:35','\0',NULL,'团购编辑',0,'URL',NULL),(281,'2015-02-26 14:59:35','\0',NULL,'团购保存',0,'URL',NULL),(282,'2015-02-26 14:59:35','\0',NULL,'团购删除',0,'URL',NULL),(283,'2015-02-26 14:59:35','\0',NULL,'团购关闭',0,'URL',NULL),(284,'2015-02-26 14:59:35','\0',NULL,'团购申请列表',0,'URL',NULL),(285,'2015-02-26 14:59:35','\0',NULL,'团购商品审核通过',0,'URL',NULL),(286,'2015-02-26 14:59:35','\0',NULL,'团购商品审核拒绝',0,'URL',NULL),(287,'2015-02-26 14:59:35','\0',NULL,'团购商品审核推荐',0,'URL',NULL),(288,'2015-02-26 14:59:35','\0',NULL,'团购价格区间列表',0,'URL',NULL),(289,'2015-02-26 14:59:36','\0',NULL,'团购价格区间列表',0,'URL',NULL),(290,'2015-02-26 14:59:36','\0',NULL,'团购价格区间保存',0,'URL',NULL),(291,'2015-02-26 14:59:36','\0',NULL,'团购价格区间删除',0,'URL',NULL),(292,'2015-02-26 14:59:36','\0',NULL,'团购价格区间列表',0,'URL',NULL),(293,'2015-02-26 14:59:36','\0',NULL,'楼层分类列表',0,'URL','/admin/goods_floor_list.htm*'),(294,'2015-02-26 14:59:36','\0',NULL,'楼层分类添加',0,'URL',NULL),(295,'2015-02-26 14:59:36','\0',NULL,'楼层分类编辑',0,'URL',NULL),(296,'2015-02-26 14:59:36','\0',NULL,'楼层分类保存',0,'URL',NULL),(297,'2015-02-26 14:59:36','\0',NULL,'楼层分类删除',0,'URL',NULL),(298,'2015-02-26 14:59:36','\0',NULL,'楼层分类Ajax更新',0,'URL',NULL),(299,'2015-02-26 14:59:36','\0',NULL,'楼层分类下级加载',0,'URL',NULL),(300,'2015-02-26 14:59:37','\0',NULL,'楼层模板编辑',0,'URL',NULL),(301,'2015-02-26 14:59:37','\0',NULL,'楼层模板商品分类编辑',0,'URL',NULL),(302,'2015-02-26 14:59:37','\0',NULL,'楼层模板商品分类加载',0,'URL',NULL),(303,'2015-02-26 14:59:37','\0',NULL,'楼层模板商品分类保存',0,'URL',NULL),(304,'2015-02-26 14:59:37','\0',NULL,'楼层模板分类商品编辑',0,'URL',NULL),(305,'2015-02-26 14:59:37','\0',NULL,'楼层模板分类商品保存',0,'URL',NULL),(306,'2015-02-26 14:59:37','\0',NULL,'楼层模板右侧商品列表编辑',0,'URL',NULL),(307,'2015-02-26 14:59:37','\0',NULL,'楼层模板右侧商品列表保存',0,'URL',NULL),(308,'2015-02-26 14:59:38','\0',NULL,'楼层模板左下方广告编辑',0,'URL',NULL),(309,'2015-02-26 14:59:38','\0',NULL,'楼层模板左下方广告保存',0,'URL',NULL),(310,'2015-02-26 14:59:38','\0',NULL,'楼层模板右下方广告编辑',0,'URL',NULL),(311,'2015-02-26 14:59:38','\0',NULL,'楼层模板右下方广告保存',0,'URL',NULL),(312,'2015-02-26 14:59:38','\0',NULL,'楼层模板品牌编辑',0,'URL',NULL),(313,'2015-02-26 14:59:38','\0',NULL,'楼层模板品牌保存',0,'URL',NULL),(314,'2015-02-26 14:59:38','\0',NULL,'楼层模板品牌加载',0,'URL',NULL),(315,'2015-02-26 14:59:38','\0',NULL,'楼层模板分类商品编辑',0,'URL',NULL),(316,'2015-02-26 14:59:38','\0',NULL,'数据库备份',0,'URL',NULL),(317,'2015-02-26 14:59:38','\0',NULL,'数据库备份列表',0,'URL','/admin/database_add.htm*'),(318,'2015-02-26 14:59:39','\0',NULL,'数据库备份删除',0,'URL',NULL),(319,'2015-02-26 14:59:39','\0',NULL,'数据库备份保存',0,'URL',NULL),(320,'2015-02-26 14:59:39','\0',NULL,'数据库分卷备份',0,'URL',NULL),(321,'2015-02-26 14:59:39','\0',NULL,'数据库导入引导',0,'URL',NULL),(322,'2015-02-26 14:59:39','\0',NULL,'数据库分卷导入',0,'URL',NULL),(323,'2015-02-26 14:59:39','\0',NULL,'更新缓存',0,'URL',NULL),(324,'2015-02-26 14:59:39','\0',NULL,'缓存列表',0,'URL','/admin/cache_list.htm*'),(325,'2015-02-26 14:59:39','\0',NULL,'全文检索设置',0,'URL','/admin/lucene.htm*'),(326,'2015-02-26 14:59:39','\0',NULL,'全文检索更新',0,'URL',NULL),(327,'2015-02-26 14:59:39','\0',NULL,'全文检索关键字保存',0,'URL',NULL),(328,'2015-02-26 14:59:39','\0',NULL,'活动删除',0,'URL',NULL),(329,'2015-02-26 14:59:40','\0',NULL,'活动AJAX更新',0,'URL',NULL),(330,'2015-02-26 14:59:40','\0',NULL,'活动列表',0,'URL','/admin/activity_list.htm*'),(331,'2015-02-26 14:59:40','\0',NULL,'活动添加',0,'URL',NULL),(332,'2015-02-26 14:59:40','\0',NULL,'活动编辑',0,'URL',NULL),(333,'2015-02-26 14:59:40','\0',NULL,'活动保存',0,'URL',NULL),(334,'2015-02-26 14:59:40','\0',NULL,'活动商品列表',0,'URL',NULL),(335,'2015-02-26 14:59:40','\0',NULL,'活动通过',0,'URL',NULL),(336,'2015-02-26 14:59:40','\0',NULL,'活动拒绝',0,'URL',NULL),(337,'2015-02-26 14:59:40','\0',NULL,'特价列表',0,'URL','/admin/set_bargain.htm*'),(338,'2015-02-26 14:59:40','\0',NULL,'特价保存',0,'URL',NULL),(339,'2015-02-26 14:59:40','\0',NULL,'特价添加',0,'URL',NULL),(340,'2015-02-26 14:59:41','\0',NULL,'特价删除',0,'URL',NULL),(341,'2015-02-26 14:59:41','\0',NULL,'今日特价ajax更新',0,'URL',NULL),(342,'2015-02-26 14:59:41','\0',NULL,'系统特价设置',0,'URL',NULL),(343,'2015-02-26 14:59:41','\0',NULL,'时间查询设置',0,'URL',NULL),(344,'2015-02-26 14:59:41','\0',NULL,'通用特价设置保存',0,'URL',NULL),(345,'2015-02-26 14:59:41','\0',NULL,'特价商品列表',0,'URL',NULL),(346,'2015-02-26 14:59:41','\0',NULL,'特价商品通过',0,'URL',NULL),(347,'2015-02-26 14:59:41','\0',NULL,'特价商品审核数超出',0,'URL',NULL),(348,'2015-02-26 14:59:41','\0',NULL,'特价拒绝',0,'URL',NULL),(349,'2015-02-26 14:59:41','\0',NULL,'买就送设置',0,'URL','/admin/set_delivery.htm*'),(350,'2015-02-26 14:59:41','\0',NULL,'买就送设置保存',0,'URL',NULL),(351,'2015-02-26 14:59:42','\0',NULL,'买就送商品列表',0,'URL',NULL),(352,'2015-02-26 14:59:42','\0',NULL,'买就送商品审核',0,'URL',NULL),(353,'2015-02-26 14:59:42','\0',NULL,'买就送拒绝',0,'URL',NULL),(354,'2015-02-26 14:59:42','\0',NULL,'快递设置',0,'URL','/admin/set_kuaidi.htm*'),(355,'2015-02-26 14:59:42','\0',NULL,'保存快递设置',0,'URL',NULL),(356,'2015-02-26 14:59:42','\0',NULL,'快递公司列表',0,'URL','/admin/express_company_list.htm*'),(357,'2015-02-26 14:59:42','\0',NULL,'快递公司添加',0,'URL',NULL),(358,'2015-02-26 14:59:42','\0',NULL,'快递公司编辑',0,'URL',NULL),(359,'2015-02-26 14:59:42','\0',NULL,'快递公司保存',0,'URL',NULL),(360,'2015-02-26 14:59:42','\0',NULL,'快递公司删除',0,'URL',NULL),(361,'2015-02-26 14:59:42','\0',NULL,'快递公司Ajax更新数据',0,'URL',NULL),(362,'2015-02-26 14:59:42','\0',NULL,'UC配置',0,'URL',NULL),(363,'2015-02-26 14:59:42','\0',NULL,'UC信息保存',0,'URL',NULL),(364,'2015-02-26 14:59:43','\0',NULL,'闲置商品楼层保存',0,'URL',NULL),(365,'2015-02-26 14:59:43','\0',NULL,'闲置商品楼层编辑',0,'URL',NULL),(366,'2015-02-26 14:59:43','\0',NULL,'闲置商品楼层列表',0,'URL','/admin/sparegoodsfloor_list.htm*'),(367,'2015-02-26 14:59:43','\0',NULL,'闲置商品楼层添加',0,'URL',NULL),(368,'2015-02-26 14:59:43','\0',NULL,'闲置商品楼层ajax更新',0,'URL',NULL),(369,'2015-02-26 14:59:43','\0',NULL,'闲置商品楼层删除',0,'URL',NULL),(370,'2015-02-26 14:59:43','\0',NULL,'闲置商品楼层分类设置',0,'URL',NULL),(371,'2015-02-26 14:59:43','\0',NULL,'商品楼层分类ajax更新',0,'URL',NULL),(372,'2015-02-26 14:59:43','\0',NULL,'闲置商品楼层分类设置是否显示',0,'URL',NULL),(373,'2015-02-26 14:59:43','\0',NULL,'闲置商品楼层商品设置',0,'URL',NULL),(374,'2015-02-26 14:59:43','\0',NULL,'闲置商品楼层商品设置是否显示',0,'URL',NULL),(375,'2015-02-26 14:59:44','\0',NULL,'会员动态删除',0,'URL',NULL),(376,'2015-02-26 14:59:44','\0',NULL,'店铺动态列表',0,'URL','/admin/sns_store.htm*'),(377,'2015-02-26 14:59:44','\0',NULL,'店铺动态删除',0,'URL',NULL),(378,'2015-02-26 14:59:44','\0',NULL,'会员动态列表',0,'URL','/admin/sns_user.htm*'),(379,'2015-02-26 14:59:44','\0',NULL,'sns动态设置可见度',0,'URL',NULL),(380,'2015-02-26 14:59:44','\0',NULL,'会员相册图片删除',0,'URL',NULL),(381,'2015-02-26 14:59:44','\0',NULL,'会员相册图片列表',0,'URL','/admin/user_photo_list.htm*'),(382,'2015-02-26 14:59:44','\0',NULL,'会员相册列表',0,'URL',NULL),(383,'2015-02-26 14:59:44','\0',NULL,'会员相册删除',0,'URL',NULL),(384,'2015-02-26 14:59:44','\0',NULL,'组合销售设置',0,'URL','/admin/set_combin.htm*'),(385,'2015-02-26 14:59:44','\0',NULL,'组合销售设置',0,'URL','/admin/set_combin.htm*'),(386,'2015-02-26 14:59:45','\0',NULL,'组合销售设置保存',0,'URL',NULL),(387,'2015-02-26 14:59:45','\0',NULL,'组合销售商品审核',0,'URL',NULL),(388,'2015-02-26 14:59:45','\0',NULL,'组合销售商品拒绝',0,'URL',NULL),(389,'2015-02-26 14:59:45','\0',NULL,'微信店铺设置保存',0,'URL',NULL),(390,'2015-02-26 14:59:45','\0',NULL,'微信店铺违规关闭',0,'URL',NULL),(391,'2015-02-26 14:59:45','\0',NULL,'微信店铺开通',0,'URL',NULL),(392,'2015-02-26 14:59:45','\0',NULL,'商品列表',0,'URL',NULL),(393,'2015-02-26 14:59:45','\0',NULL,'微信商品AJAX更新',0,'URL',NULL),(394,'2015-02-26 14:59:45','\0',NULL,'团购商品列表',0,'URL',NULL),(395,'2015-02-26 14:59:45','\0',NULL,'微信团购商品AJAX更新',0,'URL',NULL),(396,'2015-02-26 14:59:45','\0',NULL,'微信商品品牌列表',0,'URL',NULL),(397,'2015-02-26 14:59:46','\0',NULL,'品牌微信商城推荐',0,'URL',NULL),(398,'2015-02-26 14:59:46','\0',NULL,'微商城配置',0,'URL',NULL),(399,'2015-02-26 14:59:46','\0',NULL,'微商城配置保存',0,'URL',NULL),(400,'2015-02-26 14:59:46','\0',NULL,'微商城菜单配置',0,'URL',NULL),(401,'2015-02-26 14:59:46','\0',NULL,'微商城菜单添加',0,'URL',NULL),(402,'2015-02-26 14:59:46','\0',NULL,'微商城菜单保存',0,'URL',NULL),(403,'2015-02-26 14:59:46','\0',NULL,'微商城菜单删除',0,'URL',NULL),(404,'2015-02-26 14:59:46','\0',NULL,'微商城菜单创建',0,'URL',NULL),(405,'2015-02-26 14:59:46','\0',NULL,'微商城菜单验证',0,'URL',NULL),(406,'2015-02-26 14:59:46','\0',NULL,'微信店铺',0,'URL',NULL),(407,'2015-02-26 14:59:47','\0',NULL,'微信店铺设置',0,'URL',NULL),(408,'2015-02-26 14:59:47','\0',NULL,'出售中的商品列表',0,'URL','/seller/goods.htm*'),(409,'2015-02-26 14:59:47','\0',NULL,'商品编辑',0,'URL','/seller/goods_edit.htm*'),(410,'2015-02-26 14:59:47','\0',NULL,'商品删除',0,'URL','/seller/goods_del.htm*'),(411,'2015-02-26 14:59:47','\0',NULL,'发布商品第一步',0,'URL','/seller/add_goods_first.htm*'),(412,'2015-02-26 14:59:47','\0',NULL,'商品运费模板分页显示',0,'URL','/seller/goods_transport.htm*'),(413,'2015-02-26 14:59:47','\0',NULL,'发布商品第二步',0,'URL','/seller/add_goods_second.htm*'),(414,'2015-02-26 14:59:47','\0',NULL,'产品规格显示',0,'URL','/seller/goods_inventory.htm*'),(415,'2015-02-26 14:59:47','\0',NULL,'商品图片删除',0,'URL','/seller/goods_image_del.htm*'),(416,'2015-02-26 14:59:47','\0',NULL,'发布商品第三步',0,'URL','/seller/add_goods_finish.htm*'),(417,'2015-02-26 14:59:47','\0',NULL,'加载商品分类',0,'URL','/seller/load_goods_class.htm*'),(418,'2015-02-26 14:59:48','\0',NULL,'删除用户常用商品分类',0,'URL','/seller/del_goods_class_staple.htm*'),(419,'2015-02-26 14:59:48','\0',NULL,'仓库中的商品列表',0,'URL','/seller/goods_storage.htm*'),(420,'2015-02-26 14:59:48','\0',NULL,'违规下架商品',0,'URL','/seller/goods_out.htm*'),(421,'2015-02-26 14:59:48','\0',NULL,'商品上下架',0,'URL','/seller/goods_sale.htm*'),(422,'2015-02-26 14:59:48','\0',NULL,'被举报禁售商品',0,'URL','/seller/goods_report.htm*'),(423,'2015-02-26 14:59:48','\0',NULL,'举报图片查看',0,'URL','/seller/report_img.htm*'),(424,'2015-02-26 14:59:48','\0',NULL,'卖家商品分类列表',0,'URL','/seller/usergoodsclass_list.htm*'),(425,'2015-02-26 14:59:48','\0',NULL,'卖家商品分类保存',0,'URL','/seller/usergoodsclass_save.htm*'),(426,'2015-02-26 14:59:48','\0',NULL,'卖家商品分类删除',0,'URL','/seller/usergoodsclass_del.htm*'),(427,'2015-02-26 14:59:48','\0',NULL,'新增卖家商品分类',0,'URL','/seller/address_add.htm*'),(428,'2015-02-26 14:59:48','\0',NULL,'编辑卖家商品分类',0,'URL','/seller/usergoodsclass_edit.htm*'),(429,'2015-02-26 14:59:49','\0',NULL,'导入淘宝CSV',0,'URL','/seller/taobao_import_csv.htm*'),(430,'2015-02-26 14:59:49','\0',NULL,'上传淘宝图片',0,'URL','/seller/taobao_img_upload.htm*'),(431,'2015-02-26 14:59:49','\0',NULL,'淘宝导入完成',0,'URL','/seller/taobao_import_finish.htm*'),(432,'2015-02-26 14:59:49','\0',NULL,'导入淘宝CSV',0,'URL','/seller/taobao.htm*'),(433,'2015-02-26 14:59:49','\0',NULL,'卖家订单列表',0,'URL','/seller/order.htm*'),(434,'2015-02-26 14:59:49','\0',NULL,'卖家订单详情',0,'URL','/seller/order_view.htm*'),(435,'2015-02-26 14:59:49','\0',NULL,'卖家调整订单费用保存',0,'URL','/seller/order_fee_save.htm*'),(436,'2015-02-26 14:59:49','\0',NULL,'线下付款确认',0,'URL','/seller/seller_order_outline.htm*'),(437,'2015-02-26 14:59:49','\0',NULL,'线下付款确认保存',0,'URL','/seller/seller_order_outline_save.htm*'),(438,'2015-02-26 14:59:50','\0',NULL,'卖家确认发货保存',0,'URL','/seller/order_shipping_save.htm*'),(439,'2015-02-26 14:59:50','\0',NULL,'卖家修改物流',0,'URL','/seller/order_shipping_code.htm*'),(440,'2015-02-26 14:59:50','\0',NULL,'卖家修改物流保存',0,'URL','/seller/order_shipping_code_save.htm*'),(441,'2015-02-26 14:59:50','\0',NULL,'卖家退款保存',0,'URL','/seller/order_refund_save.htm*'),(442,'2015-02-26 14:59:50','\0',NULL,'卖家退货保存',0,'URL','/seller/order_return_save.htm*'),(443,'2015-02-26 14:59:50','\0',NULL,'卖家物流详情',0,'URL','/seller/order_query_userinfor.htm*'),(444,'2015-02-26 14:59:50','\0',NULL,'卖家保存退货申请',0,'URL','/seller/seller_order_return.htm*'),(445,'2015-02-26 14:59:50','\0',NULL,'确认买家退货',0,'URL','/seller/seller_order_return_confirm.htm*'),(446,'2015-02-26 14:59:50','\0',NULL,'买家退货物流详情',0,'URL','/seller/seller_order_return_ship_view.htm*'),(447,'2015-02-26 14:59:50','\0',NULL,'卖家确认发货',0,'URL','/seller/order_shipping.htm*'),(448,'2015-02-26 14:59:50','\0',NULL,'卖家取消订单保存',0,'URL','/seller/order_cancel_save.htm*'),(449,'2015-02-26 14:59:51','\0',NULL,'卖家评价',0,'URL','/seller/order_evaluate.htm*'),(450,'2015-02-26 14:59:51','\0',NULL,'卖家评价保存',0,'URL','/seller/order_evaluate_save.htm*'),(451,'2015-02-26 14:59:51','\0',NULL,'卖家物流详情',0,'URL','/seller/ship_view.htm*'),(452,'2015-02-26 14:59:51','\0',NULL,'卖家取消订单',0,'URL','/seller/order_cancel.htm*'),(453,'2015-02-26 14:59:51','\0',NULL,'卖家调整订单费用',0,'URL','/seller/order_fee.htm*'),(454,'2015-02-26 14:59:51','\0',NULL,'卖家退款',0,'URL','/seller/order_refund.htm*'),(455,'2015-02-26 14:59:51','\0',NULL,'卖家退货',0,'URL','/seller/order_return.htm*'),(456,'2015-02-26 14:59:51','\0',NULL,'打印订单',0,'URL','/seller/order_print.htm*'),(457,'2015-02-26 14:59:51','\0',NULL,'买家退货申请详情',0,'URL','/seller/seller_order_return_apply_view.htm*'),(458,'2015-02-26 14:59:51','\0',NULL,'支付方式列表',0,'URL','/seller/payment.htm*'),(459,'2015-02-26 14:59:52','\0',NULL,'支付方式编辑',0,'URL','/seller/payment_edit.htm*'),(460,'2015-02-26 14:59:52','\0',NULL,'支付方式保存',0,'URL','/seller/payment_save.htm*'),(461,'2015-02-26 14:59:52','\0',NULL,'支付方式安装',0,'URL','/seller/payment_install.htm*'),(462,'2015-02-26 14:59:52','\0',NULL,'支付方式卸载',0,'URL','/seller/payment_uninstall.htm*'),(463,'2015-02-26 14:59:52','\0',NULL,'卖家运费模板列表',0,'URL','/seller/transport_list.htm*'),(464,'2015-02-26 14:59:52','\0',NULL,'卖家运费模板编辑',0,'URL','/seller/transport_edit.htm*'),(465,'2015-02-26 14:59:52','\0',NULL,'卖家运费模板复制',0,'URL','/seller/transport_copy.htm*'),(466,'2015-02-26 14:59:52','\0',NULL,'卖家运费模板保存',0,'URL','/seller/transport_save.htm*'),(467,'2015-02-26 14:59:52','\0',NULL,'卖家运费模板保存成功',0,'URL','/seller/transport_success.htm*'),(468,'2015-02-26 14:59:52','\0',NULL,'卖家运费模板详细信息',0,'URL','/seller/transport_info.htm*'),(469,'2015-02-26 14:59:53','\0',NULL,'卖家运费模板区域编辑',0,'URL','/seller/transport_area.htm*'),(470,'2015-02-26 14:59:53','\0',NULL,'卖家运费模板删除',0,'URL','/seller/transport_del.htm*'),(471,'2015-02-26 14:59:53','\0',NULL,'卖家运费模板添加',0,'URL','/seller/transport_add.htm*'),(472,'2015-02-26 14:59:53','\0',NULL,'店铺升级',0,'URL','/seller/store_grade.htm*'),(473,'2015-02-26 14:59:53','\0',NULL,'申请店铺第一步',0,'URL','/seller/store_create_first.htm*'),(474,'2015-02-26 14:59:53','\0',NULL,'申请店铺第二步',0,'URL','/seller/store_create_second.htm*'),(475,'2015-02-26 14:59:53','\0',NULL,'申请店铺完成',0,'URL','/seller/store_create_finish.htm*'),(476,'2015-02-26 14:59:53','\0',NULL,'店铺设置保存',0,'URL','/seller/store_set_save.htm*'),(477,'2015-02-26 14:59:53','\0',NULL,'店铺地图保存',0,'URL','/seller/store_map_save.htm*'),(478,'2015-02-26 14:59:54','\0',NULL,'主题设置',0,'URL','/seller/store_theme_save.htm*'),(479,'2015-02-26 14:59:54','\0',NULL,'店铺认证保存',0,'URL','/seller/store_approve_save.htm*'),(480,'2015-02-26 14:59:54','\0',NULL,'店铺升级申请完成',0,'URL','/seller/store_grade_finish.htm*'),(481,'2015-02-26 14:59:54','\0',NULL,'店铺幻灯保存',0,'URL','/seller/store_slide_save.htm*'),(482,'2015-02-26 14:59:54','\0',NULL,'店铺设置',0,'URL','/seller/store_set.htm*'),(483,'2015-02-26 14:59:54','\0',NULL,'店铺地图',0,'URL','/seller/store_map.htm*'),(484,'2015-02-26 14:59:54','\0',NULL,'主题设置',0,'URL','/seller/store_theme.htm*'),(485,'2015-02-26 14:59:54','\0',NULL,'店铺认证',0,'URL','/seller/store_approve.htm*'),(486,'2015-02-26 14:59:54','\0',NULL,'店铺幻灯',0,'URL','/seller/store_slide.htm*'),(487,'2015-02-26 14:59:54','\0',NULL,'子账户列表',0,'URL','/seller/sub_account_list.htm*'),(488,'2015-02-26 14:59:55','\0',NULL,'子账户添加',0,'URL','/seller/sub_account_add.htm*'),(489,'2015-02-26 14:59:55','\0',NULL,'子账户编辑',0,'URL','/seller/sub_account_edit.htm*'),(490,'2015-02-26 14:59:55','\0',NULL,'子账户保存',0,'URL','/seller/sub_account_save.htm*'),(491,'2015-02-26 14:59:55','\0',NULL,'子账户删除',0,'URL','/seller/sub_account_del.htm*'),(492,'2015-02-26 14:59:55','\0',NULL,'卖家导航编辑',0,'URL','/seller/store_nav_edit.htm*'),(493,'2015-02-26 14:59:55','\0',NULL,'卖家导航保存',0,'URL','/seller/store_nav_save.htm*'),(494,'2015-02-26 14:59:55','\0',NULL,'卖家导航删除',0,'URL','/seller/store_nav_del.htm*'),(495,'2015-02-26 14:59:55','\0',NULL,'卖家导航添加',0,'URL','/seller/store_nav_add.htm*'),(496,'2015-02-26 14:59:55','\0',NULL,'卖家导航管理',0,'URL','/seller/store_nav.htm*'),(497,'2015-02-26 14:59:55','\0',NULL,'卖家合作伙伴添加',0,'URL','/seller/store_partner_add.htm*'),(498,'2015-02-26 14:59:55','\0',NULL,'卖家合作伙伴编辑',0,'URL','/seller/store_partner_edit.htm*'),(499,'2015-02-26 14:59:56','\0',NULL,'卖家合作伙伴保存',0,'URL','/seller/store_partner_save.htm*'),(500,'2015-02-26 14:59:56','\0',NULL,'卖家合作伙伴删除',0,'URL','/seller/store_partner_del.htm*'),(501,'2015-02-26 14:59:56','\0',NULL,'卖家合作伙伴列表',0,'URL','/seller/store_partner.htm*'),(502,'2015-02-26 14:59:56','\0',NULL,'卖家退款列表',0,'URL','/seller/refund.htm*'),(503,'2015-02-26 14:59:56','\0',NULL,'卖家退款列表',0,'URL','/seller/refund_view.htm*'),(504,'2015-02-26 14:59:56','\0',NULL,'卖家退货列表',0,'URL','/seller/goods_return.htm*'),(505,'2015-02-26 14:59:56','\0',NULL,'卖家退款列表',0,'URL','/seller/return_view.htm*'),(506,'2015-02-26 14:59:56','\0',NULL,'卖家查看投诉详情',0,'URL','/seller/complaint_view.htm*'),(507,'2015-02-26 14:59:56','\0',NULL,'卖家被投诉列表',0,'URL','/seller/complaint.htm*'),(508,'2015-02-26 14:59:56','\0',NULL,'卖家查看投诉详情',0,'URL','/seller/complaint_appeal.htm*'),(509,'2015-02-26 14:59:57','\0',NULL,'卖家投诉发起',0,'URL','/seller/complaint_handle.htm*'),(510,'2015-02-26 14:59:57','\0',NULL,'卖家咨询列表',0,'URL','/seller/consult.htm*'),(511,'2015-02-26 14:59:57','\0',NULL,'卖家咨询回复保存',0,'URL','/seller/consult_reply_save.htm*'),(512,'2015-02-26 14:59:57','\0',NULL,'卖家咨询回复',0,'URL','/seller/consult_reply.htm*'),(513,'2015-02-26 14:59:57','\0',NULL,'卖家咨询删除',0,'URL','/seller/consult_del.htm*'),(514,'2015-02-26 14:59:57','\0',NULL,'直通车申请列表',0,'URL','/seller/ztc_apply_list.htm*'),(515,'2015-02-26 14:59:57','\0',NULL,'直通车申请查看',0,'URL','/seller/ztc_apply_view.htm*'),(516,'2015-02-26 14:59:57','\0',NULL,'直通车申请保存',0,'URL','/seller/ztc_apply_save.htm*'),(517,'2015-02-26 14:59:57','\0',NULL,'直通车商品加载',0,'URL','/seller/ztc_goods.htm*'),(518,'2015-02-26 14:59:57','\0',NULL,'直通车申请',0,'URL','/seller/ztc_apply.htm*'),(519,'2015-02-26 14:59:58','\0',NULL,'直通车商品列表',0,'URL','/seller/ztc_list.htm*'),(520,'2015-02-26 14:59:58','\0',NULL,'申请参加活动',0,'URL','/seller/activity_apply.htm*'),(521,'2015-02-26 14:59:58','\0',NULL,'活动商品加载',0,'URL','/seller/activity_goods.htm*'),(522,'2015-02-26 14:59:58','\0',NULL,'申请参加活动',0,'URL','/seller/activity_apply_save.htm*'),(523,'2015-02-26 14:59:58','\0',NULL,'活动列表',0,'URL','/seller/activity.htm*'),(524,'2015-02-26 14:59:58','\0',NULL,'活动商品列表',0,'URL','/seller/activity_goods_list.htm*'),(525,'2015-02-26 14:59:58','\0',NULL,'卖家团购列表',0,'URL','/seller/group.htm*'),(526,'2015-02-26 14:59:58','\0',NULL,'卖家团购添加',0,'URL','/seller/group_add.htm*'),(527,'2015-02-26 14:59:58','\0',NULL,'卖家团购编辑',0,'URL','/seller/group_edit.htm*'),(528,'2015-02-26 14:59:58','\0',NULL,'团购商品删除',0,'URL','/seller/group_del.htm*'),(529,'2015-02-26 14:59:58','\0',NULL,'团购商品保存',0,'URL','/seller/group_goods_save.htm*'),(530,'2015-02-26 14:59:59','\0',NULL,'卖家团购商品',0,'URL','/seller/group_goods.htm*'),(531,'2015-02-26 14:59:59','\0',NULL,'今日特价',0,'URL','/seller/bargain.htm*'),(532,'2015-02-26 14:59:59','\0',NULL,'商品保存',0,'URL','/seller/bargain_apply_save.htm*'),(533,'2015-02-26 14:59:59','\0',NULL,'商品保存成功',0,'URL','/seller/bargain_apply_success.htm*'),(534,'2015-02-26 14:59:59','\0',NULL,'商品保存失败',0,'URL','/seller/bargain_apply_error.htm*'),(535,'2015-02-26 14:59:59','\0',NULL,'特价商品列表',0,'URL','/seller/bargain_goods_list.htm*'),(536,'2015-02-26 14:59:59','\0',NULL,'添加商品',0,'URL','/seller/bargain_goods.htm*'),(537,'2015-02-26 14:59:59','\0',NULL,'申请今日特价',0,'URL','/seller/bargain_apply.htm*'),(538,'2015-02-26 15:00:00','\0',NULL,'买就送套餐购买保存',0,'URL','/seller/delivery_buy_save.htm*'),(539,'2015-02-26 15:00:00','\0',NULL,'买就送套餐购买成功',0,'URL','/seller/delivery_buy_success.htm*'),(540,'2015-02-26 15:00:00','\0',NULL,'买就送套餐购买失败',0,'URL','/seller/delivery_buy_error.htm*'),(541,'2015-02-26 15:00:00','\0',NULL,'申请买就送',0,'URL','/seller/delivery_apply.htm*'),(542,'2015-02-26 15:00:00','\0',NULL,'加载买就送商品',0,'URL','/seller/delivery_goods.htm*'),(543,'2015-02-26 15:00:00','\0',NULL,'买就送商品保存',0,'URL','/seller/delivery_apply_save.htm*'),(544,'2015-02-26 15:00:00','\0',NULL,'买就送删除',0,'URL','/seller/delivery_del.htm*'),(545,'2015-02-26 15:00:00','\0',NULL,'买就送套餐购买',0,'URL','/seller/delivery_buy.htm*'),(546,'2015-02-26 15:00:00','\0',NULL,'买就送',0,'URL','/seller/delivery.htm*'),(547,'2015-02-26 15:00:00','\0',NULL,'买就送套餐购买日志',0,'URL','/seller/delivery_log.htm*'),(548,'2015-02-26 15:00:00','\0',NULL,'金币兑换',0,'URL','/seller/gold_record.htm*'),(549,'2015-02-26 15:00:01','\0',NULL,'兑换日志',0,'URL','/seller/gold_log.htm*'),(550,'2015-02-26 15:00:01','\0',NULL,'金币兑换',0,'URL','/seller/gold_record_list.htm*'),(551,'2015-02-26 15:00:01','\0',NULL,'金币兑换保存',0,'URL','/buyer/gold_record_save.htm*'),(552,'2015-02-26 15:00:01','\0',NULL,'金币兑换支付',0,'URL','/seller/gold_pay.htm*'),(553,'2015-02-26 15:00:01','\0',NULL,'金币兑换详情',0,'URL','/seller/gold_view.htm*'),(554,'2015-02-26 15:00:01','\0',NULL,'广告列表',0,'URL','/seller/advert_list.htm*'),(555,'2015-02-26 15:00:01','\0',NULL,'广告购买保存',0,'URL','/seller/advert_apply_save.htm*'),(556,'2015-02-26 15:00:01','\0',NULL,'广告编辑',0,'URL','/seller/advert_apply_edit.htm*'),(557,'2015-02-26 15:00:01','\0',NULL,'广告购买保存',0,'URL','/seller/advert_delay_save.htm*'),(558,'2015-02-26 15:00:01','\0',NULL,'我的广告',0,'URL','/seller/advert_my.htm*'),(559,'2015-02-26 15:00:02','\0',NULL,'广告购买',0,'URL','/seller/advert_apply.htm*'),(560,'2015-02-26 15:00:02','\0',NULL,'广告延时',0,'URL','/seller/advert_delay.htm*'),(561,'2015-02-26 15:00:02','\0',NULL,'图片水印保存',0,'URL','/seller/watermark_save.htm*'),(562,'2015-02-26 15:00:02','\0',NULL,'图片水印',0,'URL','/seller/watermark.htm*'),(563,'2015-02-26 15:00:02','\0',NULL,'相册列表',0,'URL','/seller/album.htm*'),(564,'2015-02-26 15:00:02','\0',NULL,'相册转移',0,'URL','/seller/album_transfer.htm*'),(565,'2015-02-26 15:00:02','\0',NULL,'图片转移相册',0,'URL','/seller/album_transfer_save.htm*'),(566,'2015-02-26 15:00:02','\0',NULL,'图片转移相册',0,'URL','/seller/album_watermark.htm*'),(567,'2015-02-26 15:00:02','\0',NULL,'新增相册',0,'URL','/seller/album_add.htm*'),(568,'2015-02-26 15:00:02','\0',NULL,'图片列表',0,'URL','/seller/album_image.htm*'),(569,'2015-02-26 15:00:02','\0',NULL,'相册保存',0,'URL','/seller/album_save.htm*'),(570,'2015-02-26 15:00:03','\0',NULL,'图片上传',0,'URL','/seller/album_upload.htm*'),(571,'2015-02-26 15:00:03','\0',NULL,'相册封面设置',0,'URL','/seller/album_cover.htm*'),(572,'2015-02-26 15:00:03','\0',NULL,'新增相册',0,'URL','/seller/album_edit.htm*'),(573,'2015-02-26 15:00:03','\0',NULL,'相册删除',0,'URL','/seller/album_del.htm*'),(574,'2015-02-26 15:00:03','\0',NULL,'图片幻灯查看',0,'URL','/seller/image_slide.htm*'),(575,'2015-02-26 15:00:03','\0',NULL,'相册内图片删除',0,'URL','/seller/album_img_del.htm*'),(576,'2015-02-26 15:00:03','\0',NULL,'卖家中心',0,'URL','/seller/index.htm*'),(577,'2015-02-26 15:00:03','\0',NULL,'卖家中心导航',0,'URL','/seller/nav.htm*'),(578,'2015-02-26 15:00:03','\0',NULL,'卖家中心快捷功能设置',0,'URL','/seller/store_quick_menu.htm*'),(579,'2015-02-26 15:00:03','\0',NULL,'卖家中心快捷功能设置保存',0,'URL','/seller/store_quick_menu_save.htm*'),(580,'2015-02-26 15:00:03','\0',NULL,'卖家中心导航',0,'URL','/seller/head.htm*'),(581,'2015-02-26 15:00:04','\0',NULL,'卖家品牌列表',0,'URL','/seller/usergoodsbrand_list.htm*'),(582,'2015-02-26 15:00:04','\0',NULL,'卖家品牌申请',0,'URL','/seller/usergoodsbrand_add.htm*'),(583,'2015-02-26 15:00:04','\0',NULL,'卖家品牌编辑',0,'URL','/seller/usergoodsbrand_edit.htm*'),(584,'2015-02-26 15:00:04','\0',NULL,'卖家品牌删除',0,'URL','/seller/usergoodsbrand_dele.htm*'),(585,'2015-02-26 15:00:04','\0',NULL,'卖家品牌保存',0,'URL','/seller/usergoodsbrand_save.htm*'),(586,'2015-02-26 15:00:04','\0',NULL,'闲置商品列表',0,'URL','/seller/spare_goods.htm*'),(587,'2015-02-26 15:00:04','\0',NULL,'发布闲置商品',0,'URL','/seller/add_spare_goods.htm*'),(588,'2015-02-26 15:00:04','\0',NULL,'闲置商品信息编辑',0,'URL','/seller/spare_goods_edit.htm*'),(589,'2015-02-26 15:00:04','\0',NULL,'闲置商品信息删除',0,'URL','/seller/spare_goods_dele.htm*'),(590,'2015-02-26 15:00:04','\0',NULL,'闲置商品下架上架操作',0,'URL','/seller/spare_goods_updown.htm*'),(591,'2015-02-26 15:00:04','\0',NULL,'闲置商品保存',0,'URL','/seller/spare_goods_save.htm*'),(592,'2015-02-26 15:00:05','\0',NULL,'闲置商品发布页Ajax加载下级地区信息',0,'URL','/seller/sparegoods_area_data.htm*'),(593,'2015-02-26 15:00:05','\0',NULL,'图片删除',0,'URL','/seller/sparegoods_removeimg.htm*'),(594,'2015-02-26 15:00:05','\0',NULL,'加载商品',0,'URL','/seller/combin_goods.htm*'),(595,'2015-02-26 15:00:05','\0',NULL,'组合销售套餐购买保存',0,'URL','/seller/combin_buy_save.htm*'),(596,'2015-02-26 15:00:05','\0',NULL,'组合销售套餐购买成功',0,'URL','/seller/combin_buy_success.htm*'),(597,'2015-02-26 15:00:05','\0',NULL,'组合销售套餐购买失败',0,'URL','/seller/combin_buy_error.htm*'),(598,'2015-02-26 15:00:05','\0',NULL,'组合销售',0,'URL','/seller/combin.htm*'),(599,'2015-02-26 15:00:05','\0',NULL,'申请组合销售',0,'URL','/seller/combin_apply.htm*'),(600,'2015-02-26 15:00:05','\0',NULL,'组合销售购买日志',0,'URL','/seller/combin_log.htm*'),(601,'2015-02-26 15:00:05','\0',NULL,'组合销售保存',0,'URL','/seller/combin_save.htm*'),(602,'2015-02-26 15:00:06','\0',NULL,'销售组合编辑',0,'URL','/seller/combin_edit.htm*'),(603,'2015-02-26 15:00:06','\0',NULL,'组合销售删除',0,'URL','/seller/combin_del.htm*'),(604,'2015-02-26 15:00:06','\0',NULL,'组合销售套餐购买',0,'URL','/seller/combin_buy.htm*'),(605,'2015-02-26 15:00:06','\0',NULL,'微信商城数据保存',0,'URL','/seller/weixin_store_save.htm*'),(606,'2015-02-26 15:00:06','\0',NULL,'微信商城',0,'URL','/seller/weixin_store_buy.htm*'),(607,'2015-02-26 15:00:06','\0',NULL,'微信商城购买保存',0,'URL','/seller/weixin_store_buy_save.htm*'),(608,'2015-02-26 15:00:06','\0',NULL,'微信商城购买成功',0,'URL','/seller/weixin_store_buy_success.htm*'),(609,'2015-02-26 15:00:06','\0',NULL,'微信商城购买失败',0,'URL','/seller/weixin_store_buy_error.htm*'),(610,'2015-02-26 15:00:06','\0',NULL,'微信商城购买日志',0,'URL','/seller/weixin_store_log.htm*'),(611,'2015-02-26 15:00:06','\0',NULL,'微信商城菜单配置页面',0,'URL','/seller/weixin_store_menu.htm*'),(612,'2015-02-26 15:00:07','\0',NULL,'微信商城菜单配置',0,'URL','/seller/weixin_store_menu_add.htm*'),(613,'2015-02-26 15:00:07','\0',NULL,'微信商城菜单保存',0,'URL','/seller/weixin_store_menu_save.htm*'),(614,'2015-02-26 15:00:07','\0',NULL,'微信商城菜单删除',0,'URL','/seller/weixin_store_menu_delete.htm*'),(615,'2015-02-26 15:00:07','\0',NULL,'微信菜单创建',0,'URL','/seller/weixin_store_menu_create.htm*'),(616,'2015-02-26 15:00:07','\0',NULL,'微信商城',0,'URL','/seller/weixin_store.htm*'),(617,'2015-02-26 15:00:07','\0',NULL,'微信消息',0,'URL','/seller/weixin_msg.htm*'),(618,'2015-02-26 15:00:07','\0',NULL,'买家中心',0,'URL','/buyer/index.htm*'),(619,'2015-02-26 15:00:07','\0',NULL,'买家中心导航',0,'URL','/buyer/head.htm*'),(620,'2015-02-26 15:00:07','\0',NULL,'买家中心导航',0,'URL','/buyer/nav.htm*'),(621,'2015-02-26 15:00:07','\0',NULL,'删除动态',0,'URL','/buyer/dynamic_del.htm*'),(622,'2015-02-26 15:00:08','\0',NULL,'ajax回复保存方法',0,'URL','/buyer/dynamic_ajax_reply.htm*'),(623,'2015-02-26 15:00:08','\0',NULL,'ajax赞动态方法',0,'URL','/buyer/dynamic_ajax_praise.htm*'),(624,'2015-02-26 15:00:08','\0',NULL,'ajax转发动态保存方法',0,'URL','/buyer/dynamic_ajax_turn.htm*'),(625,'2015-02-26 15:00:08','\0',NULL,'删除动态下方自己发布的评论',0,'URL','/buyer/dynamic_reply_del.htm*'),(626,'2015-02-26 15:00:08','\0',NULL,'用户分享收藏店铺列表',0,'URL','/buyer/fav_store_list.htm*'),(627,'2015-02-26 15:00:08','\0',NULL,'用户分享收藏店铺ajax列表',0,'URL','/buyer/fav_store_list_ajax.htm*'),(628,'2015-02-26 15:00:08','\0',NULL,'用户分享收藏商品列表',0,'URL','/buyer/fav_goods_list.htm*'),(629,'2015-02-26 15:00:08','\0',NULL,'用户分享收藏商品ajax列表',0,'URL','/buyer/fav_goods_list_ajax.htm*'),(630,'2015-02-26 15:00:08','\0',NULL,'动态发布保存',0,'URL','/buyer/dynamic_save.htm*'),(631,'2015-02-26 15:00:08','\0',NULL,'个人信息获取下级地区ajax',0,'URL','/buyer/account_getAreaChilds.htm*'),(632,'2015-02-26 15:00:09','\0',NULL,'密码修改',0,'URL','/buyer/account_password.htm*'),(633,'2015-02-26 15:00:09','\0',NULL,'密码修改保存',0,'URL','/buyer/account_password_save.htm*'),(634,'2015-02-26 15:00:09','\0',NULL,'邮箱修改保存',0,'URL','/buyer/account_email_save.htm*'),(635,'2015-02-26 15:00:09','\0',NULL,'图像修改',0,'URL','/buyer/account_avatar.htm*'),(636,'2015-02-26 15:00:09','\0',NULL,'手机号码修改',0,'URL','/buyer/account_mobile.htm*'),(637,'2015-02-26 15:00:09','\0',NULL,'手机号码保存',0,'URL','/buyer/account_mobile_save.htm*'),(638,'2015-02-26 15:00:09','\0',NULL,'手机短信发送',0,'URL','/buyer/account_mobile_sms.htm*'),(639,'2015-02-26 15:00:09','\0',NULL,'好友管理',0,'URL','/buyer/friend.htm*'),(640,'2015-02-26 15:00:10','\0',NULL,'好友添加',0,'URL','/buyer/friend_add_save.htm*'),(641,'2015-02-26 15:00:10','\0',NULL,'账号解除绑定',0,'URL','/buyer/account_bind_cancel.htm*'),(642,'2015-02-26 15:00:10','\0',NULL,'个人信息导航',0,'URL','/buyer/account_nav.htm*'),(643,'2015-02-26 15:00:10','\0',NULL,'个人信息',0,'URL','/buyer/account.htm*'),(644,'2015-02-26 15:00:10','\0',NULL,'个人信息保存',0,'URL','/buyer/account_save.htm*'),(645,'2015-02-26 15:00:10','\0',NULL,'邮箱修改',0,'URL','/buyer/account_email.htm*'),(646,'2015-02-26 15:00:10','\0',NULL,'图像上传',0,'URL','/buyer/upload_avatar.htm*'),(647,'2015-02-26 15:00:10','\0',NULL,'好友添加',0,'URL','/buyer/friend_add.htm*'),(648,'2015-02-26 15:00:10','\0',NULL,'搜索用户',0,'URL','/buyer/account_friend_search.htm*'),(649,'2015-02-26 15:00:11','\0',NULL,'好友删除',0,'URL','/buyer/friend_del.htm*'),(650,'2015-02-26 15:00:11','\0',NULL,'账号绑定',0,'URL','/buyer/account_bind.htm*'),(651,'2015-02-26 15:00:11','\0',NULL,'站内短信',0,'URL','/buyer/message.htm*'),(652,'2015-02-26 15:00:11','\0',NULL,'站内短信保存',0,'URL','/buyer/message_save.htm*'),(653,'2015-02-26 15:00:11','\0',NULL,'站内短信回复',0,'URL','/buyer/message_reply.htm*'),(654,'2015-02-26 15:00:11','\0',NULL,'站内短信查看',0,'URL','/buyer/message_info.htm*'),(655,'2015-02-26 15:00:11','\0',NULL,'站内短信发送',0,'URL','/buyer/message_send.htm*'),(656,'2015-02-26 15:00:11','\0',NULL,'站内短信删除',0,'URL','/buyer/message_del.htm*'),(657,'2015-02-26 15:00:11','\0',NULL,'收货地址列表',0,'URL','/buyer/address.htm*'),(658,'2015-02-26 15:00:12','\0',NULL,'新增收货地址',0,'URL','/buyer/address_edit.htm*'),(659,'2015-02-26 15:00:12','\0',NULL,'收货地址保存',0,'URL','/buyer/address_save.htm*'),(660,'2015-02-26 15:00:12','\0',NULL,'收货地址删除',0,'URL','/buyer/address_del.htm*'),(661,'2015-02-26 15:00:12','\0',NULL,'新增收货地址',0,'URL','/buyer/address_add.htm*'),(662,'2015-02-26 15:00:12','\0',NULL,'用户商品收藏',0,'URL','/buyer/favorite_goods.htm*'),(663,'2015-02-26 15:00:12','\0',NULL,'用户店铺收藏',0,'URL','/buyer/favorite_store.htm*'),(664,'2015-02-26 15:00:12','\0',NULL,'用户收藏删除',0,'URL','/buyer/favorite_del.htm*'),(665,'2015-02-26 15:00:12','\0',NULL,'买家举报列表',0,'URL','/buyer/report.htm*'),(666,'2015-02-26 15:00:12','\0',NULL,'买家举报商品',0,'URL','/buyer/report_add.htm*'),(667,'2015-02-26 15:00:12','\0',NULL,'保存买家举报商品',0,'URL','/buyer/report_save.htm*'),(668,'2015-02-26 15:00:13','\0',NULL,'买家举报详情',0,'URL','/buyer/report_view.htm*'),(669,'2015-02-26 15:00:13','\0',NULL,'买家取消举报',0,'URL','/buyer/report_cancel.htm*'),(670,'2015-02-26 15:00:13','\0',NULL,'买家订单列表',0,'URL','/buyer/order.htm*'),(671,'2015-02-26 15:00:13','\0',NULL,'买家订单详情',0,'URL','/buyer/order_view.htm*'),(672,'2015-02-26 15:00:13','\0',NULL,'订单取消',0,'URL','/buyer/order_cancel_save.htm*'),(673,'2015-02-26 15:00:13','\0',NULL,'收货确认保存',0,'URL','/buyer/order_cofirm_save.htm*'),(674,'2015-02-26 15:00:13','\0',NULL,'买家评价',0,'URL','/buyer/order_evaluate.htm*'),(675,'2015-02-26 15:00:13','\0',NULL,'买家评价保存',0,'URL','/buyer/order_evaluate_save.htm*'),(676,'2015-02-26 15:00:13','\0',NULL,'买家物流详情',0,'URL','/buyer/ship_view.htm*'),(677,'2015-02-26 15:00:14','\0',NULL,'虚拟商品信息',0,'URL','/buyer/order_seller_intro.htm*'),(678,'2015-02-26 15:00:14','\0',NULL,'买家退货申请',0,'URL','/buyer/order_return_apply.htm*'),(679,'2015-02-26 15:00:14','\0',NULL,'买家退货申请保存',0,'URL','/buyer/order_return_apply_save.htm*'),(680,'2015-02-26 15:00:14','\0',NULL,'买家退货物流信息',0,'URL','/buyer/order_return_ship.htm*'),(681,'2015-02-26 15:00:14','\0',NULL,'买家退货物流信息保存',0,'URL','/buyer/order_return_ship_save.htm*'),(682,'2015-02-26 15:00:14','\0',NULL,'订单取消',0,'URL','/buyer/order_cancel.htm*'),(683,'2015-02-26 15:00:14','\0',NULL,'收货确认',0,'URL','/buyer/order_cofirm.htm*'),(684,'2015-02-26 15:00:14','\0',NULL,'删除订单信息',0,'URL','/buyer/order_delete.htm*'),(685,'2015-02-26 15:00:14','\0',NULL,'物流跟踪查询',0,'URL','/buyer/query_ship.htm*'),(686,'2015-02-26 15:00:14','\0',NULL,'买家咨询列表',0,'URL','/buyer/consult.htm*'),(687,'2015-02-26 15:00:15','\0',NULL,'会员充值',0,'URL','/buyer/predeposit.htm*'),(688,'2015-02-26 15:00:15','\0',NULL,'会员充值支付',0,'URL','/buyer/predeposit_pay.htm*'),(689,'2015-02-26 15:00:15','\0',NULL,'会员收入明细',0,'URL','/buyer/predeposit_log.htm*'),(690,'2015-02-26 15:00:15','\0',NULL,'会员充值列表',0,'URL','/buyer/predeposit_list.htm*'),(691,'2015-02-26 15:00:15','\0',NULL,'会员充值详情',0,'URL','/buyer/predeposit_view.htm*'),(692,'2015-02-26 15:00:15','\0',NULL,'会员充值保存',0,'URL','/buyer/predeposit_save.htm*'),(693,'2015-02-26 15:00:15','\0',NULL,'提现管理保存',0,'URL','/buyer/buyer_cash_save.htm*'),(694,'2015-02-26 15:00:15','\0',NULL,'提现管理',0,'URL','/buyer/buyer_cash_list.htm*'),(695,'2015-02-26 15:00:15','\0',NULL,'会员提现详情',0,'URL','/buyer/buyer_cash_view.htm*'),(696,'2015-02-26 15:00:15','\0',NULL,'提现管理',0,'URL','/buyer/buyer_cash.htm*'),(697,'2015-02-26 15:00:16','\0',NULL,'投诉图片',0,'URL','/buyer/complaint_img.htm*'),(698,'2015-02-26 15:00:16','\0',NULL,'买家查看投诉详情',0,'URL','/buyer/complaint_view.htm*'),(699,'2015-02-26 15:00:16','\0',NULL,'发布投诉对话',0,'URL','/buyer/complaint_talk.htm*'),(700,'2015-02-26 15:00:16','\0',NULL,'买家投诉发起',0,'URL','/buyer/complaint_handle.htm*'),(701,'2015-02-26 15:00:16','\0',NULL,'买家投诉列表',0,'URL','/buyer/complaint_save.htm*'),(702,'2015-02-26 15:00:16','\0',NULL,'买家取消投诉',0,'URL','/buyer/complaint_cancel.htm*'),(703,'2015-02-26 15:00:16','\0',NULL,'申诉提交仲裁',0,'URL','/buyer/complaint_arbitrate.htm*'),(704,'2015-02-26 15:00:16','\0',NULL,'买家投诉列表',0,'URL','/buyer/complaint.htm*'),(705,'2015-02-26 15:00:16','\0',NULL,'积分兑换第一步',0,'URL','/integral_exchange1.htm*'),(706,'2015-02-26 15:00:16','\0',NULL,'积分兑换第二步',0,'URL','/integral_exchange2.htm*'),(707,'2015-02-26 15:00:17','\0',NULL,'积分兑换第三步',0,'URL','/integral_exchange3.htm*'),(708,'2015-02-26 15:00:17','\0',NULL,'积分订单支付',0,'URL','/integral_order_pay.htm*'),(709,'2015-02-26 15:00:17','\0',NULL,'订单线下支付',0,'URL','/integral_order_pay_outline.htm*'),(710,'2015-02-26 15:00:17','\0',NULL,'订单预付款支付',0,'URL','/integral_order_pay_balance.htm*'),(711,'2015-02-26 15:00:17','\0',NULL,'积分订单支付结果',0,'URL','/integral_order_finish.htm*'),(712,'2015-02-26 15:00:17','\0',NULL,'订单支付详情',0,'URL','/integral_order_pay_view.htm*'),(713,'2015-02-26 15:00:17','\0',NULL,'买家订单列表',0,'URL','/buyer/integral_order_list.htm*'),(714,'2015-02-26 15:00:17','\0',NULL,'确认收货',0,'URL','/buyer/integral_order_cofirm.htm*'),(715,'2015-02-26 15:00:17','\0',NULL,'确认收货保存',0,'URL','/buyer/integral_order_cofirm_save.htm*'),(716,'2015-02-26 15:00:18','\0',NULL,'积分订单详情',0,'URL','/buyer/integral_order_view.htm*'),(717,'2015-02-26 15:00:18','\0',NULL,'取消订单',0,'URL','/buyer/integral_order_cancel.htm*'),(718,'2015-02-26 15:00:18','\0',NULL,'个人主页删除动态',0,'URL','/buyer/homepage_dynamic_del.htm*'),(719,'2015-02-26 15:00:18','\0',NULL,'个人主页新鲜事加密',0,'URL','/buyer/homepage_dynamic_lock.htm*'),(720,'2015-02-26 15:00:18','\0',NULL,'个人主页添加关注',0,'URL','/buyer/homepage_add_attention.htm*'),(721,'2015-02-26 15:00:18','\0',NULL,'个人主页添加关注',0,'URL','/buyer/homepage_remove_attention.htm*'),(722,'2015-02-26 15:00:18','\0',NULL,'好友列表',0,'URL','/buyer/homepage/myfriends.htm*'),(723,'2015-02-26 15:00:18','\0',NULL,'关注列表',0,'URL','/buyer/homepage/myattention.htm*'),(724,'2015-02-26 15:00:19','\0',NULL,'关注列表',0,'URL','/buyer/homepage/myfans.htm*'),(725,'2015-02-26 15:00:19','\0',NULL,'最近访客',0,'URL','/buyer/homepage_visit.htm*'),(726,'2015-02-26 15:00:19','\0',NULL,'删除访客ajax',0,'URL','/buyer/homepage_visit_dele.htm*'),(727,'2015-02-26 15:00:19','\0',NULL,'查询已经购买宝贝和已经收藏宝贝',0,'URL','/buyer/homepage_query_goods.htm*'),(728,'2015-02-26 15:00:19','\0',NULL,'查询已经收藏店铺',0,'URL','/buyer/homepage_query_stores.htm*'),(729,'2015-02-26 15:00:19','\0',NULL,'查询已关注店铺ajax分页',0,'URL','/buyer/homepage_query_stores_ajax.htm*'),(730,'2015-02-26 15:00:19','\0',NULL,'个人主页添加关注',0,'URL','/buyer/homepage_goods_url_add.htm*'),(731,'2015-02-26 15:00:20','\0',NULL,'查询收藏宝贝ajax分页',0,'URL','/buyer/homepage_query_goods_favorite_ajax.htm*'),(732,'2015-02-26 15:00:20','\0',NULL,'查询已经购买宝贝ajax分页',0,'URL','/buyer/homepage_query_goods_order_ajax.htm*'),(733,'2015-02-26 15:00:20','\0',NULL,'个人主页',0,'URL','/buyer/homepage.htm*'),(734,'2015-02-26 15:00:20','\0',NULL,'个人主页头部',0,'URL','/buyer/homepage_head.htm*'),(735,'2015-02-26 15:00:20','\0',NULL,'买家优惠券列表',0,'URL','/buyer/coupon.htm*'),(736,'2015-02-26 15:00:20','\0',NULL,'微信用户惠券列表',0,'URL','/weixin/buyer/coupon.htm*'),(737,'2015-02-26 15:00:21','\0',NULL,'用户中心',0,'URL','/weixin/buyer/account.htm*'),(738,'2015-02-26 15:00:21','\0',NULL,'微信用户我的收藏',0,'URL','/weixin/buyer/favorite_goods.htm*'),(739,'2015-02-26 15:00:21','\0',NULL,'微信用户我的收藏',0,'URL','/weixin/buyer/favorite_goods_ajax.htm*'),(740,'2015-02-26 15:00:21','\0',NULL,'微信用户惠券列表ajax加载',0,'URL','/weixin/buyer/coupon_ajax.htm*'),(741,'2015-02-26 15:00:21','\0',NULL,'微信用户收货地址',0,'URL','/weixin/buyer/address.htm*'),(742,'2015-02-26 15:00:21','\0',NULL,'收货地址添加',0,'URL','/weixin/buyer/address_add.htm*'),(743,'2015-02-26 15:00:21','\0',NULL,'收货地址编辑',0,'URL','/weixin/buyer/address_edit.htm*'),(744,'2015-02-26 15:00:21','\0',NULL,'收货地址保存',0,'URL','/weixin/buyer/address_save.htm*'),(745,'2015-02-26 15:00:21','\0',NULL,'收货地址删除',0,'URL','/weixin/buyer/address_del.htm*'),(746,'2015-02-26 15:00:22','\0',NULL,'订单列表',0,'URL','/weixin/buyer/order.htm*'),(747,'2015-02-26 15:00:22','\0',NULL,'订单列表ajax加载',0,'URL','/weixin/buyer/order_ajax.htm*'),(748,'2015-02-26 15:00:22','\0',NULL,'订单详情',0,'URL','/weixin/buyer/order_view.htm*'),(749,'2015-02-26 15:00:22','\0',NULL,'订单取消',0,'URL','/weixin/buyer/order_cancel.htm*'),(750,'2015-02-26 15:00:22','\0',NULL,'订单取消',0,'URL','/weixin/buyer/order_cancel_save.htm*'),(751,'2015-02-26 15:00:22','\0',NULL,'收货确认保存',0,'URL','/weixin/buyer/order_cofirm_save.htm*'),(752,'2015-02-26 15:00:22','\0',NULL,'买家评价',0,'URL','/weixin/buyer/order_evaluate.htm*'),(753,'2015-02-26 15:00:22','\0',NULL,'买家评价保存',0,'URL','/weixin/buyer/order_evaluate_save.htm*'),(754,'2015-02-26 15:00:22','\0',NULL,'订单列表',0,'URL','/weixin/buyer/ship_view.htm*'),(755,'2015-02-26 15:00:22','\0',NULL,'订单支付详情',0,'URL','/order_pay_view.htm*'),(756,'2015-02-26 15:00:23','\0',NULL,'订单线下支付',0,'URL','/order_pay_outline.htm*'),(757,'2015-02-26 15:00:23','\0',NULL,'订单货到付款',0,'URL','/order_pay_payafter.htm*'),(758,'2015-02-26 15:00:23','\0',NULL,'订单预付款支付',0,'URL','/order_pay_balance.htm*'),(759,'2015-02-26 15:00:23','\0',NULL,'购物车中收货地址保存',0,'URL','/cart_address_save.htm*'),(760,'2015-02-26 15:00:23','\0',NULL,'订单支付结果',0,'URL','/order_finish.htm*'),(761,'2015-02-26 15:00:23','\0',NULL,'订单支付',0,'URL','/order_pay.htm*'),(762,'2015-02-26 15:00:23','\0',NULL,'查看购物车',0,'URL','/goods_cart1.htm*'),(763,'2015-02-26 15:00:23','\0',NULL,'确认购物车填写地址',0,'URL','/goods_cart2.htm*'),(764,'2015-02-26 15:00:23','\0',NULL,'完成订单提交进入支付',0,'URL','/goods_cart3.htm*'),(765,'2015-02-26 15:00:23','\0',NULL,'地址新增',0,'URL','/cart_address.htm*'),(766,'2015-02-26 15:00:24','\0',NULL,'地址切换',0,'URL','/order_address.htm*'),(767,'2015-02-26 15:00:24','\0',NULL,'购物车中收货地址保存',0,'URL','/weixin/cart_address_save.htm*'),(768,'2015-02-26 15:00:24','\0',NULL,'查看购物车',0,'URL','/weixin/goods_cart1.htm*'),(769,'2015-02-26 15:00:24','\0',NULL,'确认购物车填写地址',0,'URL','/weixin/goods_cart2.htm*'),(770,'2015-02-26 15:00:24','\0',NULL,'完成订单提交进入支付',0,'URL','/weixin/goods_cart3.htm*'),(771,'2015-02-26 15:00:24','\0',NULL,'订单支付详情',0,'URL','/weixin/order_pay_view.htm*'),(772,'2015-02-26 15:00:24','\0',NULL,'订单支付',0,'URL','/weixin/order_pay.htm*'),(773,'2015-02-26 15:00:24','\0',NULL,'订单线下支付',0,'URL','/weixin/order_pay_outline.htm*'),(774,'2015-02-26 15:00:24','\0',NULL,'订单预付款支付',0,'URL','/weixin/order_pay_balance.htm*'),(775,'2015-02-26 15:00:25','\0',NULL,'订单货到付款',0,'URL','/weixin/order_pay_payafter.htm*'),(776,'2015-02-26 15:00:25','\0',NULL,'订单支付结果',0,'URL','/weixin/order_finish.htm*'),(777,'2015-02-26 15:00:25','\0',NULL,'地址新增',0,'URL','/weixin/cart_address.htm*'),(778,'2015-02-26 15:00:25','\0',NULL,'地址切换',0,'URL','/weixin/order_address.htm*');

UNLOCK TABLES;

/*Table structure for table `shopping_return_gsp` */

DROP TABLE IF EXISTS `shopping_return_gsp`;

CREATE TABLE `shopping_return_gsp` (
  `item_id` bigint(20) NOT NULL,
  `gsp_id` bigint(20) NOT NULL,
  KEY `FK199D8ACF8468FF8` (`item_id`),
  KEY `FK199D8AC2F8BE734` (`gsp_id`),
  CONSTRAINT `FK199D8AC2F8BE734` FOREIGN KEY (`gsp_id`) REFERENCES `shopping_goodsspecproperty` (`id`),
  CONSTRAINT `FK199D8ACF8468FF8` FOREIGN KEY (`item_id`) REFERENCES `shopping_goods_returnitem` (`id`)
) ENGINE=InnoDB DEFAULT CHARSET=utf8;

/*Data for the table `shopping_return_gsp` */

LOCK TABLES `shopping_return_gsp` WRITE;

insert  into `shopping_return_gsp`(`item_id`,`gsp_id`) values (1,14),(1,32768);

UNLOCK TABLES;

/*Table structure for table `shopping_role` */

DROP TABLE IF EXISTS `shopping_role`;

CREATE TABLE `shopping_role` (
  `id` bigint(20) NOT NULL AUTO_INCREMENT,
  `addTime` datetime DEFAULT NULL,
  `deleteStatus` bit(1) NOT NULL,
  `display` bit(1) NOT NULL,
  `info` varchar(255) DEFAULT NULL,
  `roleCode` varchar(255) DEFAULT NULL,
  `roleName` varchar(255) DEFAULT NULL,
  `sequence` int(11) NOT NULL,
  `type` varchar(255) DEFAULT NULL,
  `rg_id` bigint(20) DEFAULT NULL,
  PRIMARY KEY (`id`),
  KEY `FK9DBEE8ED10A75EE6` (`rg_id`),
  CONSTRAINT `FK9DBEE8ED10A75EE6` FOREIGN KEY (`rg_id`) REFERENCES `shopping_rolegroup` (`id`)
) ENGINE=InnoDB AUTO_INCREMENT=110 DEFAULT CHARSET=utf8;

/*Data for the table `shopping_role` */

LOCK TABLES `shopping_role` WRITE;

insert  into `shopping_role`(`id`,`addTime`,`deleteStatus`,`display`,`info`,`roleCode`,`roleName`,`sequence`,`type`,`rg_id`) values (1,'2015-02-26 14:59:21','\0','\0',NULL,'ROLE_ADMIN_INDEX','商城后台管理',0,'ADMIN',1),(2,'2015-02-26 14:59:09','\0','',NULL,'ROLE_ADMIN_SET_SITE','站点设置',0,'ADMIN',1),(3,'2015-02-26 14:59:09','\0','',NULL,'ROLE_ADMIN_SET_IMAGE','上传设置',0,'ADMIN',1),(4,'2015-02-26 14:59:09','\0','',NULL,'ROLE_ADMIN_SET_EMAIL','Email设置',0,'ADMIN',1),(5,'2015-02-26 14:59:09','\0','',NULL,'ROLE_ADMIN_SET_SMS','短信设置',0,'ADMIN',1),(6,'2015-02-26 14:59:09','\0','',NULL,'ROLE_ADMIN_SET_SEO','SEO设置',0,'ADMIN',1),(7,'2015-02-26 14:59:10','\0','',NULL,'ROLE_ADMIN_SET_SECOND_DOMAIN','二级域名设置',0,'ADMIN',1),(8,'2015-02-26 14:59:10','\0','',NULL,'ROLE_ADMIN_SET_FENRUN','分润管理',0,'ADMIN',1),(9,'2015-02-26 14:59:10','\0','\0',NULL,'ROLE_ADMIN_CONFIG_SAVE','保存商城配置',0,'ADMIN',1),(10,'2015-02-26 14:59:10','\0','',NULL,'ROLE_ADMIN_SET_WEBSITECSS','Email设置',0,'ADMIN',1),(11,'2015-02-26 14:59:10','\0','',NULL,'ROLE_PAYMENT_SET','支付方式',0,'ADMIN',1),(12,'2015-02-26 14:59:11','\0','',NULL,'ROLE_TEMPLATE_SET','通知模板',0,'ADMIN',1),(13,'2015-02-26 14:59:11','\0','',NULL,'ROLE_ADMIN_AREA_SET','常用地区',0,'ADMIN',1),(14,'2015-02-26 14:59:12','\0','',NULL,'ROLE_ADMIN_TRANS_AREA','运费区域',0,'ADMIN',1),(15,'2015-02-26 14:59:12','\0','',NULL,'ROLE_ADMIN_GOODS','商品管理',0,'ADMIN',2),(16,'2015-02-26 14:59:36','\0','',NULL,'ROLE_GOODS_CLASS','分类管理',0,'ADMIN',2),(17,'2015-02-26 14:59:14','\0','',NULL,'ROLE_GOODS_BRAND','品牌管理',0,'ADMIN',2),(18,'2015-02-26 14:59:14','\0','',NULL,'ROLE_GOODS_TYPE','类型管理',0,'ADMIN',2),(19,'2015-02-26 14:59:15','\0','',NULL,'ROLE_GOODS_SPEC','规格管理',0,'ADMIN',2),(20,'2015-02-26 14:59:15','\0','',NULL,'ROLE_SPAREGOODS_ADMIN','闲置商品',0,'ADMIN',3),(21,'2015-02-26 14:59:16','\0','',NULL,'ROLE_SPAREGOODS_CLASS_ADMIN','闲置分类',0,'ADMIN',3),(22,'2015-02-26 14:59:18','\0','',NULL,'ROLE_ADMIN_STORE_SET','店铺管理',0,'ADMIN',4),(23,'2015-02-26 14:59:17','\0','',NULL,'ROLE_ADMIN_STORE_BASE','基本设置',0,'ADMIN',4),(24,'2015-02-26 14:59:17','\0','',NULL,'ROLE_ADMIN_STORE_TEMPLATE','店铺模板',0,'ADMIN',4),(25,'2015-02-26 14:59:18','\0','',NULL,'ROLE_STORE_GRADE','店铺等级',0,'ADMIN',4),(26,'2015-02-26 14:59:19','\0','',NULL,'ROLE_STORE_CLASS','店铺分类',0,'ADMIN',4),(27,'2015-02-26 14:59:44','\0','',NULL,'ROLE_USER_MANAGE','会员管理',0,'ADMIN',5),(28,'2015-02-26 14:59:19','\0','',NULL,'ROLE_USER_CREDITRULE','会员信用',0,'ADMIN',5),(29,'2015-02-26 14:59:20','\0','',NULL,'ROLE_USER_MSG','会员通知',0,'ADMIN',5),(30,'2015-02-26 14:59:20','\0','',NULL,'ROLE_PREDEPOSIT','预存款管理',0,'ADMIN',5),(31,'2015-02-26 14:59:21','\0','',NULL,'ROLE_ADMIN_MANAGE','管理员管理',0,'ADMIN',1),(32,'2015-02-26 14:59:21','\0','',NULL,'ROLE_ORDER_ADMIN','订单管理',0,'ADMIN',6),(33,'2015-02-26 14:59:21','\0','',NULL,'ROLE_SET_ORDER_CONFIRM','订单设置',0,'ADMIN',6),(34,'2015-02-26 14:59:22','\0','',NULL,'ROLE_CONSULT_ADMIN','咨询管理',0,'ADMIN',6),(35,'2015-02-26 14:59:23','\0','',NULL,'ROLE_REPORT_MANAGE','举报管理',0,'ADMIN',6),(36,'2015-02-26 14:59:23','\0','',NULL,'ROLE_EVALUATE_ADMIN','商品评价',0,'ADMIN',6),(37,'2015-02-26 14:59:24','\0','',NULL,'ROLE_COMPLAINT_MANAGE','投诉管理',0,'ADMIN',6),(38,'2015-02-26 14:59:25','\0','',NULL,'ROLE_ARTICLE','文章管理',0,'ADMIN',7),(39,'2015-02-26 14:59:26','\0','',NULL,'ROLE_ARTICLE_CLASS','文章分类',0,'ADMIN',7),(40,'2015-02-26 14:59:26','\0','',NULL,'ROLE_PARTNER_MANAGE','合作伙伴',0,'ADMIN',7),(41,'2015-02-26 14:59:27','\0','',NULL,'ROLE_DOCUMENT_MANAGE','系统文章',0,'ADMIN',7),(42,'2015-02-26 14:59:27','\0','',NULL,'ROLE_NAV_MANAGE','页面导航',0,'ADMIN',7),(43,'2015-02-26 14:59:28','\0','',NULL,'ROLE_OPERATION_BASE','基本设置',0,'ADMIN',8),(44,'2015-02-26 14:59:28','\0','',NULL,'ROLE_INTEGRAL_RULE','积分规则',0,'ADMIN',8),(45,'2015-02-26 14:59:28','\0','',NULL,'ROLE_GOLD_RECORD_ADMIN','金币管理',0,'ADMIN',8),(46,'2015-02-26 14:59:29','\0','',NULL,'ROLE_USER_INTEGRAL','积分明细',0,'ADMIN',5),(47,'2015-02-26 14:59:30','\0','',NULL,'ROLE_ZTC_SET','竞价直通车',0,'ADMIN',8),(48,'2015-02-26 14:59:30','\0','',NULL,'ROLE_COUPON_ADMIN','优惠券管理',0,'ADMIN',8),(49,'2015-02-26 14:59:32','\0','',NULL,'ROLE_ADVERT_ADMIN','广告管理',0,'ADMIN',8),(50,'2015-02-26 14:59:33','\0','',NULL,'ROLE_INTEGRAL_GOODS_ADMIN','积分商城',0,'ADMIN',8),(51,'2015-02-26 14:59:36','\0','',NULL,'ROLE_GROUP_ADMIN','团购管理',0,'ADMIN',8),(52,'2015-02-26 14:59:38','\0','',NULL,'ROLE_GOODS_FLOOR','首页楼层',0,'ADMIN',2),(53,'2015-02-26 14:59:39','\0','',NULL,'ROLE_DATA_MANAGE','数据库管理',0,'ADMIN',9),(54,'2015-02-26 14:59:39','\0','',NULL,'ROLE_CACHE_MANAGE','更新缓存',0,'ADMIN',9),(55,'2015-02-26 14:59:39','\0','',NULL,'ROLE_LUENCE_MANAGE','全文检索',0,'ADMIN',9),(56,'2015-02-26 14:59:40','\0','',NULL,'ROLE_ACTIVITY_ADMIN','活动管理',0,'ADMIN',8),(57,'2015-02-26 14:59:41','\0','',NULL,'ROLE_BARGAIN_ADMIN','天天特价',0,'ADMIN',8),(58,'2015-02-26 14:59:42','\0','',NULL,'ROLE_DELIVERY_ADMIN','买就送',0,'ADMIN',8),(59,'2015-02-26 14:59:42','\0','',NULL,'ROLE_ADMIN_SET_KUAIDI','快递设置',0,'ADMIN',1),(60,'2015-02-26 14:59:42','\0','',NULL,'ROLE_ADMIN_EXPRESS_COMPANY','快递公司',0,'ADMIN',1),(61,'2015-02-26 14:59:43','\0','',NULL,'ROLE_ADMIN_BBS','UC整合',0,'ADMIN',9),(62,'2015-02-26 14:59:43','\0','',NULL,'ROLE_SPAREGOODSFLOOR_ADMIN','闲置楼层',0,'ADMIN',3),(63,'2015-02-26 14:59:46','\0','',NULL,'ROLE_COMBIN_ADMIN','组合销售',0,'ADMIN',8),(64,'2015-02-26 14:59:47','\0','',NULL,'ROLE_WEIXIN_ADMIN','微信店铺',0,'ADMIN',8),(65,'2015-02-26 14:59:45','\0','',NULL,'ROLE_ADMIN_WEIXIN_GOODS','微信商品',0,'ADMIN',8),(66,'2015-02-26 14:59:46','\0','',NULL,'ROLE_ADMIN_WEIXIN_BRAND','微信品牌',0,'ADMIN',8),(67,'2015-02-26 14:59:46','\0','',NULL,'ROLE_WEIXIN_PLAT_ADMIN','微商城配置',0,'ADMIN',8),(68,'2015-02-26 14:59:47','\0','',NULL,'ROLE_GOODS_LIST_SELLER','出售中的商品',0,'SELLER',10),(69,'2015-02-26 14:59:47','\0','',NULL,'ROLE_GOODS_EDIT_SELLER','商品编辑',0,'SELLER',10),(70,'2015-02-26 14:59:47','\0','',NULL,'ROLE_GOODS_DEL_SELLER','商品删除',0,'SELLER',10),(71,'2015-02-26 14:59:48','\0','',NULL,'ROLE_GOODS_SELLER','商品发布',0,'SELLER',10),(72,'2015-02-26 14:59:48','\0','',NULL,'ROLE_GOODS_STORAGE_SELLER','仓库中的商品',0,'SELLER',10),(73,'2015-02-26 14:59:48','\0','',NULL,'ROLE_GOODS_OUT_SELLER','违规下架商品',0,'SELLER',10),(74,'2015-02-26 14:59:48','\0','',NULL,'ROLE_GOODS_SALE_SELLER','商品上下架',0,'SELLER',10),(75,'2015-02-26 14:59:48','\0','',NULL,'ROLE_GOODS_REPORT_SELLER','被举报禁售商品',0,'SELLER',10),(76,'2015-02-26 14:59:48','\0','',NULL,'ROLE_USERGOODSCLASS_SELLER','商品分类',0,'SELLER',10),(77,'2015-02-26 14:59:49','\0','',NULL,'ROLE_TAOBAO_SELLER','淘宝导入',0,'SELLER',11),(78,'2015-02-26 14:59:51','\0','',NULL,'ROLE_ORDER_SELLER','订单管理',0,'SELLER',12),(79,'2015-02-26 14:59:52','\0','',NULL,'ROLE_PAYMENT_SELLER','支付方式',0,'SELLER',12),(80,'2015-02-26 14:59:53','\0','',NULL,'ROLE_TRANSPORT_SELLER','物流工具',0,'SELLER',12),(81,'2015-02-26 14:59:54','\0','',NULL,'ROLE_STORE_SET_SELLER','店铺设置',0,'SELLER',13),(82,'2015-02-26 14:59:53','\0','',NULL,'ROLE_CREATE_STORE','申请店铺',0,'BUYER',14),(83,'2015-02-26 14:59:54','\0','',NULL,'ROLE_STORE_THEME_SELLER','主题设置',0,'SELLER',13),(84,'2015-02-26 14:59:55','\0','',NULL,'ROLE_SUB_ACCOUNT_SELLER','子账户管理',0,'SELLER',13),(85,'2015-02-26 14:59:55','\0','',NULL,'ROLE_STORE_NAV','导航管理',0,'SELLER',13),(86,'2015-02-26 14:59:55','\0','',NULL,'ROLE_STORE_NAV_SELLER','导航管理',0,'SELLER',13),(87,'2015-02-26 14:59:56','\0','',NULL,'ROLE_STORE_PARTNER_SELLER','友情链接',0,'SELLER',13),(88,'2015-02-26 14:59:56','\0','',NULL,'ROLE_REFUND_SELLER','退款管理',0,'SELLER',15),(89,'2015-02-26 14:59:56','\0','',NULL,'ROLE_GOODS_RETURN_SELLER','退货管理',0,'SELLER',15),(90,'2015-02-26 14:59:57','\0','',NULL,'ROLE_COMPLAINT_SELLER','投诉管理',0,'SELLER',15),(91,'2015-02-26 14:59:57','\0','',NULL,'ROLE_CONSULT_SELLER','咨询管理',0,'SELLER',15),(92,'2015-02-26 14:59:58','\0','',NULL,'ROLE_ZTC_SELLER','竞价直通车',0,'SELLER',16),(93,'2015-02-26 14:59:58','\0','',NULL,'ROLE_ACTIVITY_SELLER','活动管理',0,'SELLER',16),(94,'2015-02-26 14:59:59','\0','',NULL,'ROLE_GROUP_SELLER','团购管理',0,'SELLER',16),(95,'2015-02-26 14:59:59','\0','',NULL,'ROLE_BARGAIN_SELLER','今日特价',0,'SELLER',16),(96,'2015-02-26 15:00:00','\0','',NULL,'ROLE_DELIVERY_SELLER','买就送',0,'SELLER',16),(97,'2015-02-26 15:00:01','\0','',NULL,'ROLE_GOLD_SELLER','金币管理',0,'SELLER',17),(98,'2015-02-26 15:00:02','\0','',NULL,'ROLE_ADVERT_SELLER','广告管理',0,'SELLER',17),(99,'2015-02-26 15:00:03','\0','',NULL,'ROLE_ALBUM_SELLER','图片管理',0,'SELLER',17),(100,'2015-02-26 15:00:20','\0','',NULL,'ROLE_USER_CENTER','卖家中心',0,'BUYER',18),(101,'2015-02-26 15:00:03','\0','',NULL,'ROLE_USER_CENTER_SELLER','用户中心',0,'SELLER',18),(102,'2015-02-26 15:00:04','\0','',NULL,'ROLE_USERGOODSBRAND_SELLER','品牌申请',0,'SELLER',10),(103,'2015-02-26 15:00:06','\0','',NULL,'ROLE_COMBIN_SELLER','组合销售',0,'SELLER',16),(104,'2015-02-26 15:00:07','\0','',NULL,'ROLE_WEIXIN_STORE_SELLER','微信商城',0,'SELLER',19),(105,'2015-02-26 15:00:16','\0','',NULL,'ROLE_PREDEPOSIT_SET','预存款管理',0,'BUYER',18),(106,'2015-02-26 15:00:17','\0','',NULL,'ROLE_INTEGRAL_EXCHANGE','积分兑换',0,'BUYER',20),(107,'2015-02-26 15:00:24','\0','',NULL,'ROLE_GOODS_CART','购物流程3',0,'BUYER',21),(108,'2015-02-26 15:00:22','\0','',NULL,'ROLE_WEIXIN_USER_CENTER','微信用户中心',0,'BUYER',22),(109,'2015-02-26 15:00:25','\0','',NULL,'ROLE_WEIXIN_GOODS_CART','微信购物流程3',0,'BUYER',23);

UNLOCK TABLES;

/*Table structure for table `shopping_role_res` */

DROP TABLE IF EXISTS `shopping_role_res`;

CREATE TABLE `shopping_role_res` (
  `role_id` bigint(20) NOT NULL,
  `res_id` bigint(20) NOT NULL,
  KEY `FK6494F768261DF063` (`res_id`),
  KEY `FK6494F768AE50A871` (`role_id`),
  KEY `FK6143924E13E13392` (`res_id`),
  KEY `FK6143924E78F5CB22` (`role_id`),
  CONSTRAINT `FK6143924E13E13392` FOREIGN KEY (`res_id`) REFERENCES `shopping_res` (`id`),
  CONSTRAINT `FK6143924E78F5CB22` FOREIGN KEY (`role_id`) REFERENCES `shopping_role` (`id`),
  CONSTRAINT `FK6494F768261DF063` FOREIGN KEY (`res_id`) REFERENCES `shopping_res` (`id`),
  CONSTRAINT `FK6494F768AE50A871` FOREIGN KEY (`role_id`) REFERENCES `shopping_role` (`id`)
) ENGINE=InnoDB DEFAULT CHARSET=utf8;

/*Data for the table `shopping_role_res` */

LOCK TABLES `shopping_role_res` WRITE;

insert  into `shopping_role_res`(`role_id`,`res_id`) values (2,4),(3,5),(4,6),(5,7),(6,8),(9,11),(7,9),(7,12),(7,13),(8,10),(8,14),(10,15),(11,16),(11,17),(11,18),(11,19),(11,20),(12,21),(12,22),(12,23),(12,24),(12,25),(12,26),(12,27),(13,28),(13,29),(13,30),(13,31),(13,32),(14,33),(14,34),(14,35),(14,36),(15,37),(15,38),(15,39),(15,40),(15,41),(15,42),(15,43),(17,52),(17,53),(17,54),(17,55),(17,56),(17,57),(17,58),(17,59),(17,60),(18,61),(18,62),(18,63),(18,64),(18,65),(18,66),(18,67),(19,68),(19,69),(19,70),(19,71),(19,72),(19,73),(19,74),(20,75),(20,76),(20,77),(20,78),(21,79),(21,80),(21,81),(21,82),(21,83),(21,84),(21,85),(21,86),(23,94),(23,95),(24,96),(24,97),(24,98),(22,87),(22,88),(22,89),(22,90),(22,91),(22,92),(22,93),(22,99),(22,100),(22,101),(22,102),(25,103),(25,104),(25,105),(25,106),(25,107),(25,108),(25,109),(25,110),(26,111),(26,112),(26,113),(26,114),(26,115),(26,116),(26,117),(28,119),(28,120),(29,125),(29,126),(30,127),(30,128),(30,129),(30,130),(30,131),(30,132),(30,133),(31,134),(31,135),(31,136),(31,137),(31,138),(1,1),(1,2),(1,3),(1,139),(1,140),(32,141),(32,142),(33,143),(33,144),(34,145),(34,146),(35,147),(35,148),(35,149),(35,150),(35,151),(35,152),(35,153),(35,154),(35,155),(35,156),(35,157),(35,158),(35,159),(35,160),(36,161),(36,162),(36,163),(37,164),(37,165),(37,166),(37,167),(37,168),(37,169),(37,170),(37,171),(37,172),(37,173),(37,174),(37,175),(37,176),(37,177),(38,178),(38,179),(38,180),(38,181),(38,182),(38,183),(39,184),(39,185),(39,186),(39,187),(39,188),(39,189),(39,190),(40,191),(40,192),(40,193),(40,194),(40,195),(41,196),(41,197),(41,198),(41,199),(41,200),(41,201),(42,202),(42,203),(42,204),(42,205),(42,206),(42,207),(43,208),(43,210),(44,209),(44,211),(45,212),(45,213),(45,214),(45,215),(45,216),(45,217),(46,218),(46,219),(46,220),(46,221),(47,222),(47,223),(47,224),(47,225),(47,226),(47,227),(47,228),(47,229),(48,230),(48,231),(48,232),(48,233),(48,234),(48,235),(48,236),(49,237),(49,238),(49,239),(49,240),(49,241),(49,242),(49,243),(49,244),(49,245),(49,246),(49,247),(49,248),(49,249),(50,250),(50,251),(50,252),(50,253),(50,254),(50,255),(50,256),(50,257),(50,258),(50,259),(50,260),(50,261),(50,262),(50,263),(51,264),(51,265),(51,266),(51,267),(51,268),(51,270),(51,271),(51,272),(51,273),(51,274),(51,275),(51,277),(51,278),(51,279),(51,280),(51,281),(51,282),(51,283),(51,284),(51,285),(51,286),(51,287),(51,288),(51,289),(51,290),(51,291),(51,292),(16,44),(16,45),(16,46),(16,47),(16,48),(16,49),(16,50),(16,51),(16,269),(16,276),(16,299),(52,293),(52,294),(52,295),(52,296),(52,297),(52,298),(52,300),(52,301),(52,302),(52,303),(52,304),(52,305),(52,306),(52,307),(52,308),(52,309),(52,310),(52,311),(52,312),(52,313),(52,314),(52,315),(53,316),(53,317),(53,318),(53,319),(53,320),(53,321),(53,322),(54,323),(54,324),(55,325),(55,326),(55,327),(56,328),(56,329),(56,330),(56,331),(56,332),(56,333),(56,334),(56,335),(56,336),(57,337),(57,338),(57,339),(57,340),(57,341),(57,342),(57,343),(57,344),(57,345),(57,346),(57,347),(57,348),(58,349),(58,350),(58,351),(58,352),(58,353),(59,354),(59,355),(60,356),(60,357),(60,358),(60,359),(60,360),(60,361),(61,362),(61,363),(62,364),(62,365),(62,366),(62,367),(62,368),(62,369),(62,370),(62,371),(62,372),(62,373),(62,374),(27,118),(27,121),(27,122),(27,123),(27,124),(27,375),(27,376),(27,377),(27,378),(27,379),(27,380),(27,381),(27,382),(27,383),(65,392),(65,393),(65,394),(65,395),(66,396),(66,397),(67,398),(67,399),(67,400),(67,401),(67,402),(67,403),(67,404),(67,405),(63,384),(63,385),(63,386),(63,387),(63,388),(63,390),(63,391),(63,406),(64,389),(64,407),(68,408),(69,409),(70,410),(71,411),(71,412),(71,413),(71,414),(71,415),(71,416),(71,417),(71,418),(72,419),(73,420),(74,421),(75,422),(75,423),(76,424),(76,425),(76,426),(76,427),(76,428),(77,429),(77,430),(77,431),(77,432),(78,433),(78,434),(78,435),(78,436),(78,437),(78,438),(78,439),(78,440),(78,441),(78,442),(78,443),(78,444),(78,445),(78,446),(78,447),(78,448),(78,449),(78,450),(78,451),(78,452),(78,453),(78,454),(78,455),(78,456),(78,457),(79,458),(79,459),(79,460),(79,461),(79,462),(80,463),(80,464),(80,465),(80,466),(80,467),(80,468),(80,469),(80,470),(80,471),(82,473),(82,474),(82,475),(83,478),(83,484),(81,472),(81,476),(81,477),(81,479),(81,480),(81,481),(81,482),(81,483),(81,485),(81,486),(84,487),(84,488),(84,489),(84,490),(84,491),(85,492),(85,493),(85,494),(85,495),(86,496),(87,497),(87,498),(87,499),(87,500),(87,501),(88,502),(88,503),(89,504),(89,505),(90,506),(90,507),(90,508),(90,509),(91,510),(91,511),(91,512),(91,513),(92,514),(92,515),(92,516),(92,517),(92,518),(92,519),(93,520),(93,521),(93,522),(93,523),(93,524),(94,525),(94,526),(94,527),(94,528),(94,529),(94,530),(95,531),(95,532),(95,533),(95,534),(95,535),(95,536),(95,537),(96,538),(96,539),(96,540),(96,541),(96,542),(96,543),(96,544),(96,545),(96,546),(96,547),(97,548),(97,549),(97,550),(97,551),(97,552),(97,553),(98,554),(98,555),(98,556),(98,557),(98,558),(98,559),(98,560),(99,561),(99,562),(99,563),(99,564),(99,565),(99,566),(99,567),(99,568),(99,569),(99,570),(99,571),(99,572),(99,573),(99,574),(99,575),(101,578),(101,579),(102,581),(102,582),(102,583),(102,584),(102,585),(103,594),(103,595),(103,596),(103,597),(103,598),(103,599),(103,600),(103,601),(103,602),(103,603),(103,604),(104,605),(104,606),(104,607),(104,608),(104,609),(104,610),(104,611),(104,612),(104,613),(104,614),(104,615),(104,616),(104,617),(105,687),(105,688),(105,689),(105,690),(105,691),(105,692),(105,693),(105,694),(105,695),(105,696),(106,705),(106,706),(106,707),(106,708),(106,711),(100,576),(100,577),(100,580),(100,586),(100,587),(100,588),(100,589),(100,590),(100,591),(100,592),(100,593),(100,618),(100,619),(100,620),(100,621),(100,622),(100,623),(100,624),(100,625),(100,626),(100,627),(100,628),(100,629),(100,630),(100,631),(100,632),(100,633),(100,634),(100,635),(100,636),(100,637),(100,638),(100,639),(100,640),(100,641),(100,642),(100,643),(100,644),(100,645),(100,646),(100,647),(100,648),(100,649),(100,650),(100,651),(100,652),(100,653),(100,654),(100,655),(100,656),(100,657),(100,658),(100,659),(100,660),(100,661),(100,662),(100,663),(100,664),(100,665),(100,666),(100,667),(100,668),(100,669),(100,670),(100,671),(100,672),(100,673),(100,674),(100,675),(100,676),(100,677),(100,678),(100,679),(100,680),(100,681),(100,682),(100,683),(100,684),(100,685),(100,686),(100,697),(100,698),(100,699),(100,700),(100,701),(100,702),(100,703),(100,704),(100,713),(100,714),(100,715),(100,716),(100,717),(100,718),(100,719),(100,720),(100,721),(100,722),(100,723),(100,724),(100,725),(100,726),(100,727),(100,728),(100,729),(100,730),(100,731),(100,732),(100,733),(100,734),(100,735),(108,736),(108,737),(108,738),(108,739),(108,740),(108,741),(108,742),(108,743),(108,744),(108,745),(108,746),(108,747),(108,748),(108,749),(108,750),(108,751),(108,752),(108,753),(108,754),(107,709),(107,710),(107,712),(107,755),(107,756),(107,757),(107,758),(107,759),(107,760),(107,761),(107,762),(107,763),(107,764),(107,765),(107,766),(109,767),(109,768),(109,769),(109,770),(109,771),(109,772),(109,773),(109,774),(109,775),(109,776),(109,777),(109,778);

UNLOCK TABLES;

/*Table structure for table `shopping_rolegroup` */

DROP TABLE IF EXISTS `shopping_rolegroup`;

CREATE TABLE `shopping_rolegroup` (
  `id` bigint(20) NOT NULL AUTO_INCREMENT,
  `addTime` datetime DEFAULT NULL,
  `deleteStatus` bit(1) NOT NULL,
  `name` varchar(255) DEFAULT NULL,
  `sequence` int(11) NOT NULL,
  `type` varchar(255) DEFAULT NULL,
  PRIMARY KEY (`id`)
) ENGINE=InnoDB AUTO_INCREMENT=24 DEFAULT CHARSET=utf8;

/*Data for the table `shopping_rolegroup` */

LOCK TABLES `shopping_rolegroup` WRITE;

insert  into `shopping_rolegroup`(`id`,`addTime`,`deleteStatus`,`name`,`sequence`,`type`) values (1,'2015-02-26 14:59:09','\0','设置',0,'ADMIN'),(2,'2015-02-26 14:59:12','\0','商品',5,'ADMIN'),(3,'2015-02-26 14:59:15','\0','闲置',10,'ADMIN'),(4,'2015-02-26 14:59:16','\0','店铺',11,'ADMIN'),(5,'2015-02-26 14:59:19','\0','会员',14,'ADMIN'),(6,'2015-02-26 14:59:21','\0','交易',18,'ADMIN'),(7,'2015-02-26 14:59:24','\0','网站',26,'ADMIN'),(8,'2015-02-26 14:59:27','\0','运营',31,'ADMIN'),(9,'2015-02-26 14:59:38','\0','工具',43,'ADMIN'),(10,'2015-02-26 14:59:47','\0','商品管理',58,'SELLER'),(11,'2015-02-26 14:59:49','\0','淘宝管理',60,'SELLER'),(12,'2015-02-26 14:59:49','\0','交易管理',61,'SELLER'),(13,'2015-02-26 14:59:53','\0','店铺设置',64,'SELLER'),(14,'2015-02-26 14:59:53','\0','申请店铺',64,'BUYER'),(15,'2015-02-26 14:59:56','\0','客户服务',68,'SELLER'),(16,'2015-02-26 14:59:57','\0','促销管理',73,'SELLER'),(17,'2015-02-26 15:00:01','\0','其他设置',78,'SELLER'),(18,'2015-02-26 15:00:03','\0','用户中心',82,'BUYER'),(19,'2015-02-26 15:00:06','\0','微信管理',86,'SELLER'),(20,'2015-02-26 15:00:16','\0','积分兑换',98,'BUYER'),(21,'2015-02-26 15:00:17','\0','在线购物',98,'BUYER'),(22,'2015-02-26 15:00:20','\0','微信用户中心',102,'BUYER'),(23,'2015-02-26 15:00:24','\0','微信在线购物',106,'BUYER');

UNLOCK TABLES;

/*Table structure for table `shopping_shipping` */

DROP TABLE IF EXISTS `shopping_shipping`;

CREATE TABLE `shopping_shipping` (
  `id` bigint(20) NOT NULL AUTO_INCREMENT,
  `addTime` datetime DEFAULT NULL,
  `deleteStatus` bit(1) NOT NULL,
  `sequence` int(11) NOT NULL,
  `shipping_add_fee` decimal(12,2) DEFAULT NULL,
  `shipping_add_weight` int(11) NOT NULL,
  `shipping_fee` decimal(12,2) DEFAULT NULL,
  `shipping_info` longtext,
  `shipping_name` varchar(255) DEFAULT NULL,
  `shipping_weight` int(11) NOT NULL,
  `status` int(11) NOT NULL,
  `store_id` bigint(20) DEFAULT NULL,
  PRIMARY KEY (`id`),
  UNIQUE KEY `id` (`id`),
  KEY `FK55AE97BF920D7683` (`store_id`),
  CONSTRAINT `FK55AE97BF920D7683` FOREIGN KEY (`store_id`) REFERENCES `shopping_store` (`id`)
) ENGINE=InnoDB DEFAULT CHARSET=utf8;

/*Data for the table `shopping_shipping` */

LOCK TABLES `shopping_shipping` WRITE;

UNLOCK TABLES;

/*Table structure for table `shopping_spare_goods` */

DROP TABLE IF EXISTS `shopping_spare_goods`;

CREATE TABLE `shopping_spare_goods` (
  `id` bigint(20) NOT NULL AUTO_INCREMENT,
  `addTime` datetime DEFAULT NULL,
  `deleteStatus` bit(1) NOT NULL,
  `contact` varchar(255) DEFAULT NULL,
  `content` longtext,
  `errorMessage` varchar(255) DEFAULT NULL,
  `goods_old_price` int(11) DEFAULT '0',
  `goods_price` int(11) DEFAULT '0',
  `name` varchar(255) DEFAULT NULL,
  `oldAndnew` int(11) DEFAULT '0',
  `sellMethod` int(11) DEFAULT '0',
  `seodescribe` longtext,
  `seokeyword` longtext,
  `status` int(11) DEFAULT '0',
  `title` varchar(255) DEFAULT NULL,
  `area_id` bigint(20) DEFAULT NULL,
  `img_id` bigint(20) DEFAULT NULL,
  `spareGoodsClass_id` bigint(20) DEFAULT NULL,
  `user_id` bigint(20) DEFAULT NULL,
  `phone` varchar(255) DEFAULT NULL,
  `img1_id` bigint(20) DEFAULT NULL,
  `img2_id` bigint(20) DEFAULT NULL,
  `img3_id` bigint(20) DEFAULT NULL,
  `img4_id` bigint(20) DEFAULT NULL,
  `main_img_id` bigint(20) DEFAULT NULL,
  `img5_id` bigint(20) DEFAULT NULL,
  `viewInFloor` bit(1) DEFAULT b'0',
  `sgf_id` bigint(20) DEFAULT NULL,
  `QQ` varchar(255) DEFAULT NULL,
  `recommend` bit(1) DEFAULT b'0',
  `down` int(11) DEFAULT '0',
  PRIMARY KEY (`id`),
  UNIQUE KEY `id` (`id`),
  KEY `FK6124F03D2FB91D11` (`area_id`),
  KEY `FK6124F03DEB7ECE12` (`img_id`),
  KEY `FK6124F03D537B6C51` (`user_id`),
  KEY `FK6124F03D557BFC43` (`spareGoodsClass_id`),
  KEY `FK6124F03DF4F59358` (`main_img_id`),
  KEY `FK6124F03DA454C244` (`img4_id`),
  KEY `FK6124F03DA4544DE5` (`img3_id`),
  KEY `FK6124F03DA4536527` (`img1_id`),
  KEY `FK6124F03DA453D986` (`img2_id`),
  KEY `FK6124F03DA45536A3` (`img5_id`),
  KEY `FK6124F03DE2CED19E` (`sgf_id`),
  KEY `FK4420A39758D3C64D` (`sgf_id`),
  KEY `FK4420A397FA5E3FC2` (`area_id`),
  KEY `FK4420A3973C3F7747` (`main_img_id`),
  KEY `FK4420A397EB9EA633` (`img4_id`),
  KEY `FK4420A397EB9E31D4` (`img3_id`),
  KEY `FK4420A397EB9D4916` (`img1_id`),
  KEY `FK4420A3971E208F02` (`user_id`),
  KEY `FK4420A397EB9F1A92` (`img5_id`),
  KEY `FK4420A397EB9DBD75` (`img2_id`),
  KEY `FK4420A397CB80F0F2` (`spareGoodsClass_id`),
  CONSTRAINT `FK4420A3971E208F02` FOREIGN KEY (`user_id`) REFERENCES `shopping_user` (`id`),
  CONSTRAINT `FK4420A3973C3F7747` FOREIGN KEY (`main_img_id`) REFERENCES `shopping_accessory` (`id`),
  CONSTRAINT `FK4420A39758D3C64D` FOREIGN KEY (`sgf_id`) REFERENCES `shopping_spare_goodsfloor` (`id`),
  CONSTRAINT `FK4420A397CB80F0F2` FOREIGN KEY (`spareGoodsClass_id`) REFERENCES `shopping_spare_goodsclass` (`id`),
  CONSTRAINT `FK4420A397EB9D4916` FOREIGN KEY (`img1_id`) REFERENCES `shopping_accessory` (`id`),
  CONSTRAINT `FK4420A397EB9DBD75` FOREIGN KEY (`img2_id`) REFERENCES `shopping_accessory` (`id`),
  CONSTRAINT `FK4420A397EB9E31D4` FOREIGN KEY (`img3_id`) REFERENCES `shopping_accessory` (`id`),
  CONSTRAINT `FK4420A397EB9EA633` FOREIGN KEY (`img4_id`) REFERENCES `shopping_accessory` (`id`),
  CONSTRAINT `FK4420A397EB9F1A92` FOREIGN KEY (`img5_id`) REFERENCES `shopping_accessory` (`id`),
  CONSTRAINT `FK4420A397FA5E3FC2` FOREIGN KEY (`area_id`) REFERENCES `shopping_area` (`id`),
  CONSTRAINT `FK6124F03D2FB91D11` FOREIGN KEY (`area_id`) REFERENCES `shopping_area` (`id`),
  CONSTRAINT `FK6124F03D537B6C51` FOREIGN KEY (`user_id`) REFERENCES `shopping_user` (`id`),
  CONSTRAINT `FK6124F03D557BFC43` FOREIGN KEY (`spareGoodsClass_id`) REFERENCES `shopping_spare_goodsclass` (`id`),
  CONSTRAINT `FK6124F03DA4536527` FOREIGN KEY (`img1_id`) REFERENCES `shopping_accessory` (`id`),
  CONSTRAINT `FK6124F03DA453D986` FOREIGN KEY (`img2_id`) REFERENCES `shopping_accessory` (`id`),
  CONSTRAINT `FK6124F03DA4544DE5` FOREIGN KEY (`img3_id`) REFERENCES `shopping_accessory` (`id`),
  CONSTRAINT `FK6124F03DA454C244` FOREIGN KEY (`img4_id`) REFERENCES `shopping_accessory` (`id`),
  CONSTRAINT `FK6124F03DA45536A3` FOREIGN KEY (`img5_id`) REFERENCES `shopping_accessory` (`id`),
  CONSTRAINT `FK6124F03DE2CED19E` FOREIGN KEY (`sgf_id`) REFERENCES `shopping_spare_goodsfloor` (`id`),
  CONSTRAINT `FK6124F03DEB7ECE12` FOREIGN KEY (`img_id`) REFERENCES `shopping_accessory` (`id`),
  CONSTRAINT `FK6124F03DF4F59358` FOREIGN KEY (`main_img_id`) REFERENCES `shopping_accessory` (`id`)
) ENGINE=InnoDB AUTO_INCREMENT=22 DEFAULT CHARSET=utf8;

/*Data for the table `shopping_spare_goods` */

LOCK TABLES `shopping_spare_goods` WRITE;

insert  into `shopping_spare_goods`(`id`,`addTime`,`deleteStatus`,`contact`,`content`,`errorMessage`,`goods_old_price`,`goods_price`,`name`,`oldAndnew`,`sellMethod`,`seodescribe`,`seokeyword`,`status`,`title`,`area_id`,`img_id`,`spareGoodsClass_id`,`user_id`,`phone`,`img1_id`,`img2_id`,`img3_id`,`img4_id`,`main_img_id`,`img5_id`,`viewInFloor`,`sgf_id`,`QQ`,`recommend`,`down`) values (1,'2014-10-09 17:13:49','\0',NULL,'',NULL,2800,1700,'李大勇',0,0,NULL,NULL,0,'八成新冰龙GTX670显卡 低价出售 需要尽快联系',4522489,NULL,21,1,'024-87618871',426014,NULL,426016,426017,426014,NULL,'',2,'123456','',0),(2,'2014-10-10 10:43:46','\0',NULL,'<ul style=\"font-size:12.0px;color:#666666;\">\r\n	<li>\r\n		1. 使用时长：2\r\n	</li>\r\n	<li>\r\n		2. 新旧程度描述：9\r\n	</li>\r\n	<li>\r\n		3. 存在的问题：0\r\n	</li>\r\n	<li>\r\n		4. 到手时间/有效期/适用条件： 48\r\n	</li>\r\n</ul>\r\n<div>\r\n	<span><span style=\"font-size:12.0px;line-height:24.0px;\">原装挡板，光主板，无CPU。 &nbsp;无病午修。 &nbsp;48小时确认退运费10元。</span></span>\r\n</div>',NULL,289,148,'白先生',0,0,NULL,NULL,0,'华硕M2N-SLI Deluxe（570芯片）豪华版 铜管散热',4522220,NULL,19,1,'18609890912',426018,NULL,NULL,NULL,426018,NULL,'',2,'123456','',0),(3,'2014-10-10 10:58:42','\0',NULL,'<ul style=\"color:#666666;font-size:12.0px;\">\r\n	<li>\r\n		<p>\r\n			<span style=\"font-size:16.0px;\">原来是2*2G升级IBM t400笔记本换下来的,huancheng换成2*4g了。手里就两条，每条80。不好用双倍赔付，运费多退少补。</span>\r\n		</p>\r\n	</li>\r\n</ul>',NULL,150,80,'李小姐',0,0,NULL,NULL,0,'二手DDR3 2G内存条 1066HZ',4522888,NULL,21,1,'18309890912',426019,NULL,NULL,NULL,426019,NULL,'',2,'123456','',0),(4,'2014-10-10 11:01:22','\0',NULL,'<div>\r\n	<ul>\r\n		<li>\r\n			<span>品牌</span> <span>Dell/戴尔</span> \r\n		</li>\r\n	</ul>\r\n</div>\r\n<ul style=\"font-size:12.0px;color:#666666;\">\r\n	<li>\r\n		1. 使用时长：使用半年\r\n	</li>\r\n	<li>\r\n		2. 新旧程度描述：九五成新 几乎全新&nbsp;\r\n	</li>\r\n	<li>\r\n		3. 存在的问题：没有任何问题 &nbsp;没有出过故障 没拆过\r\n	</li>\r\n	<li>\r\n		4. 到手时间/有效期/适用条件： 去年买的 &nbsp;&nbsp;\r\n	</li>\r\n	<li>\r\n		<br />\r\n	</li>\r\n</ul>\r\n<table>\r\n	<tbody>\r\n		<tr>\r\n			<td colspan=\"2\">\r\n				<p>\r\n					主体\r\n				</p>\r\n			</td>\r\n		</tr>\r\n		<tr>\r\n			<td>\r\n				<p>\r\n					品牌\r\n				</p>\r\n			</td>\r\n			<td>\r\n				<p>\r\n					戴尔&nbsp;DELL\r\n				</p>\r\n			</td>\r\n		</tr>\r\n		<tr>\r\n			<td>\r\n				<p>\r\n					型号\r\n				</p>\r\n			</td>\r\n			<td>\r\n				<p>\r\n					Inspiron&nbsp;M102z\r\n				</p>\r\n			</td>\r\n		</tr>\r\n		<tr>\r\n			<td>\r\n				<p>\r\n					颜色\r\n				</p>\r\n			</td>\r\n			<td>\r\n				<p>\r\n					枚红色\r\n				</p>\r\n			</td>\r\n		</tr>\r\n		<tr>\r\n			<td>\r\n				<p>\r\n					平台\r\n				</p>\r\n			</td>\r\n			<td>\r\n				<p>\r\n					AMD\r\n				</p>\r\n			</td>\r\n		</tr>\r\n		<tr>\r\n			<td colspan=\"2\">\r\n				<p>\r\n					软件\r\n				</p>\r\n			</td>\r\n		</tr>\r\n		<tr>\r\n			<td>\r\n				<p>\r\n					随机系统\r\n				</p>\r\n			</td>\r\n			<td>\r\n				<p>\r\n					正版&nbsp;Windows&nbsp;7&nbsp;Home&nbsp;Basic&nbsp;64&nbsp;位\r\n				</p>\r\n			</td>\r\n		</tr>\r\n		<tr>\r\n			<td colspan=\"2\">\r\n				<p>\r\n					处理器\r\n				</p>\r\n			</td>\r\n		</tr>\r\n		<tr>\r\n			<td>\r\n				<p>\r\n					CPU类型\r\n				</p>\r\n			</td>\r\n			<td>\r\n				<p>\r\n					AMD\r\n				</p>\r\n			</td>\r\n		</tr>\r\n		<tr>\r\n			<td>\r\n				<p>\r\n					CPU型号\r\n				</p>\r\n			</td>\r\n			<td>\r\n				<p>\r\n					C50\r\n				</p>\r\n			</td>\r\n		</tr>\r\n		<tr>\r\n			<td>\r\n				<p>\r\n					CPU速度\r\n				</p>\r\n			</td>\r\n			<td>\r\n				<p>\r\n					1.0GHz\r\n				</p>\r\n			</td>\r\n		</tr>\r\n		<tr>\r\n			<td>\r\n				<p>\r\n					系统总线\r\n				</p>\r\n			</td>\r\n			<td>\r\n				<p>\r\n					1066MHz\r\n				</p>\r\n			</td>\r\n		</tr>\r\n		<tr>\r\n			<td>\r\n				<p>\r\n					二级缓存\r\n				</p>\r\n			</td>\r\n			<td>\r\n				<p>\r\n					1MB\r\n				</p>\r\n			</td>\r\n		</tr>\r\n		<tr>\r\n			<td colspan=\"2\">\r\n				<p>\r\n					内存\r\n				</p>\r\n			</td>\r\n		</tr>\r\n		<tr>\r\n			<td>\r\n				<p>\r\n					内存容量\r\n				</p>\r\n			</td>\r\n			<td>\r\n				<p>\r\n					2GB\r\n				</p>\r\n			</td>\r\n		</tr>\r\n		<tr>\r\n			<td>\r\n				<p>\r\n					内存类型\r\n				</p>\r\n			</td>\r\n			<td>\r\n				<p>\r\n					DDR3\r\n				</p>\r\n			</td>\r\n		</tr>\r\n		<tr>\r\n			<td colspan=\"2\">\r\n				<p>\r\n					硬盘\r\n				</p>\r\n			</td>\r\n		</tr>\r\n		<tr>\r\n			<td>\r\n				<p>\r\n					硬盘容量\r\n				</p>\r\n			</td>\r\n			<td>\r\n				<p>\r\n					320GB\r\n				</p>\r\n			</td>\r\n		</tr>\r\n		<tr>\r\n			<td>\r\n				<p>\r\n					转速\r\n				</p>\r\n			</td>\r\n			<td>\r\n				<p>\r\n					7200转/分钟\r\n				</p>\r\n			</td>\r\n		</tr>\r\n		<tr>\r\n			<td colspan=\"2\">\r\n				<p>\r\n					显卡\r\n				</p>\r\n			</td>\r\n		</tr>\r\n		<tr>\r\n			<td>\r\n				<p>\r\n					类型\r\n				</p>\r\n			</td>\r\n			<td>\r\n				<p>\r\n					集成显卡\r\n				</p>\r\n			</td>\r\n		</tr>\r\n		<tr>\r\n			<td>\r\n				<p>\r\n					显示芯片\r\n				</p>\r\n			</td>\r\n			<td>\r\n				<p>\r\n					ATI&nbsp;Mobility&nbsp;Radeon&nbsp;HD&nbsp;6310\r\n				</p>\r\n			</td>\r\n		</tr>\r\n		<tr>\r\n			<td>\r\n				<p>\r\n					显存容量\r\n				</p>\r\n			</td>\r\n			<td>\r\n				<p>\r\n					共享系统内存（集成）\r\n				</p>\r\n			</td>\r\n		</tr>\r\n		<tr>\r\n			<td colspan=\"2\">\r\n				<p>\r\n					光驱\r\n				</p>\r\n			</td>\r\n		</tr>\r\n		<tr>\r\n			<td>\r\n				<p>\r\n					光驱类型\r\n				</p>\r\n			</td>\r\n			<td>\r\n				<p>\r\n					无光驱\r\n				</p>\r\n			</td>\r\n		</tr>\r\n		<tr>\r\n			<td colspan=\"2\">\r\n				<p>\r\n					显示器\r\n				</p>\r\n			</td>\r\n		</tr>\r\n		<tr>\r\n			<td>\r\n				<p>\r\n					屏幕规格\r\n				</p>\r\n			</td>\r\n			<td>\r\n				<p>\r\n					11.1英寸\r\n				</p>\r\n			</td>\r\n		</tr>\r\n		<tr>\r\n			<td>\r\n				<p>\r\n					显示比例\r\n				</p>\r\n			</td>\r\n			<td>\r\n				<p>\r\n					宽屏16：9\r\n				</p>\r\n			</td>\r\n		</tr>\r\n		<tr>\r\n			<td>\r\n				<p>\r\n					物理分辨率\r\n				</p>\r\n			</td>\r\n			<td>\r\n				<p>\r\n					1366&nbsp;x&nbsp;768\r\n				</p>\r\n			</td>\r\n		</tr>\r\n		<tr>\r\n			<td>\r\n				<p>\r\n					屏幕类型\r\n				</p>\r\n			</td>\r\n			<td>\r\n				<p>\r\n					WLED,&nbsp;Truelife\r\n				</p>\r\n			</td>\r\n		</tr>\r\n		<tr>\r\n			<td colspan=\"2\">\r\n				<p>\r\n					通信\r\n				</p>\r\n			</td>\r\n		</tr>\r\n		<tr>\r\n			<td>\r\n				<p>\r\n					调制解调器modem\r\n				</p>\r\n			</td>\r\n			<td>\r\n				<p>\r\n					无\r\n				</p>\r\n			</td>\r\n		</tr>\r\n		<tr>\r\n			<td>\r\n				<p>\r\n					内置蓝牙\r\n				</p>\r\n			</td>\r\n			<td>\r\n				<p>\r\n					Dell&nbsp;Wireless&nbsp;365&nbsp;Bluetooth&nbsp;Internal&nbsp;mini-card\r\n				</p>\r\n			</td>\r\n		</tr>\r\n		<tr>\r\n			<td>\r\n				<p>\r\n					无线局域网\r\n				</p>\r\n			</td>\r\n			<td>\r\n				<p>\r\n					Dell&nbsp;WirelessTM&nbsp;1501&nbsp;802.11b/g/n\r\n				</p>\r\n			</td>\r\n		</tr>\r\n		<tr>\r\n			<td>\r\n				<p>\r\n					内置3G\r\n				</p>\r\n			</td>\r\n			<td>\r\n				<p>\r\n					无\r\n				</p>\r\n			</td>\r\n		</tr>\r\n		<tr>\r\n			<td colspan=\"2\">\r\n				<p>\r\n					端口\r\n				</p>\r\n			</td>\r\n		</tr>\r\n		<tr>\r\n			<td>\r\n				<p>\r\n					RJ45\r\n				</p>\r\n			</td>\r\n			<td>\r\n				<p>\r\n					1个\r\n				</p>\r\n			</td>\r\n		</tr>\r\n		<tr>\r\n			<td colspan=\"2\">\r\n				<p>\r\n					音效系统\r\n				</p>\r\n			</td>\r\n		</tr>\r\n		<tr>\r\n			<td>\r\n				<p>\r\n					扬声器\r\n				</p>\r\n			</td>\r\n			<td>\r\n				<p>\r\n					2个集成立体声扬声器（4欧姆2瓦&nbsp;x&nbsp;2）\r\n				</p>\r\n			</td>\r\n		</tr>\r\n		<tr>\r\n			<td>\r\n				<p>\r\n					内置麦克风\r\n				</p>\r\n			</td>\r\n			<td>\r\n				<p>\r\n					有\r\n				</p>\r\n			</td>\r\n		</tr>\r\n		<tr>\r\n			<td colspan=\"2\">\r\n				<p>\r\n					输入设备\r\n				</p>\r\n			</td>\r\n		</tr>\r\n		<tr>\r\n			<td>\r\n				<p>\r\n					键盘\r\n				</p>\r\n			</td>\r\n			<td>\r\n				<p>\r\n					全尺寸键盘\r\n				</p>\r\n			</td>\r\n		</tr>\r\n		<tr>\r\n			<td>\r\n				<p>\r\n					触摸板\r\n				</p>\r\n			</td>\r\n			<td>\r\n				<p>\r\n					有\r\n				</p>\r\n			</td>\r\n		</tr>\r\n		<tr>\r\n			<td colspan=\"2\">\r\n				<p>\r\n					其它设备\r\n				</p>\r\n			</td>\r\n		</tr>\r\n		<tr>\r\n			<td>\r\n				<p>\r\n					网络摄像头\r\n				</p>\r\n			</td>\r\n			<td>\r\n				<p>\r\n					有\r\n				</p>\r\n			</td>\r\n		</tr>\r\n		<tr>\r\n			<td>\r\n				<p>\r\n					摄像头像素\r\n				</p>\r\n			</td>\r\n			<td>\r\n				<p>\r\n					130万\r\n				</p>\r\n			</td>\r\n		</tr>\r\n		<tr>\r\n			<td>\r\n				<p>\r\n					指纹识别\r\n				</p>\r\n			</td>\r\n			<td>\r\n				<p>\r\n					无\r\n				</p>\r\n			</td>\r\n		</tr>\r\n		<tr>\r\n			<td>\r\n				<p>\r\n					读卡器\r\n				</p>\r\n			</td>\r\n			<td>\r\n				<p>\r\n					8合1读卡器\r\n				</p>\r\n			</td>\r\n		</tr>\r\n		<tr>\r\n			<td colspan=\"2\">\r\n				<p>\r\n					电源\r\n				</p>\r\n			</td>\r\n		</tr>\r\n		<tr>\r\n			<td>\r\n				<p>\r\n					电池\r\n				</p>\r\n			</td>\r\n			<td>\r\n				<p>\r\n					6芯&nbsp;锂离子电池\r\n				</p>\r\n			</td>\r\n		</tr>\r\n		<tr>\r\n			<td>\r\n				<p>\r\n					续航时间\r\n				</p>\r\n			</td>\r\n			<td>\r\n				<p>\r\n					6-9小时，具体时间视使用环境而定\r\n				</p>\r\n			</td>\r\n		</tr>\r\n		<tr>\r\n			<td>\r\n				<p>\r\n					电源适配器\r\n				</p>\r\n			</td>\r\n			<td>\r\n				<p>\r\n					100-240V自适应交流电源适配器\r\n				</p>\r\n			</td>\r\n		</tr>\r\n		<tr>\r\n			<td colspan=\"2\">\r\n				<p>\r\n					机器规格\r\n				</p>\r\n			</td>\r\n		</tr>\r\n		<tr>\r\n			<td>\r\n				<p>\r\n					尺寸\r\n				</p>\r\n			</td>\r\n			<td>\r\n				<p>\r\n					205*292*24.3/35\r\n				</p>\r\n			</td>\r\n		</tr>\r\n		<tr>\r\n			<td>\r\n				<p>\r\n					重量\r\n				</p>\r\n			</td>\r\n			<td>\r\n				<p>\r\n					3.44lbs&nbsp;/&nbsp;1.56kg\r\n				</p>\r\n			</td>\r\n		</tr>\r\n	</tbody>\r\n</table>',NULL,5000,2000,'吴小姐',0,0,NULL,NULL,0,'戴尔Inspiron 灵越 M102z系列笔记本电脑极致轻薄本',4522921,NULL,19,1,'18309890912',426020,426021,NULL,NULL,426020,NULL,'',2,'123456','',0),(5,'2014-10-14 12:18:01','\0',NULL,'<div>\r\n	又入了自动的那个镜头 这个变焦的 和另一个定焦的饼干头都转了 这个几乎没用过 饼干头用的多一些 这里是变焦的价格\r\n</div>',NULL,799,500,'白先生',0,0,NULL,NULL,0,'松下LUMIX G 14-42MM/F3.5-5.6镜头GF2',4522005,NULL,15,1,'13309889098',426023,426024,426025,426026,426023,NULL,'',2,'123456','\0',0),(6,'2014-10-14 16:40:46','\0',NULL,'<p>\r\n	成色自己看，有大图。估计8-9成新AB屏贴膜\r\n</p>\r\n<p>\r\n	拒绝到手刀。已经很低价了。不接刀了\r\n</p>\r\n<p>\r\n	屏幕完美，无线。光驱。摄像头，硬盘全都没有问题。\r\n</p>\r\n<p>\r\n	使用中的笔记本，二手的东西肯定有些少使用痕迹，完美党绕道\r\n</p>\r\n<p>\r\n	退货请支付来回运费，带保价邮寄。\r\n</p>\r\n<p>\r\n	配件 带电池 充电器 鼠标 HP包包 键盘膜 。\r\n</p>',NULL,3500,1700,'黄女士',0,0,NULL,NULL,0,'9新高配HP G42 I 3 4G 640G GT520',4521987,NULL,19,1,'13107551099',426028,426029,426030,426031,426028,NULL,'',2,'18762861','\0',0),(7,'2014-10-14 16:43:18','\0',NULL,'<div>\r\n	<ul style=\"font-size:12.0px;color:#666666;\">\r\n		<li>\r\n			1. 使用时长：1年多&nbsp; 买来就没怎么用&nbsp;\r\n		</li>\r\n		<li>\r\n			2. 新旧程度描述： 9新\r\n		</li>\r\n		<li>\r\n			3. 存在的问题： 无质量问题\r\n		</li>\r\n		<li>\r\n			4. 到手时间/有效期/适用条件： 无线上网 放口袋方便 低功耗 待机好\r\n		</li>\r\n	</ul>\r\n	<p>\r\n		&nbsp;闲置全套成色新配2个电池(电池很贵2个就值400多了）5寸xp小电脑win7小电脑全键盘触屏3gnet三巨网mi13&nbsp;&nbsp; 玩物低价处理 注：充电器非原配&nbsp;&nbsp;&nbsp;&nbsp;&nbsp; 3g网卡原来买来没有配&nbsp;（ 其实用不上）现在手机都可以代替了&nbsp;。\r\n	</p>\r\n	<p>\r\n		&nbsp;高配版：<span>屏幕&nbsp;1024*600&nbsp; 处理器Intel Atom Z515 1.2 &nbsp;内存1GB&nbsp;&nbsp;集显256 &nbsp;固态16GB&nbsp;&nbsp; 价格见底了</span><br />\r\n限识货爽快的买家！\r\n	</p>\r\n</div>',NULL,2000,900,'白先生',0,0,NULL,NULL,0,'5寸xp小电脑win7全键盘触屏3gnet三巨网mi13同s515超n5翻盖口袋本',4522485,NULL,19,1,'13309889098',426032,426033,426034,426035,426032,NULL,'',2,'18762861','\0',0),(8,'2014-10-14 16:54:03','\0',NULL,'出售各类显示器',NULL,800,200,'黄女士',0,0,NULL,NULL,0,'显示器 内存 主板 硬盘 键盘 显卡 光驱 电源 cpu 华硕 三星 戴尔',4522362,NULL,22,1,'13107551099',426036,NULL,NULL,NULL,426036,NULL,'',2,'123456','\0',0),(9,'2014-10-14 16:55:38','\0',NULL,'<div>\r\n	<h2>\r\n		<b>宝贝介绍</b>\r\n	</h2>\r\n	<div>\r\n		<ul style=\"color:#666666;font-size:12.0px;\">\r\n			<li>\r\n				1. 使用时长：1年&nbsp;\r\n			</li>\r\n			<li>\r\n				2. 新旧程度描述：几乎全新\r\n			</li>\r\n			<li>\r\n				3. 存在的问题： 无\r\n			</li>\r\n			<li>\r\n				4. 到手时间/有效期/适用条件：\r\n			</li>\r\n		</ul>\r\n&nbsp;\r\n		<p>\r\n			ASUS X44L &nbsp;配置是i3 2310 2.1主频 内存4G 硬盘320G 独立1G显卡14寸LED 高清摄像头。成色性能都不错。需要速度。收到机器 必须12小时确认。机器质保1一个月 。避免不良买家恶意推迟确认\r\n		</p>\r\n<span style=\"color:#ff0000;font-size:16.0px;\"> \r\n		<p style=\"font-family:tahoma helvetica arial 宋体 sans-serif;color:#404040;font-size:12.0px;\">\r\n			<span style=\"color:#ff0000;font-size:16.0px;\"></span>\r\n		</p>\r\n		<p style=\"font-family:tahoma helvetica arial 宋体 sans-serif;color:#404040;font-size:12.0px;\">\r\n			<span style=\"color:#ff0000;\"><span style=\"font-size:16.0px;\">顺丰+保价，务必请当快递面签收</span></span>\r\n		</p>\r\n		<p style=\"font-family:tahoma helvetica arial 宋体 sans-serif;color:#404040;font-size:12.0px;\">\r\n			<span style=\"color:#ff0000;\"><span style=\"font-size:16.0px;\"></span></span>\r\n		</p>\r\n		<p style=\"font-family:tahoma helvetica arial 宋体 sans-serif;color:#404040;font-size:12.0px;\">\r\n			<span style=\"color:#ff0000;\"><span style=\"font-size:16.0px;\">因周转资金，所以支付宝交易的，签收24小时内必须确认</span></span>\r\n		</p>\r\n		<p style=\"font-family:tahoma helvetica arial 宋体 sans-serif;color:#404040;font-size:12.0px;\">\r\n			&nbsp;\r\n		</p>\r\n		<p style=\"font-family:tahoma helvetica arial 宋体 sans-serif;color:#404040;font-size:12.0px;\">\r\n			<span style=\"color:#ff0000;\"><span style=\"font-size:16.0px;\"></span></span>\r\n		</p>\r\n		<p style=\"font-family:tahoma helvetica arial 宋体 sans-serif;color:#404040;font-size:12.0px;\">\r\n			&nbsp;\r\n		</p>\r\n		<p style=\"font-family:tahoma helvetica arial 宋体 sans-serif;\">\r\n			<span style=\"color:#ff0000;\"><span>二手物品，不接受退货，请三思。</span></span>\r\n		</p>\r\n</span>\r\n	</div>\r\n</div>',NULL,4399,1388,'何先生',0,0,NULL,NULL,0,'ASUS 非常大气的笔记本',4521988,NULL,19,1,'18901078900',426037,NULL,NULL,NULL,426037,NULL,'',2,'87686232','\0',0),(10,'2014-10-14 17:00:42','\0',NULL,'帮朋友发布 需要的加旺旺：echo艳色馆<br />\r\n<br />\r\n机子95新 国行 白色 没有暗病 无硬伤 无拆.无修.无进水<br />\r\n<br />\r\n收到机子可自行检查 正反面都贴了膜 功能都正常 女孩自用机保养的很好哦<br />\r\n<br />\r\n版本 6.1.2(10B146) 联通/移动可用 非合约机,定制机<br />\r\n<br />\r\n购买日期2014年2月25日&nbsp; 保修到2015年2月25日<br />\r\n<br />\r\n购买地中国&nbsp; 已激活 无锁 插卡就可以用 配件发票齐全<br />\r\n<br />\r\n配件(数据线,剪卡器,膜一张,耳机,充电器,保修卡,包装盒,发票,等)<br />\r\n<br />\r\n机子和我的描述都是符合的 发现不符亲们可以直接退货 邮费我出<br />\r\n<br />\r\n全国联保 支持苹果检测 支持7天试用 试用期间有任何问题都可以退 邮费我出<br />\r\n<br />\r\n由于工作比较忙&nbsp; 诚心要的来 最好是同城的可以当面交易 <br />\r\n<br />\r\n机子不预留 确定要的加旺旺 包邮',NULL,2800,1600,'白先生',1,0,NULL,NULL,0,'iphone4s 16G 国行在保',4522053,NULL,7,1,'13309889098',426038,NULL,NULL,NULL,426038,NULL,'',2,'18762861','\0',0),(11,'2014-10-14 17:03:00','\0',NULL,'<ul style=\"font-size:12.0px;color:#666666;\">\r\n	<li>\r\n		1. 使用时长：两个月~\r\n	</li>\r\n	<li>\r\n		2. 新旧程度描述：九成新以上！\r\n	</li>\r\n	<li>\r\n		3. 存在的问题：无\r\n	</li>\r\n	<li>\r\n		4. 到手时间/有效期/适用条件： <br />\r\n	</li>\r\n</ul>',NULL,900,480,'白先生',0,0,NULL,NULL,0,'低价出售电信三星I739手机-白色！！！',4522626,NULL,7,1,'13107551099',426039,NULL,NULL,NULL,426039,NULL,'',2,'123456','\0',0),(12,'2014-10-14 17:11:45','\0',NULL,'<p style=\"text-align:center;\">\r\n	<span style=\"color:#9900ff;\"><strong><span style=\"font-size:24.0px;\">春装新款上市，蘑菇兔子女宝宝夹衣三件套，很可爱的一款衣衣，纯棉质地，软软的，穿着舒适，喜欢的妈妈不要错过哦！&nbsp;</span></strong></span>\r\n</p>\r\n<p>\r\n	&nbsp;\r\n</p>\r\n<table border=\"0\" cellpadding=\"0\" cellspacing=\"1\">\r\n	<tbody>\r\n		<tr>\r\n			<td style=\"background-color:#ffffff;\">\r\n				<span style=\"color:#008000;font-size:16.0pt;\"><strong><span style=\"font-family:微软雅黑;\">品牌</span></strong></span>\r\n			</td>\r\n			<td style=\"background-color:#ffffff;\">\r\n				<span style=\"color:#008000;font-size:16.0pt;\">心爱园（本款属于薄棉款）</span>\r\n			</td>\r\n			<td style=\"background-color:#ffffff;\">\r\n				<span style=\"color:#008000;font-size:16.0pt;\"><strong><span style=\"font-family:微软雅黑;\">单重/Kg</span></strong></span>\r\n			</td>\r\n			<td style=\"background-color:#ffffff;\">\r\n				<span style=\"color:#008000;font-size:16.0pt;\">0.46</span>\r\n			</td>\r\n		</tr>\r\n		<tr>\r\n			<td style=\"background-color:#ffffff;\">\r\n				<span style=\"color:#008000;font-size:16.0pt;\"><strong><span style=\"font-family:微软雅黑;\">颜色</span></strong></span>\r\n			</td>\r\n			<td style=\"background-color:#ffffff;\">\r\n				<span style=\"color:#008000;font-size:16.0pt;\">粉、果绿、西红</span>\r\n			</td>\r\n			<td style=\"background-color:#ffffff;\">\r\n				<span style=\"color:#008000;font-size:16.0pt;\"><strong><span style=\"font-family:微软雅黑;\">尺码</span></strong></span>\r\n			</td>\r\n			<td style=\"background-color:#ffffff;\">\r\n				<span style=\"color:#008000;font-size:16.0pt;\">8# 10#</span>\r\n			</td>\r\n		</tr>\r\n	</tbody>\r\n</table>\r\n<table border=\"0\" cellpadding=\"0\" cellspacing=\"1\">\r\n	<tbody>\r\n		<tr>\r\n			<td style=\"background-color:#ffffff;\">\r\n				<span style=\"color:#008000;font-size:16.0pt;\"><strong><span style=\"font-family:微软雅黑;\">材质说明</span></strong></span>\r\n			</td>\r\n			<td style=\"background-color:#ffffff;\">\r\n				<span style=\"color:#008000;font-size:16.0pt;\">100%纯棉</span>\r\n			</td>\r\n		</tr>\r\n	</tbody>\r\n</table>\r\n<table border=\"0\" cellpadding=\"0\" cellspacing=\"1\">\r\n	<tbody>\r\n		<tr>\r\n			<td style=\"background-color:#ffffff;text-align:center;\">\r\n				<br />\r\n			</td>\r\n			<td style=\"background-color:#ffffff;\">\r\n				&nbsp;\r\n			</td>\r\n		</tr>\r\n	</tbody>\r\n</table>\r\n<table border=\"0\" cellpadding=\"0\" cellspacing=\"1\">\r\n	<tbody>\r\n		<tr>\r\n			<td style=\"background-color:#ffffff;\">\r\n				<span style=\"color:#008000;font-size:16.0pt;\"><strong><span style=\"font-family:微软雅黑;\">尺码数据</span></strong></span>\r\n			</td>\r\n			<td style=\"background-color:#ffffff;\">\r\n				<span style=\"color:#008000;font-size:16.0pt;\"><strong><span style=\"font-family:微软雅黑;\">单位：cm，平铺手工测得，误差1-2cm左右属正常</span></strong></span>\r\n			</td>\r\n		</tr>\r\n	</tbody>\r\n</table>\r\n<table border=\"0\" cellpadding=\"0\" cellspacing=\"1\">\r\n	<tbody>\r\n		<tr>\r\n			<td style=\"background-color:#ffffff;\">\r\n				<span style=\"color:#008000;font-size:16.0pt;\"><strong><span style=\"font-family:微软雅黑;\">尺码</span></strong></span>\r\n			</td>\r\n			<td style=\"background-color:#ffffff;\">\r\n				<span style=\"color:#008000;font-size:16.0pt;\"><strong><span style=\"font-family:微软雅黑;\">衣长</span></strong></span>\r\n			</td>\r\n			<td style=\"background-color:#ffffff;\">\r\n				<span style=\"color:#008000;font-size:16.0pt;\"><strong><span style=\"font-family:微软雅黑;\">袖长</span></strong></span>\r\n			</td>\r\n			<td style=\"background-color:#ffffff;\">\r\n				<span style=\"color:#008000;font-size:16.0pt;\"><strong><span style=\"font-family:微软雅黑;\">胸围*2</span></strong></span>\r\n			</td>\r\n			<td style=\"background-color:#ffffff;\">\r\n				<span style=\"color:#008000;font-size:16.0pt;\"><strong><span style=\"font-family:微软雅黑;\">裤长</span></strong></span>\r\n			</td>\r\n			<td style=\"background-color:#ffffff;\">\r\n				<span style=\"color:#008000;font-size:16.0pt;\"><strong><span style=\"font-family:微软雅黑;\">裆高/裆部结构</span></strong></span>\r\n			</td>\r\n		</tr>\r\n		<tr>\r\n			<td style=\"background-color:#ffffff;\">\r\n				<span style=\"color:#008000;font-size:16.0pt;\">&nbsp;80</span>\r\n			</td>\r\n			<td style=\"background-color:#ffffff;\">\r\n				<span style=\"color:#008000;font-size:16.0pt;\">&nbsp;31</span>\r\n			</td>\r\n			<td style=\"background-color:#ffffff;\">\r\n				<span style=\"color:#008000;font-size:16.0pt;\">&nbsp;25</span>\r\n			</td>\r\n			<td style=\"background-color:#ffffff;\">\r\n				<span style=\"color:#008000;font-size:16.0pt;\">&nbsp;26*2</span>\r\n			</td>\r\n			<td style=\"background-color:#ffffff;\">\r\n				<span style=\"color:#008000;font-size:16.0pt;\">&nbsp;42</span>\r\n			</td>\r\n			<td style=\"background-color:#ffffff;\">\r\n				<span style=\"color:#008000;font-size:16.0pt;\">&nbsp;20两用裆 还有2套</span>\r\n			</td>\r\n		</tr>\r\n		<tr>\r\n			<td style=\"background-color:#ffffff;\">\r\n				<span style=\"color:#008000;font-size:16.0pt;\">&nbsp;90</span>\r\n			</td>\r\n			<td style=\"background-color:#ffffff;\">\r\n				<span style=\"color:#008000;font-size:16.0pt;\">&nbsp;33</span>\r\n			</td>\r\n			<td style=\"background-color:#ffffff;\">\r\n				<span style=\"color:#008000;font-size:16.0pt;\">&nbsp;27</span>\r\n			</td>\r\n			<td style=\"background-color:#ffffff;\">\r\n				<span style=\"color:#008000;font-size:16.0pt;\">&nbsp;27*2</span>\r\n			</td>\r\n			<td style=\"background-color:#ffffff;\">\r\n				<span style=\"color:#008000;font-size:16.0pt;\">&nbsp;44</span>\r\n			</td>\r\n			<td style=\"background-color:#ffffff;\">\r\n				<span style=\"color:#008000;font-size:16.0pt;\">21&nbsp;两用裆 还有1套</span>\r\n			</td>\r\n		</tr>\r\n	</tbody>\r\n</table>\r\n<p>\r\n	<img src=\"http://img01.taobaocdn.com/imgextra/i1/499955589/T2HMmiXhRXXXXXXXXX_%21%21499955589.jpg\" align=\"absmiddle\" /><img src=\"http://img04.taobaocdn.com/imgextra/i4/499955589/T2i3miXitXXXXXXXXX_%21%21499955589.jpg\" align=\"absmiddle\" /><img src=\"http://img01.taobaocdn.com/imgextra/i1/499955589/T2NwiiXjpXXXXXXXXX_%21%21499955589.jpg\" align=\"absmiddle\" /><img src=\"http://img04.taobaocdn.com/imgextra/i4/499955589/T2kwiiXkXXXXXXXXXX_%21%21499955589.jpg\" align=\"absmiddle\" /><img src=\"http://img01.taobaocdn.com/imgextra/i1/499955589/T26MeiXkFXXXXXXXXX_%21%21499955589.jpg\" align=\"absmiddle\" /><img src=\"http://img04.taobaocdn.com/imgextra/i4/499955589/T2LgeiXlXXXXXXXXXX_%21%21499955589.jpg\" align=\"absmiddle\" /><img src=\"http://img04.taobaocdn.com/imgextra/i4/499955589/T2s3aiXnlXXXXXXXXX_%21%21499955589.jpg\" align=\"absmiddle\" /><img src=\"http://img03.taobaocdn.com/imgextra/i3/499955589/T2D29iXoBXXXXXXXXX_%21%21499955589.jpg\" align=\"absmiddle\" /><img src=\"http://img01.taobaocdn.com/imgextra/i1/499955589/T2ef9iXXXaXXXXXXXX_%21%21499955589.jpg\" align=\"absmiddle\" /><img src=\"http://img04.taobaocdn.com/imgextra/i4/499955589/T2Qf5iXXVaXXXXXXXX_%21%21499955589.jpg\" align=\"absmiddle\" /><img src=\"http://img01.taobaocdn.com/imgextra/i1/499955589/T2r25iXataXXXXXXXX_%21%21499955589.jpg\" align=\"absmiddle\" /><img src=\"http://img01.taobaocdn.com/imgextra/i1/499955589/T27f1iXaVaXXXXXXXX_%21%21499955589.jpg\" align=\"absmiddle\" /><img src=\"http://img02.taobaocdn.com/imgextra/i2/499955589/T2H21iXbBaXXXXXXXX_%21%21499955589.jpg\" align=\"absmiddle\" /><img src=\"http://img02.taobaocdn.com/imgextra/i2/499955589/T2hv1iXb8aXXXXXXXX_%21%21499955589.jpg\" align=\"absmiddle\" /><img src=\"http://img01.taobaocdn.com/imgextra/i1/499955589/T2W2WiXcJaXXXXXXXX_%21%21499955589.jpg\" align=\"absmiddle\" /><img src=\"http://img03.taobaocdn.com/imgextra/i3/499955589/T2A2WiXdhaXXXXXXXX_%21%21499955589.jpg\" align=\"absmiddle\" />因\r\n店铺转让，特价处理一批童装。喜欢的妈妈不要错过，全新，专柜正品，有细节图亲们可以仔细看看，不是样品，带吊牌，数量有限，先到先得。当天拍下的第2天\r\n发货，因为萱萱妈妈还要上班，晚上回到家才能看到信息，所以请各位妈妈见谅。特价处理的童装，不议价，不退换，谢谢理解。\r\n</p>',NULL,80,20,'陈小姐',1,0,NULL,NULL,0,'2014最新春装0-2岁女童薄棉衣三件套装 蘑菇兔子女宝宝夹衣三件套',4521987,NULL,36,1,'15200123423',426040,NULL,NULL,NULL,426040,NULL,'',3,'451655121','\0',0),(13,'2014-10-14 17:13:16','\0',NULL,'<div>\r\n	<ul style=\"font-size:12.0px;color:#666666;\">\r\n		<li>\r\n			全新带吊牌转让（连试穿都没有），这件羽绒服是在专柜购买，本打算过年回老家穿，但是现在计划有变，广东这边又穿不上，所以转让，别家还卖628呢。亲们，不议价了哦。\r\n		</li>\r\n	</ul>\r\n</div>',NULL,560,300,'黄女士',1,0,NULL,NULL,0,'正品2013冬男童装防风镜占袋羽绒服D4212206',4522489,NULL,30,1,'13309889098',426041,426042,NULL,NULL,426041,NULL,'',3,'18762861','\0',0),(14,'2014-10-14 17:16:14','\0',NULL,'<ul style=\"color:#666666;font-size:12.0px;\">\r\n	<li>\r\n		1. 使用时长：\r\n	</li>\r\n	<li>\r\n		2. 新旧程度描述：\r\n	</li>\r\n	<li>\r\n		3. 存在的问题：\r\n	</li>\r\n	<li>\r\n		4. 到手时间/有效期/适用条件：\r\n	</li>\r\n</ul>\r\n9成新的薄款棉袄。正红色，下水1次。，适合身高80-105的宝宝。',NULL,133,65,'白先生',1,0,NULL,NULL,0,'【爆款】红色格纹口袋袖口补丁纽扣外套',4522487,NULL,30,1,'13309889098',426043,426044,426045,NULL,426043,NULL,'',3,'18762861','\0',0),(15,'2014-10-14 17:20:12','\0',NULL,'<ul style=\"color:#666666;font-size:12.0px;\">\r\n	<li>\r\n		1. 使用时长：\r\n	</li>\r\n	<li>\r\n		2. 新旧程度描述：\r\n	</li>\r\n	<li>\r\n		3. 存在的问题：\r\n	</li>\r\n	<li>\r\n		4. 到手时间/有效期/适用条件：\r\n	</li>\r\n</ul>\r\n全新，羽绒服，适合80-100的宝宝穿。。。有2件哦',NULL,234,80,'何先生',1,0,NULL,NULL,0,'【日系】女童卡通可爱花花拉链羽绒服',4522005,NULL,30,1,'13107551099',426046,426047,426048,NULL,426046,NULL,'',3,'451655121','\0',0),(16,'2014-10-14 17:23:20','\0',NULL,'<div>\r\n	<p>\r\n		米色，全新，110，非B品，前后布料不一样的，有弹性，软绵，小熊是刺绣的，很精致，裤脚翻遍，实惠好看~~~\r\n	</p>\r\n</div>',NULL,500,280,'何先生',1,0,NULL,NULL,0,'mikihouse米色长裤',4522692,NULL,34,1,'13107551099',426049,NULL,NULL,NULL,426049,NULL,'',3,'123456','\0',0),(17,'2014-10-14 17:25:12','\0',NULL,'<div>\r\n	<ul style=\"color:#666666;font-size:12.0px;\">\r\n		<li>\r\n			1. 使用时长：\r\n		</li>\r\n		<li>\r\n			2. 新旧程度描述：\r\n		</li>\r\n		<li>\r\n			3. 存在的问题：\r\n		</li>\r\n		<li>\r\n			4. 到手时间/有效期/适用条件：\r\n		</li>\r\n	</ul>\r\n	<p>\r\n		9成新的橘色皮草毛领棉袄，有口袋设计，韩国正品实体店买的，下过一次水。。。没有任何质量问题。\r\n	</p>\r\n</div>',NULL,890,299,'黄女士',1,0,NULL,NULL,0,'【爆款】女童韩货正品橘色毛毛领拉链洋气棉袄',4523272,NULL,30,1,'15200123423',426050,426051,426052,NULL,426050,NULL,'',3,'451655121','\0',0),(18,'2014-10-14 17:26:47','\0',NULL,'<ul style=\"font-size:12.0px;color:#666666;\">\r\n	<li>\r\n		1. 使用时长：拍照用了一次\r\n	</li>\r\n	<li>\r\n		2. 新旧程度描述：99成新\r\n	</li>\r\n	<li>\r\n		3. 存在的问题：败家妈妈，宝宝大了，家里太多用不着的了\r\n	</li>\r\n	<li>\r\n		4. 到手时间/有效期/适用条件： 拍照用了之后就洗干净放起来了 东东没有任何改变 求收留！\r\n	</li>\r\n</ul>',NULL,247,44,'黄女士',0,0,NULL,NULL,0,'[转卖]包邮儿童摄影服装 影楼童装 摄影 满月百天宝宝米奇老鼠',4521987,NULL,30,1,'13309889098',426053,NULL,NULL,NULL,426053,NULL,'',3,'123456','\0',0),(19,'2014-10-14 17:28:25','\0',NULL,'<div>\r\n	<ul style=\"font-size:12.0px;color:#666666;\">\r\n		<li>\r\n			这件无袖T恤穿过一次就小了，基本上是新的，小女孩穿很可爱的。\r\n		</li>\r\n	</ul>\r\n</div>',NULL,94,30,'陈小姐',1,0,NULL,NULL,0,'韩国进口童装代购个性波浪时尚无袖T恤',4522375,NULL,29,1,'15200123423',426054,NULL,NULL,NULL,426054,NULL,'',3,'451655121','\0',0),(20,'2014-10-14 17:30:48','\0',NULL,'<ul style=\"font-size:12.0px;color:#666666;\">\r\n	<li>\r\n		全新小白熊奶瓶消毒器，别人送了2个，所以重复了，闲置在家中，现在便宜卖掉！\r\n	</li>\r\n</ul>',NULL,280,120,'黄女士',1,0,NULL,NULL,0,'小白熊奶瓶消毒器',4522235,NULL,40,1,'15200123423',426055,426056,426057,NULL,426055,NULL,'',3,'87686232','\0',0),(21,'2014-10-14 17:32:35','\0',NULL,'<ul style=\"color:#666666;font-size:12.0px;\">\r\n	<li>\r\n		1. 使用时长： 全新\r\n	</li>\r\n	<li>\r\n		2. 新旧程度描述： 全新\r\n	</li>\r\n	<li>\r\n		3. 存在的问题：无\r\n	</li>\r\n	<li>\r\n		4. 到手时间： 2014年10月12日\r\n	</li>\r\n</ul>',NULL,200,120,'何先生',1,0,NULL,NULL,0,'全新 海淘comotomo可么多么奶瓶250ml 粉色 附美国亚马逊购物凭证',4522005,NULL,40,1,'18901078900',426058,426059,426060,NULL,426058,NULL,'',3,'451655121','\0',0);

UNLOCK TABLES;

/*Table structure for table `shopping_spare_goodsclass` */

DROP TABLE IF EXISTS `shopping_spare_goodsclass`;

CREATE TABLE `shopping_spare_goodsclass` (
  `id` bigint(20) NOT NULL AUTO_INCREMENT,
  `addTime` datetime DEFAULT NULL,
  `deleteStatus` bit(1) NOT NULL,
  `className` varchar(255) DEFAULT NULL,
  `level` int(11) DEFAULT '0',
  `sequence` int(11) DEFAULT '0',
  `parent_id` bigint(20) DEFAULT NULL,
  `viewInFloor` bit(1) DEFAULT b'1',
  PRIMARY KEY (`id`),
  UNIQUE KEY `id` (`id`),
  KEY `FKAC6B673B93F273F2` (`parent_id`),
  KEY `FK7B5BBC219F768A1` (`parent_id`),
  CONSTRAINT `FK7B5BBC219F768A1` FOREIGN KEY (`parent_id`) REFERENCES `shopping_spare_goodsclass` (`id`),
  CONSTRAINT `FKAC6B673B93F273F2` FOREIGN KEY (`parent_id`) REFERENCES `shopping_spare_goodsclass` (`id`)
) ENGINE=InnoDB AUTO_INCREMENT=154 DEFAULT CHARSET=utf8;

/*Data for the table `shopping_spare_goodsclass` */

LOCK TABLES `shopping_spare_goodsclass` WRITE;

insert  into `shopping_spare_goodsclass`(`id`,`addTime`,`deleteStatus`,`className`,`level`,`sequence`,`parent_id`,`viewInFloor`) values (1,'2014-09-22 19:28:37','\0','闲置数码',1,1,NULL,''),(2,'2014-09-22 19:28:52','\0','闲置母婴',1,2,NULL,''),(3,'2014-09-22 19:29:43','\0','家居日用',1,3,NULL,''),(4,'2014-09-22 19:29:54','\0','影音家电 ',1,4,NULL,''),(5,'2014-09-22 19:30:06','\0','鞋服配饰',1,5,NULL,''),(6,'2014-09-22 19:30:18','\0','珠宝收藏 ',1,6,NULL,''),(7,'2014-09-22 19:30:28','\0','手机',2,0,1,''),(8,'2014-09-22 19:30:52','\0','相机/摄像机',2,1,1,''),(9,'2014-09-22 19:31:37','\0','手机壳',3,1,7,''),(10,'2014-10-09 15:25:29','\0','充电器',3,0,7,'\0'),(11,'2014-10-09 15:25:58','\0','电池',3,0,7,'\0'),(12,'2014-10-09 15:26:34','\0','耳机',3,0,7,''),(13,'2014-10-09 15:26:47','\0','数据线',3,0,7,''),(14,'2014-10-09 15:30:31','\0','相机',3,0,8,''),(15,'2014-10-09 15:30:46','\0','镜头',3,0,8,''),(16,'2014-10-09 15:31:00','\0','单反',3,0,8,''),(17,'2014-10-09 15:31:16','\0','胶片',3,0,8,''),(18,'2014-10-09 15:31:52','\0','电脑/电脑周边',2,3,1,''),(19,'2014-10-09 15:33:34','\0','笔记本',3,0,18,''),(20,'2014-10-09 15:33:52','\0','平板电脑',3,0,18,''),(21,'2014-10-09 15:34:13','\0','台式机',3,0,18,''),(22,'2014-10-09 15:34:23','\0','显示器',3,0,18,''),(23,'2014-10-09 15:34:54','\0','鼠标',3,0,18,''),(24,'2014-10-09 15:35:05','\0','硬盘',3,0,18,''),(25,'2014-10-09 15:35:16','\0','电源',3,0,18,'\0'),(26,'2014-10-09 15:49:32','\0','童装',2,0,2,''),(27,'2014-10-09 15:49:51','\0','婴儿服',2,1,2,''),(28,'2014-10-09 15:50:10','\0','宝宝用品',2,2,2,''),(29,'2014-10-09 15:51:28','\0','T恤',3,0,26,'\0'),(30,'2014-10-09 15:51:37','\0','外套',3,0,26,'\0'),(31,'2014-10-09 15:51:47','\0','棉袄',3,0,26,'\0'),(32,'2014-10-09 15:51:59','\0','毛衣',3,0,26,'\0'),(33,'2014-10-09 15:52:09','\0','羽绒',3,0,26,'\0'),(34,'2014-10-09 15:52:18','\0','套装',3,0,26,'\0'),(35,'2014-10-09 15:52:29','\0','童鞋',3,0,26,'\0'),(36,'2014-10-09 15:53:13','\0','哈衣',3,0,27,'\0'),(37,'2014-10-09 15:53:31','\0','新生儿礼盒',3,0,27,'\0'),(38,'2014-10-09 15:53:40','\0','肚兜',3,0,27,''),(39,'2014-10-09 15:53:55','\0','斗篷',3,0,27,''),(40,'2014-10-09 15:55:17','\0','奶瓶',3,0,28,''),(41,'2014-10-09 15:55:31','\0','奶嘴',3,0,28,''),(42,'2014-10-09 16:19:26','\0','婴儿推车',3,0,28,''),(43,'2014-10-09 16:20:04','\0','婴儿床',3,0,28,''),(44,'2014-10-09 16:20:31','\0','纸尿裤',3,0,28,''),(45,'2014-10-09 16:20:57','\0','游泳池',3,0,28,''),(46,'2014-10-09 16:21:08','\0','学步带',3,0,28,''),(47,'2014-10-09 16:21:26','\0','尿布',3,0,28,''),(48,'2014-10-09 16:21:36','\0','湿巾',3,0,28,''),(49,'2014-10-09 16:21:46','\0','沐浴',3,0,28,''),(50,'2014-10-09 16:21:59','\0','毛毯',3,0,28,'\0'),(51,'2014-10-09 16:23:19','\0','家具',2,0,3,'\0'),(52,'2014-10-09 16:23:34','\0','家纺家饰 ',2,0,3,'\0'),(53,'2014-10-09 16:23:46','\0','日用日化',2,0,3,'\0'),(54,'2014-10-09 16:24:17','\0','床',3,0,51,'\0'),(55,'2014-10-09 16:24:26','\0','沙发',3,0,51,'\0'),(56,'2014-10-09 16:24:34','\0','茶几',3,0,51,'\0'),(57,'2014-10-09 16:24:59','\0','餐桌',3,0,51,'\0'),(58,'2014-10-09 16:25:09','\0','椅子',3,0,51,'\0'),(59,'2014-10-09 16:25:16','\0','衣柜',3,0,51,'\0'),(60,'2014-10-09 16:25:23','\0','鞋柜',3,0,51,'\0'),(61,'2014-10-09 16:25:32','\0','床头柜',3,0,51,'\0'),(62,'2014-10-09 16:25:40','\0','置物架',3,0,51,'\0'),(63,'2014-10-09 16:25:48','\0','鞋架',3,0,51,'\0'),(64,'2014-10-09 16:25:56','\0','书架',3,0,51,'\0'),(65,'2014-10-09 16:30:35','\0','四件套',3,0,52,'\0'),(66,'2014-10-09 16:30:59','\0','枕头',3,0,52,'\0'),(67,'2014-10-09 16:31:07','\0','床单',3,0,52,'\0'),(68,'2014-10-09 16:31:15','\0','被套',3,0,52,'\0'),(69,'2014-10-09 16:31:22','\0','被子',3,0,52,'\0'),(70,'2014-10-09 16:31:29','\0','窗帘',3,0,52,'\0'),(71,'2014-10-09 16:33:14','\0','地毯',3,0,52,'\0'),(72,'2014-10-09 16:33:21','\0','地垫',3,0,52,'\0'),(73,'2014-10-09 16:33:54','\0','靠垫',3,0,52,'\0'),(74,'2014-10-09 16:34:01','\0','桌布',3,0,52,'\0'),(75,'2014-10-09 16:34:27','\0','毛巾',3,0,53,'\0'),(76,'2014-10-09 16:34:35','\0','洗衣液',3,0,53,'\0'),(77,'2014-10-09 16:34:42','\0','洗衣粉',3,0,53,'\0'),(78,'2014-10-09 16:34:49','\0','伞',3,0,53,'\0'),(79,'2014-10-09 16:34:56','\0','雨衣',3,0,53,'\0'),(80,'2014-10-09 16:35:14','\0','垃圾桶',3,0,53,'\0'),(81,'2014-10-09 16:36:16','\0','大家电',2,0,4,'\0'),(82,'2014-10-09 16:36:26','\0','生活小家电',2,0,4,'\0'),(83,'2014-10-09 16:36:41','\0','厨房电器',2,0,4,'\0'),(84,'2014-10-09 16:37:30','\0','影音/耳机/HIFI ',2,0,4,'\0'),(85,'2014-10-09 16:38:37','\0','电视机',3,0,81,'\0'),(86,'2014-10-09 16:38:55','\0','洗衣机',3,0,81,'\0'),(87,'2014-10-09 16:39:10','\0','空调',3,0,81,'\0'),(88,'2014-10-09 16:39:24','\0','冰箱',3,0,81,'\0'),(89,'2014-10-09 16:39:32','\0','热水器',3,0,81,'\0'),(90,'2014-10-09 16:40:09','\0','吹风机',3,0,82,'\0'),(91,'2014-10-09 16:40:19','\0','剃须刀',3,0,82,'\0'),(92,'2014-10-09 16:40:26','\0','风扇',3,0,82,'\0'),(93,'2014-10-09 16:40:33','\0','加湿器',3,0,82,'\0'),(94,'2014-10-09 16:40:40','\0','挂烫机',3,0,82,'\0'),(95,'2014-10-09 16:41:13','\0','豆浆机',3,0,83,'\0'),(96,'2014-10-09 16:41:21','\0','榨汁机',3,0,83,'\0'),(97,'2014-10-09 16:41:29','\0','酸奶机',3,0,83,'\0'),(98,'2014-10-09 16:41:36','\0','面包机',3,0,83,'\0'),(99,'2014-10-09 16:41:45','\0','冰淇淋机',3,0,83,'\0'),(100,'2014-10-09 16:42:02','\0','电饭煲',3,0,83,'\0'),(101,'2014-10-09 16:42:30','\0','耳机',3,0,84,'\0'),(102,'2014-10-09 16:42:38','\0','音箱',3,0,84,'\0'),(103,'2014-10-09 16:42:45','\0','功放',3,0,84,'\0'),(104,'2014-10-09 16:42:54','\0','低音炮',3,0,84,'\0'),(105,'2014-10-09 16:43:33','\0','麦克风',3,0,84,'\0'),(106,'2014-10-09 16:43:50','\0','女装',2,0,5,'\0'),(107,'2014-10-09 16:44:06','\0','女鞋',2,0,5,'\0'),(108,'2014-10-09 16:44:16','\0','箱包',2,0,5,'\0'),(109,'2014-10-09 16:44:25','\0','配饰',2,0,5,'\0'),(110,'2014-10-09 16:45:20','\0','连衣裙',3,0,106,'\0'),(111,'2014-10-09 16:45:29','\0','半身裙',3,0,106,'\0'),(112,'2014-10-09 16:45:36','\0','T恤',3,0,106,'\0'),(113,'2014-10-09 16:46:33','\0','衬衫',3,0,106,'\0'),(114,'2014-10-09 16:46:40','\0','卫衣',3,0,106,'\0'),(115,'2014-10-09 16:48:25','\0','运动鞋',3,0,107,'\0'),(116,'2014-10-09 16:48:33','\0','单鞋',3,0,107,'\0'),(117,'2014-10-09 16:48:43','\0','皮鞋',3,0,107,'\0'),(118,'2014-10-09 16:49:00','\0','帆布鞋',3,0,107,'\0'),(119,'2014-10-09 16:49:21','\0','女包',3,0,108,'\0'),(120,'2014-10-09 16:50:30','\0','男包',3,0,108,'\0'),(121,'2014-10-09 16:50:39','\0','旅行箱',3,0,108,'\0'),(122,'2014-10-09 16:51:02','\0','腰带',3,0,109,'\0'),(123,'2014-10-09 16:51:09','\0','皮带',3,0,109,'\0'),(124,'2014-10-09 16:51:25','\0','帽子',2,0,5,'\0'),(125,'2014-10-09 16:51:32','\0','围巾',2,0,5,'\0'),(126,'2014-10-09 16:51:41','\0','丝巾',2,0,5,'\0'),(127,'2014-10-09 16:52:03','\0','珠宝',2,0,6,'\0'),(128,'2014-10-09 16:52:12','\0','手表',2,0,6,'\0'),(129,'2014-10-09 16:52:20','\0','饰品',2,0,6,'\0'),(130,'2014-10-09 16:52:28','\0','收藏品',2,0,6,'\0'),(131,'2014-10-09 16:53:06','\0','翡翠',3,0,127,'\0'),(132,'2014-10-09 16:53:14','\0','黄金',3,0,127,'\0'),(133,'2014-10-09 16:53:20','\0','钻石',3,0,127,'\0'),(134,'2014-10-09 16:53:28','\0','珍珠',3,0,127,'\0'),(135,'2014-10-09 16:53:35','\0','碧玺',3,0,127,'\0'),(136,'2014-10-09 16:53:43','\0','铂金',3,0,127,'\0'),(137,'2014-10-09 16:53:50','\0','琥珀',3,0,127,'\0'),(138,'2014-10-09 16:54:12','\0','机械表',3,0,128,'\0'),(139,'2014-10-09 16:54:26','\0','石英表',3,0,128,'\0'),(140,'2014-10-09 16:54:33','\0','电子表',3,0,128,'\0'),(141,'2014-10-09 16:55:05','\0','眼镜',3,0,129,'\0'),(142,'2014-10-09 16:56:16','\0','手链',3,0,129,'\0'),(143,'2014-10-09 16:57:18','\0','项链',3,0,129,'\0'),(144,'2014-10-09 17:05:23','\0','吊坠',3,0,129,'\0'),(145,'2014-10-09 17:05:34','\0','手镯',3,0,129,'\0'),(146,'2014-10-09 17:05:42','\0','戒指',3,0,129,'\0'),(147,'2014-10-09 17:05:49','\0','水晶',3,0,129,'\0'),(148,'2014-10-09 17:06:10','\0','古玩',3,0,130,'\0'),(149,'2014-10-09 17:06:51','\0','邮票',3,0,130,'\0'),(150,'2014-10-09 17:06:58','\0','钱币',3,0,130,'\0'),(151,'2014-10-09 17:07:05','\0','和田玉',3,0,130,'\0'),(152,'2014-10-09 17:07:13','\0','古玉',3,0,130,'\0'),(153,'2014-10-09 17:07:20','\0','陶瓷',3,0,130,'\0');

UNLOCK TABLES;

/*Table structure for table `shopping_spare_goodsfloor` */

DROP TABLE IF EXISTS `shopping_spare_goodsfloor`;

CREATE TABLE `shopping_spare_goodsfloor` (
  `id` bigint(20) NOT NULL AUTO_INCREMENT,
  `addTime` datetime DEFAULT NULL,
  `deleteStatus` bit(1) NOT NULL,
  `adver_id` varchar(255) DEFAULT NULL,
  `sequence` int(11) DEFAULT '0',
  `title` varchar(255) DEFAULT NULL,
  `visable` int(11) DEFAULT '1',
  `sgc_id` bigint(20) DEFAULT NULL,
  `adver_type` int(11) DEFAULT '0',
  `advert_url` varchar(255) DEFAULT NULL,
  `advert_id` bigint(20) DEFAULT NULL,
  `advert_img_id` bigint(20) DEFAULT NULL,
  `display` bit(1) DEFAULT b'1',
  `adp_id` bigint(20) DEFAULT NULL,
  PRIMARY KEY (`id`),
  UNIQUE KEY `id` (`id`),
  KEY `FKAC95E1CFE2A2F9ED` (`sgc_id`),
  KEY `FKAC95E1CF8DEA4DD` (`advert_img_id`),
  KEY `FKAC95E1CF20641F1` (`advert_id`),
  KEY `FKAC95E1CF26BE20C1` (`adp_id`),
  KEY `FK7B8636B5F9005A32` (`adp_id`),
  KEY `FK7B8636B558A7EE9C` (`sgc_id`),
  KEY `FK7B8636B5502888CC` (`advert_img_id`),
  CONSTRAINT `FK7B8636B5502888CC` FOREIGN KEY (`advert_img_id`) REFERENCES `shopping_accessory` (`id`),
  CONSTRAINT `FK7B8636B558A7EE9C` FOREIGN KEY (`sgc_id`) REFERENCES `shopping_spare_goodsclass` (`id`),
  CONSTRAINT `FK7B8636B5F9005A32` FOREIGN KEY (`adp_id`) REFERENCES `shopping_adv_pos` (`id`),
  CONSTRAINT `FKAC95E1CF20641F1` FOREIGN KEY (`advert_id`) REFERENCES `shopping_advert` (`id`),
  CONSTRAINT `FKAC95E1CF26BE20C1` FOREIGN KEY (`adp_id`) REFERENCES `shopping_adv_pos` (`id`),
  CONSTRAINT `FKAC95E1CF8DEA4DD` FOREIGN KEY (`advert_img_id`) REFERENCES `shopping_accessory` (`id`),
  CONSTRAINT `FKAC95E1CFE2A2F9ED` FOREIGN KEY (`sgc_id`) REFERENCES `shopping_spare_goodsclass` (`id`)
) ENGINE=InnoDB AUTO_INCREMENT=4 DEFAULT CHARSET=utf8;

/*Data for the table `shopping_spare_goodsfloor` */

LOCK TABLES `shopping_spare_goodsfloor` WRITE;

insert  into `shopping_spare_goodsfloor`(`id`,`addTime`,`deleteStatus`,`adver_id`,`sequence`,`title`,`visable`,`sgc_id`,`adver_type`,`advert_url`,`advert_id`,`advert_img_id`,`display`,`adp_id`) values (2,'2014-10-10 10:17:41','\0','1222',0,'数码控.土豪来袭',1,1,0,'#',NULL,426022,'',NULL),(3,'2014-10-14 12:30:23','\0',NULL,1,'少女&辣妈都是我',1,2,0,'#',NULL,426027,'',NULL);

UNLOCK TABLES;

/*Table structure for table `shopping_store` */

DROP TABLE IF EXISTS `shopping_store`;

CREATE TABLE `shopping_store` (
  `id` bigint(20) NOT NULL AUTO_INCREMENT,
  `addTime` datetime DEFAULT NULL,
  `deleteStatus` bit(1) NOT NULL,
  `card_approve` bit(1) NOT NULL,
  `realstore_approve` bit(1) NOT NULL,
  `store_address` varchar(255) DEFAULT NULL,
  `store_credit` int(11) NOT NULL,
  `store_info` longtext,
  `store_msn` varchar(255) DEFAULT NULL,
  `store_name` varchar(255) DEFAULT NULL,
  `store_ower` varchar(255) DEFAULT NULL,
  `store_ower_card` varchar(255) DEFAULT NULL,
  `store_qq` varchar(255) DEFAULT NULL,
  `store_recommend` bit(1) NOT NULL,
  `store_recommend_time` datetime DEFAULT NULL,
  `store_seo_description` longtext,
  `store_seo_keywords` longtext,
  `store_status` int(11) NOT NULL,
  `store_telephone` varchar(255) DEFAULT NULL,
  `store_zip` varchar(255) DEFAULT NULL,
  `template` varchar(255) DEFAULT NULL,
  `validity` datetime DEFAULT NULL,
  `violation_reseaon` longtext,
  `area_id` bigint(20) DEFAULT NULL,
  `card_id` bigint(20) DEFAULT NULL,
  `grade_id` bigint(20) DEFAULT NULL,
  `sc_id` bigint(20) DEFAULT NULL,
  `store_banner_id` bigint(20) DEFAULT NULL,
  `store_license_id` bigint(20) DEFAULT NULL,
  `store_logo_id` bigint(20) DEFAULT NULL,
  `update_grade_id` bigint(20) DEFAULT NULL,
  `domain_modify_count` int(11) DEFAULT '0',
  `store_second_domain` varchar(255) DEFAULT NULL,
  `favorite_count` int(11) DEFAULT '0',
  `store_lat` decimal(6,2) DEFAULT NULL,
  `store_lng` decimal(6,2) DEFAULT NULL,
  `store_ww` varchar(255) DEFAULT NULL,
  `map_type` varchar(255) DEFAULT 'baidu',
  `delivery_begin_time` datetime DEFAULT NULL,
  `delivery_end_time` datetime DEFAULT NULL,
  `combin_begin_time` datetime DEFAULT NULL,
  `combin_end_time` datetime DEFAULT NULL,
  `weixin_begin_time` date DEFAULT NULL,
  `weixin_end_time` date DEFAULT NULL,
  `weixin_status` int(11) DEFAULT '0',
  `weixin_appId` varchar(255) DEFAULT NULL,
  `weixin_appSecret` varchar(255) DEFAULT NULL,
  `weixin_token` varchar(255) DEFAULT NULL,
  `weixin_welecome_content` longtext,
  `weixin_qr_img_id` bigint(20) DEFAULT NULL,
  `weixin_account` varchar(255) DEFAULT NULL,
  `store_weixin_logo_id` bigint(20) DEFAULT NULL,
  `weixin_store_name` varchar(255) DEFAULT NULL,
  PRIMARY KEY (`id`),
  KEY `FK1A2E9F4AFA5E3FC2` (`area_id`),
  KEY `FK1A2E9F4A8D04BD7` (`update_grade_id`),
  KEY `FK1A2E9F4A33028121` (`grade_id`),
  KEY `FK1A2E9F4A11D81442` (`weixin_qr_img_id`),
  KEY `FK1A2E9F4A929E09BB` (`store_logo_id`),
  KEY `FK1A2E9F4A7CE341A` (`store_banner_id`),
  KEY `FK1A2E9F4A9A6FEF94` (`card_id`),
  KEY `FK1A2E9F4AC98DF95A` (`store_weixin_logo_id`),
  KEY `FK1A2E9F4A33F45DA9` (`sc_id`),
  KEY `FK1A2E9F4AA10642E1` (`store_license_id`),
  CONSTRAINT `FK1A2E9F4A11D81442` FOREIGN KEY (`weixin_qr_img_id`) REFERENCES `shopping_accessory` (`id`),
  CONSTRAINT `FK1A2E9F4A33028121` FOREIGN KEY (`grade_id`) REFERENCES `shopping_storegrade` (`id`),
  CONSTRAINT `FK1A2E9F4A33F45DA9` FOREIGN KEY (`sc_id`) REFERENCES `shopping_storeclass` (`id`),
  CONSTRAINT `FK1A2E9F4A7CE341A` FOREIGN KEY (`store_banner_id`) REFERENCES `shopping_accessory` (`id`),
  CONSTRAINT `FK1A2E9F4A8D04BD7` FOREIGN KEY (`update_grade_id`) REFERENCES `shopping_storegrade` (`id`),
  CONSTRAINT `FK1A2E9F4A929E09BB` FOREIGN KEY (`store_logo_id`) REFERENCES `shopping_accessory` (`id`),
  CONSTRAINT `FK1A2E9F4A9A6FEF94` FOREIGN KEY (`card_id`) REFERENCES `shopping_accessory` (`id`),
  CONSTRAINT `FK1A2E9F4AA10642E1` FOREIGN KEY (`store_license_id`) REFERENCES `shopping_accessory` (`id`),
  CONSTRAINT `FK1A2E9F4AC98DF95A` FOREIGN KEY (`store_weixin_logo_id`) REFERENCES `shopping_accessory` (`id`),
  CONSTRAINT `FK1A2E9F4AFA5E3FC2` FOREIGN KEY (`area_id`) REFERENCES `shopping_area` (`id`)
) ENGINE=InnoDB AUTO_INCREMENT=32776 DEFAULT CHARSET=utf8;

/*Data for the table `shopping_store` */

LOCK TABLES `shopping_store` WRITE;

insert  into `shopping_store`(`id`,`addTime`,`deleteStatus`,`card_approve`,`realstore_approve`,`store_address`,`store_credit`,`store_info`,`store_msn`,`store_name`,`store_ower`,`store_ower_card`,`store_qq`,`store_recommend`,`store_recommend_time`,`store_seo_description`,`store_seo_keywords`,`store_status`,`store_telephone`,`store_zip`,`template`,`validity`,`violation_reseaon`,`area_id`,`card_id`,`grade_id`,`sc_id`,`store_banner_id`,`store_license_id`,`store_logo_id`,`update_grade_id`,`domain_modify_count`,`store_second_domain`,`favorite_count`,`store_lat`,`store_lng`,`store_ww`,`map_type`,`delivery_begin_time`,`delivery_end_time`,`combin_begin_time`,`combin_end_time`,`weixin_begin_time`,`weixin_end_time`,`weixin_status`,`weixin_appId`,`weixin_appSecret`,`weixin_token`,`weixin_welecome_content`,`weixin_qr_img_id`,`weixin_account`,`store_weixin_logo_id`,`weixin_store_name`) values (1,'2013-12-24 12:55:25','\0','\0','\0','xxxxx',1801,'','88888888@qq.con','平台自营店','shopping','123456789012345678','88888888','','2015-03-02 20:05:48','','',2,'024-32323528','110003','blue',NULL,'',4522485,NULL,1,1,NULL,NULL,NULL,NULL,3,'shopping',1,'41.79','123.37',NULL,'baidu','2014-09-28 10:51:35','2020-11-28 10:51:35','2014-10-09 12:13:35','2010-08-09 12:13:35','2014-11-12','2015-07-12',2,'wx9c8421965912b0f5','390fc5d329489a203df74407109ea46c','shopping_c2c','<p>\r\n	欢迎来到shopping商城</p>',426061,'shopping_c2c商城',NULL,NULL),(32768,'2014-01-02 21:01:15','\0','\0','\0','xxxx',0,NULL,NULL,'四川特产旗舰店','admin','',NULL,'','2014-10-28 14:50:36',NULL,NULL,2,'','450001','black',NULL,'',4524506,NULL,1,16,NULL,NULL,NULL,NULL,0,'shop1',1,NULL,NULL,NULL,'baidu',NULL,NULL,NULL,NULL,NULL,NULL,0,NULL,NULL,NULL,NULL,NULL,NULL,NULL,NULL),(32769,'2014-09-25 11:26:36','\0','\0','\0','xxxx',0,NULL,NULL,'宏达通信','宏达','',NULL,'','2014-09-25 12:16:43',NULL,NULL,2,NULL,'110020','pink',NULL,NULL,4522489,NULL,1,20,NULL,NULL,NULL,NULL,0,'shop32769',0,NULL,NULL,NULL,NULL,NULL,NULL,NULL,NULL,NULL,NULL,0,NULL,NULL,NULL,NULL,NULL,NULL,NULL,NULL),(32770,'2015-02-28 16:08:11','\0','','','',0,NULL,NULL,'好时光','黑暗达人','110109198509100042',NULL,'\0',NULL,NULL,NULL,2,'','','blue',NULL,'',4521986,NULL,3,9,NULL,NULL,NULL,NULL,0,'shop32778',0,NULL,NULL,NULL,NULL,NULL,NULL,NULL,NULL,NULL,NULL,0,NULL,NULL,NULL,NULL,NULL,NULL,NULL,NULL),(32771,'2015-02-28 16:27:28','\0','\0','\0','',0,NULL,NULL,'兔兔集中营','兔兔','110109198509100042',NULL,'\0',NULL,NULL,NULL,2,NULL,'','default',NULL,NULL,4521986,NULL,1,9,NULL,NULL,NULL,NULL,0,'shop32778',0,NULL,NULL,NULL,NULL,NULL,NULL,NULL,NULL,NULL,NULL,0,NULL,NULL,NULL,NULL,NULL,NULL,NULL,NULL),(32772,'2015-03-01 00:05:36','\0','\0','\0','',0,NULL,NULL,'店铺类型','随意','123456789012345678',NULL,'\0',NULL,NULL,NULL,2,NULL,'','default',NULL,NULL,4522006,NULL,1,2,NULL,NULL,NULL,NULL,0,'shop32781',0,NULL,NULL,NULL,NULL,NULL,NULL,NULL,NULL,NULL,NULL,0,NULL,NULL,NULL,NULL,NULL,NULL,NULL,NULL),(32773,'2015-03-01 15:52:18','\0','\0','\0','',0,NULL,NULL,'滕飞传媒','滕飞','370785198601190391',NULL,'\0',NULL,NULL,NULL,2,'','','default',NULL,'',4523558,NULL,1,9,NULL,NULL,NULL,NULL,0,'shop32782',0,NULL,NULL,NULL,NULL,NULL,NULL,NULL,NULL,NULL,NULL,0,NULL,NULL,NULL,NULL,NULL,NULL,NULL,NULL),(32774,'2016-03-15 17:40:47','\0','\0','\0','奥迪',0,NULL,NULL,'旗舰男装店','haiyan','123123123123',NULL,'\0',NULL,NULL,NULL,2,'','1231231','green',NULL,'',4523018,NULL,3,2,NULL,NULL,NULL,NULL,0,'shop32786',0,NULL,NULL,NULL,NULL,NULL,NULL,NULL,NULL,NULL,NULL,0,NULL,NULL,NULL,NULL,NULL,NULL,NULL,NULL),(32775,'2016-04-01 18:01:28','\0','\0','\0','XX路3号',0,'精品数码，欢迎选购！<br />','','精品数码店','john','123123123123','','\0',NULL,'','',2,'','211000','tea',NULL,NULL,4521987,NULL,1,16,NULL,NULL,426308,NULL,0,'shop32787',0,NULL,NULL,'',NULL,NULL,NULL,NULL,NULL,NULL,NULL,0,NULL,NULL,NULL,NULL,NULL,NULL,NULL,NULL);

UNLOCK TABLES;

/*Table structure for table `shopping_store_nav` */

DROP TABLE IF EXISTS `shopping_store_nav`;

CREATE TABLE `shopping_store_nav` (
  `id` bigint(20) NOT NULL AUTO_INCREMENT,
  `addTime` datetime DEFAULT NULL,
  `deleteStatus` bit(1) NOT NULL,
  `content` longtext,
  `display` bit(1) NOT NULL,
  `sequence` varchar(255) DEFAULT NULL,
  `title` varchar(255) DEFAULT NULL,
  `url` varchar(255) DEFAULT NULL,
  `win_type` varchar(255) DEFAULT NULL,
  `store_id` bigint(20) DEFAULT NULL,
  PRIMARY KEY (`id`),
  KEY `FK1806C2AE1C0CA9F2` (`store_id`),
  CONSTRAINT `FK1806C2AE1C0CA9F2` FOREIGN KEY (`store_id`) REFERENCES `shopping_store` (`id`)
) ENGINE=InnoDB DEFAULT CHARSET=utf8;

/*Data for the table `shopping_store_nav` */

LOCK TABLES `shopping_store_nav` WRITE;

UNLOCK TABLES;

/*Table structure for table `shopping_store_partner` */

DROP TABLE IF EXISTS `shopping_store_partner`;

CREATE TABLE `shopping_store_partner` (
  `id` bigint(20) NOT NULL AUTO_INCREMENT,
  `addTime` datetime DEFAULT NULL,
  `deleteStatus` bit(1) NOT NULL,
  `sequence` int(11) NOT NULL,
  `title` varchar(255) DEFAULT NULL,
  `url` varchar(255) DEFAULT NULL,
  `store_id` bigint(20) DEFAULT NULL,
  PRIMARY KEY (`id`),
  KEY `FKC63438D31C0CA9F2` (`store_id`),
  CONSTRAINT `FKC63438D31C0CA9F2` FOREIGN KEY (`store_id`) REFERENCES `shopping_store` (`id`)
) ENGINE=InnoDB DEFAULT CHARSET=utf8;

/*Data for the table `shopping_store_partner` */

LOCK TABLES `shopping_store_partner` WRITE;

UNLOCK TABLES;

/*Table structure for table `shopping_store_point` */

DROP TABLE IF EXISTS `shopping_store_point`;

CREATE TABLE `shopping_store_point` (
  `id` bigint(20) NOT NULL AUTO_INCREMENT,
  `addTime` datetime DEFAULT NULL,
  `deleteStatus` bit(1) NOT NULL,
  `description_evaluate` decimal(4,1) DEFAULT NULL,
  `description_evaluate_halfyear` decimal(4,1) DEFAULT NULL,
  `description_evaluate_halfyear_count1` int(11) NOT NULL,
  `description_evaluate_halfyear_count2` int(11) NOT NULL,
  `description_evaluate_halfyear_count3` int(11) NOT NULL,
  `description_evaluate_halfyear_count4` int(11) NOT NULL,
  `description_evaluate_halfyear_count5` int(11) NOT NULL,
  `service_evaluate` decimal(4,1) DEFAULT NULL,
  `service_evaluate_halfyear` decimal(4,1) DEFAULT NULL,
  `service_evaluate_halfyear_count1` int(11) NOT NULL,
  `service_evaluate_halfyear_count2` int(11) NOT NULL,
  `service_evaluate_halfyear_count3` int(11) NOT NULL,
  `service_evaluate_halfyear_count4` int(11) NOT NULL,
  `service_evaluate_halfyear_count5` int(11) NOT NULL,
  `ship_evaluate` decimal(4,1) DEFAULT NULL,
  `ship_evaluate_halfyear` decimal(4,1) DEFAULT NULL,
  `ship_evaluate_halfyear_count1` int(11) NOT NULL,
  `ship_evaluate_halfyear_count2` int(11) NOT NULL,
  `ship_evaluate_halfyear_count3` int(11) NOT NULL,
  `ship_evaluate_halfyear_count4` int(11) NOT NULL,
  `ship_evaluate_halfyear_count5` int(11) NOT NULL,
  `store_evaluate1` decimal(4,1) DEFAULT NULL,
  `store_id` bigint(20) DEFAULT NULL,
  `statTime` datetime DEFAULT NULL,
  PRIMARY KEY (`id`),
  UNIQUE KEY `id` (`id`),
  KEY `FK3183385B1C0CA9F2` (`store_id`),
  CONSTRAINT `FK3183385B1C0CA9F2` FOREIGN KEY (`store_id`) REFERENCES `shopping_store` (`id`)
) ENGINE=InnoDB AUTO_INCREMENT=32776 DEFAULT CHARSET=utf8;

/*Data for the table `shopping_store_point` */

LOCK TABLES `shopping_store_point` WRITE;

insert  into `shopping_store_point`(`id`,`addTime`,`deleteStatus`,`description_evaluate`,`description_evaluate_halfyear`,`description_evaluate_halfyear_count1`,`description_evaluate_halfyear_count2`,`description_evaluate_halfyear_count3`,`description_evaluate_halfyear_count4`,`description_evaluate_halfyear_count5`,`service_evaluate`,`service_evaluate_halfyear`,`service_evaluate_halfyear_count1`,`service_evaluate_halfyear_count2`,`service_evaluate_halfyear_count3`,`service_evaluate_halfyear_count4`,`service_evaluate_halfyear_count5`,`ship_evaluate`,`ship_evaluate_halfyear`,`ship_evaluate_halfyear_count1`,`ship_evaluate_halfyear_count2`,`ship_evaluate_halfyear_count3`,`ship_evaluate_halfyear_count4`,`ship_evaluate_halfyear_count5`,`store_evaluate1`,`store_id`,`statTime`) values (1,'2014-01-05 15:07:48','\0','4.7','0.0',0,0,0,0,0,'2.0','0.0',0,0,0,0,0,'2.8','2.8',0,0,0,0,0,'0.7',1,'2019-11-18 00:30:00'),(32768,NULL,'\0','0.0','0.0',0,0,0,0,0,'0.0','0.0',0,0,0,0,0,'0.0','0.0',0,0,0,0,0,'0.0',32768,'2019-11-18 00:30:00'),(32769,NULL,'\0','0.0','0.0',0,0,0,0,0,'0.0','0.0',0,0,0,0,0,'0.0','0.0',0,0,0,0,0,'0.0',32769,'2019-11-18 00:30:00'),(32770,NULL,'\0','0.0','0.0',0,0,0,0,0,'0.0','0.0',0,0,0,0,0,'0.0','0.0',0,0,0,0,0,'0.0',32770,'2019-11-18 00:30:01'),(32771,NULL,'\0','0.0','0.0',0,0,0,0,0,'0.0','0.0',0,0,0,0,0,'0.0','0.0',0,0,0,0,0,'0.0',32771,'2019-11-18 00:30:01'),(32772,NULL,'\0','0.0','0.0',0,0,0,0,0,'0.0','0.0',0,0,0,0,0,'0.0','0.0',0,0,0,0,0,'0.0',32772,'2019-11-18 00:30:01'),(32773,NULL,'\0','0.0','0.0',0,0,0,0,0,'0.0','0.0',0,0,0,0,0,'0.0','0.0',0,0,0,0,0,'0.0',32773,'2019-11-18 00:30:01'),(32774,NULL,'\0','0.0','0.0',0,0,0,0,0,'0.0','0.0',0,0,0,0,0,'0.0','0.0',0,0,0,0,0,'0.0',32774,'2019-11-18 00:30:01'),(32775,NULL,'\0','0.0','0.0',0,0,0,0,0,'0.0','0.0',0,0,0,0,0,'0.0','0.0',0,0,0,0,0,'0.0',32775,'2019-11-18 00:30:01');

UNLOCK TABLES;

/*Table structure for table `shopping_store_slide` */

DROP TABLE IF EXISTS `shopping_store_slide`;

CREATE TABLE `shopping_store_slide` (
  `id` bigint(20) NOT NULL AUTO_INCREMENT,
  `addTime` datetime DEFAULT NULL,
  `deleteStatus` bit(1) NOT NULL,
  `url` varchar(255) DEFAULT NULL,
  `acc_id` bigint(20) DEFAULT NULL,
  `store_id` bigint(20) DEFAULT NULL,
  PRIMARY KEY (`id`),
  KEY `FK31AC207C1C0CA9F2` (`store_id`),
  KEY `FK31AC207C24933083` (`acc_id`),
  CONSTRAINT `FK31AC207C1C0CA9F2` FOREIGN KEY (`store_id`) REFERENCES `shopping_store` (`id`),
  CONSTRAINT `FK31AC207C24933083` FOREIGN KEY (`acc_id`) REFERENCES `shopping_accessory` (`id`)
) ENGINE=InnoDB DEFAULT CHARSET=utf8;

/*Data for the table `shopping_store_slide` */

LOCK TABLES `shopping_store_slide` WRITE;

UNLOCK TABLES;

/*Table structure for table `shopping_store_stat` */

DROP TABLE IF EXISTS `shopping_store_stat`;

CREATE TABLE `shopping_store_stat` (
  `id` bigint(20) NOT NULL AUTO_INCREMENT,
  `addTime` datetime DEFAULT NULL,
  `deleteStatus` bit(1) NOT NULL,
  `all_goods` int(11) NOT NULL,
  `all_store` int(11) NOT NULL,
  `all_user` int(11) NOT NULL,
  `next_time` datetime DEFAULT NULL,
  `order_amount` decimal(12,2) DEFAULT NULL,
  `store_update` int(11) NOT NULL,
  `week_complaint` int(11) NOT NULL,
  `week_goods` int(11) NOT NULL,
  `week_order` int(11) NOT NULL,
  `week_report` int(11) NOT NULL,
  `week_store` int(11) NOT NULL,
  `week_user` int(11) NOT NULL,
  PRIMARY KEY (`id`)
) ENGINE=InnoDB AUTO_INCREMENT=2 DEFAULT CHARSET=utf8;

/*Data for the table `shopping_store_stat` */

LOCK TABLES `shopping_store_stat` WRITE;

insert  into `shopping_store_stat`(`id`,`addTime`,`deleteStatus`,`all_goods`,`all_store`,`all_user`,`next_time`,`order_amount`,`store_update`,`week_complaint`,`week_goods`,`week_order`,`week_report`,`week_store`,`week_user`) values (1,'2019-11-18 00:30:00','\0',172,9,24,'2019-11-18 01:00:00','0.00',0,0,0,0,0,0,0);

UNLOCK TABLES;

/*Table structure for table `shopping_storecart` */

DROP TABLE IF EXISTS `shopping_storecart`;

CREATE TABLE `shopping_storecart` (
  `id` bigint(20) NOT NULL AUTO_INCREMENT,
  `addTime` datetime DEFAULT NULL,
  `deleteStatus` bit(1) NOT NULL,
  `cart_session_id` varchar(255) DEFAULT NULL,
  `total_price` decimal(19,2) DEFAULT NULL,
  `store_id` bigint(20) DEFAULT NULL,
  `user_id` bigint(20) DEFAULT NULL,
  `sc_status` int(11) DEFAULT '0',
  PRIMARY KEY (`id`),
  UNIQUE KEY `id` (`id`),
  KEY `FK7EE3A390537B6C51` (`user_id`),
  KEY `FK1808656A1C0CA9F2` (`store_id`),
  KEY `FK1808656A1E208F02` (`user_id`),
  CONSTRAINT `FK1808656A1C0CA9F2` FOREIGN KEY (`store_id`) REFERENCES `shopping_store` (`id`),
  CONSTRAINT `FK1808656A1E208F02` FOREIGN KEY (`user_id`) REFERENCES `shopping_user` (`id`),
  CONSTRAINT `FK7EE3A390537B6C51` FOREIGN KEY (`user_id`) REFERENCES `shopping_user` (`id`)
) ENGINE=InnoDB AUTO_INCREMENT=163 DEFAULT CHARSET=utf8;

/*Data for the table `shopping_storecart` */

LOCK TABLES `shopping_storecart` WRITE;

insert  into `shopping_storecart`(`id`,`addTime`,`deleteStatus`,`cart_session_id`,`total_price`,`store_id`,`user_id`,`sc_status`) values (19,'2014-11-28 09:12:45','\0',NULL,'5340.00',1,1,1),(43,'2014-11-28 15:12:34','\0',NULL,'789.00',1,1,1),(72,'2014-11-30 16:43:38','\0',NULL,'386.00',1,1,1),(73,'2014-11-30 18:29:15','\0',NULL,'1160.00',1,1,1),(74,'2014-12-02 12:27:10','\0',NULL,'178.00',1,1,1),(75,'2014-12-02 12:28:42','\0',NULL,'178.00',1,1,1),(76,'2014-12-02 12:29:37','\0',NULL,'178.00',1,1,1),(82,'2014-12-02 16:21:58','\0',NULL,'300.00',1,1,1),(83,'2014-12-02 16:35:32','\0',NULL,'600.00',1,1,1),(84,'2014-12-02 16:49:51','\0',NULL,'235.00',1,1,1),(85,'2014-12-02 17:01:58','\0',NULL,'235.00',1,1,1),(86,'2014-12-02 17:13:34','\0',NULL,'235.00',1,1,1),(87,'2014-12-02 17:21:38','\0',NULL,'600.00',1,1,1),(92,'2014-12-03 09:47:40','\0',NULL,'98.00',1,1,1),(93,'2014-12-03 10:10:13','\0',NULL,'890.00',1,1,1),(94,'2014-12-03 10:17:40','\0',NULL,'600.00',1,1,1),(95,'2014-12-03 10:28:17','\0',NULL,'600.00',1,1,1),(96,'2014-12-03 10:30:34','\0',NULL,'600.00',1,1,1),(97,'2014-12-03 10:42:21','\0',NULL,'600.00',1,1,1),(98,'2014-12-03 11:18:41','\0',NULL,'600.00',1,1,1),(99,'2014-12-03 11:40:20','\0',NULL,'15.00',1,1,1),(100,'2014-12-03 12:19:23','\0',NULL,'890.00',1,1,1),(101,'2014-12-03 12:38:32','\0',NULL,'600.00',1,1,1),(102,'2014-12-03 13:27:25','\0',NULL,'15.00',1,1,1),(103,'2014-12-03 14:12:28','\0',NULL,'600.00',1,1,1),(104,'2014-12-03 14:53:56','\0',NULL,'600.00',1,1,1),(105,'2014-12-03 15:43:01','\0',NULL,'600.00',1,1,1),(111,'2014-12-14 14:04:48','\0',NULL,'890.00',1,1,1),(112,'2014-12-14 14:15:03','\0',NULL,'15.00',1,1,1),(113,'2014-12-14 14:31:22','\0',NULL,'890.00',1,1,1),(114,'2014-12-14 14:35:59','\0',NULL,'600.00',1,1,1),(115,'2014-12-14 14:56:48','\0',NULL,'386.00',1,1,1),(116,'2014-12-14 15:23:08','\0',NULL,'890.00',1,1,1),(117,'2014-12-14 16:18:58','\0',NULL,'600.00',1,1,1),(118,'2014-12-14 16:28:33','\0',NULL,'386.00',1,1,1),(119,'2014-12-14 16:29:17','\0',NULL,'600.00',1,1,1),(120,'2014-12-14 16:35:59','\0',NULL,'890.00',1,1,1),(121,'2014-12-14 16:54:28','\0',NULL,'3600.00',1,1,1),(122,'2014-12-14 16:54:59','\0',NULL,'600.00',1,1,1),(123,'2014-12-14 16:55:30','\0',NULL,'3600.00',1,1,1),(124,'2015-02-28 13:54:38','\0',NULL,'600.00',1,32777,1),(128,'2015-02-28 21:26:35','\0',NULL,'680.00',1,32780,1),(148,'2016-03-17 10:28:31','\0',NULL,'5490.00',1,32777,1),(149,'2016-03-17 17:01:23','\0',NULL,'890.00',1,32777,1),(150,'2016-03-18 11:18:42','\0',NULL,'890.00',1,32777,1),(151,'2016-03-18 11:21:31','\0',NULL,'59.00',32769,32777,1),(152,'2016-03-18 11:24:14','\0',NULL,'4000.00',1,32777,1),(153,'2016-03-18 11:27:05','\0',NULL,'390.00',1,32777,1),(154,'2016-03-18 11:32:45','\0',NULL,'580.00',1,32777,1),(155,'2016-03-18 11:37:02','\0',NULL,'453.60',1,32777,1),(156,'2016-03-18 11:40:22','\0',NULL,'308.80',1,32777,1),(157,'2016-03-18 11:41:20','\0',NULL,'100.80',1,32777,1),(159,'2016-04-06 11:15:26','\0',NULL,'1999.00',32769,1,1),(160,'2016-04-07 11:25:40','\0',NULL,'339.80',1,32769,1),(161,'2016-05-16 12:21:53','\0','738df137-6a1b-402b-a6d4-71ea58d4dff1','769.00',1,NULL,0),(162,'2016-06-02 15:59:32','\0',NULL,'138.00',1,32769,1);

UNLOCK TABLES;

/*Table structure for table `shopping_storeclass` */

DROP TABLE IF EXISTS `shopping_storeclass`;

CREATE TABLE `shopping_storeclass` (
  `id` bigint(20) NOT NULL AUTO_INCREMENT,
  `addTime` datetime DEFAULT NULL,
  `deleteStatus` bit(1) NOT NULL,
  `className` varchar(255) DEFAULT NULL,
  `level` int(11) NOT NULL,
  `sequence` int(11) NOT NULL,
  `parent_id` bigint(20) DEFAULT NULL,
  `description_evaluate` decimal(4,1) DEFAULT NULL,
  `service_evaluate` decimal(4,1) DEFAULT NULL,
  `ship_evaluate` decimal(4,1) DEFAULT NULL,
  PRIMARY KEY (`id`),
  KEY `FKE909086EA8D80D0F` (`parent_id`),
  CONSTRAINT `FKE909086EA8D80D0F` FOREIGN KEY (`parent_id`) REFERENCES `shopping_storeclass` (`id`)
) ENGINE=InnoDB AUTO_INCREMENT=21 DEFAULT CHARSET=utf8;

/*Data for the table `shopping_storeclass` */

LOCK TABLES `shopping_storeclass` WRITE;

insert  into `shopping_storeclass`(`id`,`addTime`,`deleteStatus`,`className`,`level`,`sequence`,`parent_id`,`description_evaluate`,`service_evaluate`,`ship_evaluate`) values (1,'2013-12-24 10:22:29','\0','男女服装',0,0,NULL,'4.7','2.0','2.8'),(2,'2013-12-24 10:22:46','\0','男装',1,1,1,'0.0','0.0','0.0'),(3,'2013-12-24 10:22:55','\0','女装',1,2,1,'0.0','0.0','0.0'),(4,'2013-12-24 10:23:12','\0','童装',1,3,1,'0.0','0.0','0.0'),(5,'2013-12-24 10:24:38','\0','家居内衣',1,4,1,'0.0','0.0','0.0'),(6,'2013-12-24 10:24:56','\0','鞋包配饰',0,1,NULL,'0.0','0.0','0.0'),(7,'2013-12-24 10:25:12','\0','男鞋',1,1,6,'0.0','0.0','0.0'),(8,'2013-12-24 10:25:22','\0','女鞋',1,2,6,'0.0','0.0','0.0'),(9,'2013-12-24 10:25:47','\0','男包/女包',1,3,6,'0.0','0.0','0.0'),(10,'2013-12-24 10:26:06','\0','旅行箱包',1,4,6,'0.0','0.0','0.0'),(11,'2013-12-24 10:26:26','\0','时尚配饰',1,5,6,'0.0','0.0','0.0'),(12,'2013-12-24 10:26:56','\0','户外运动',0,3,NULL,'0.0','0.0','0.0'),(13,'2013-12-24 10:27:24','\0','运动服/运动鞋',1,1,12,'0.0','0.0','0.0'),(14,'2013-12-24 10:27:37','\0','户外装备',1,1,12,'0.0','0.0','0.0'),(15,'2013-12-24 10:27:47','\0','运动健身',1,2,12,'0.0','0.0','0.0'),(16,'2013-12-24 10:28:09','\0','数码电子',0,4,NULL,'0.0','0.0','0.0'),(17,'2013-12-24 10:28:26','\0','笔记本电脑',1,1,16,'0.0','0.0','0.0'),(18,'2013-12-24 10:28:36','\0','摄像照相',1,1,16,'0.0','0.0','0.0'),(19,'2013-12-24 10:28:48','\0','办公数码',1,2,16,'0.0','0.0','0.0'),(20,'2013-12-24 10:29:01','\0','数码配件',1,4,16,'0.0','0.0','0.0');

UNLOCK TABLES;

/*Table structure for table `shopping_storegrade` */

DROP TABLE IF EXISTS `shopping_storegrade`;

CREATE TABLE `shopping_storegrade` (
  `id` bigint(20) NOT NULL AUTO_INCREMENT,
  `addTime` datetime DEFAULT NULL,
  `deleteStatus` bit(1) NOT NULL,
  `add_funciton` varchar(255) DEFAULT NULL,
  `audit` bit(1) NOT NULL,
  `content` longtext,
  `goodsCount` int(11) NOT NULL,
  `gradeLevel` int(11) NOT NULL,
  `gradeName` varchar(255) DEFAULT NULL,
  `price` varchar(255) DEFAULT NULL,
  `sequence` int(11) NOT NULL,
  `spaceSize` float NOT NULL,
  `sysGrade` bit(1) NOT NULL,
  `templates` varchar(255) DEFAULT NULL,
  `acount_num` int(11) DEFAULT '0',
  PRIMARY KEY (`id`)
) ENGINE=InnoDB AUTO_INCREMENT=4 DEFAULT CHARSET=utf8;

/*Data for the table `shopping_storegrade` */

LOCK TABLES `shopping_storegrade` WRITE;

insert  into `shopping_storegrade`(`id`,`addTime`,`deleteStatus`,`add_funciton`,`audit`,`content`,`goodsCount`,`gradeLevel`,`gradeName`,`price`,`sequence`,`spaceSize`,`sysGrade`,`templates`,`acount_num`) values (1,'2013-12-24 10:20:27','\0','editor_multimedia','\0','免费店铺',300,0,'默认等级','免费店铺',0,0,'\0','tea,violet,black,green,pink,blue,default,',2),(2,'2013-12-24 10:20:59','\0','editor_multimedia','','每月100元',500,1,'蓝钻级','每月100元',1,0,'\0','green,pink,blue,default,',0),(3,'2013-12-24 10:21:31','\0','editor_multimedia','','每月200元',1000,2,'黄钻级','每月200元',2,0,'\0','wood,clothes,china,beach,violet,black,green,pink,blue,default,',0);

UNLOCK TABLES;

/*Table structure for table `shopping_storegrade_log` */

DROP TABLE IF EXISTS `shopping_storegrade_log`;

CREATE TABLE `shopping_storegrade_log` (
  `id` bigint(20) NOT NULL AUTO_INCREMENT,
  `addTime` datetime DEFAULT NULL,
  `deleteStatus` bit(1) NOT NULL,
  `log_edit` bit(1) NOT NULL,
  `store_grade_info` varchar(255) DEFAULT NULL,
  `store_grade_status` int(11) NOT NULL,
  `store_id` bigint(20) DEFAULT NULL,
  PRIMARY KEY (`id`),
  KEY `FK10CE6C6C920D7683` (`store_id`),
  KEY `FK597AC2D21C0CA9F2` (`store_id`),
  CONSTRAINT `FK10CE6C6C920D7683` FOREIGN KEY (`store_id`) REFERENCES `shopping_store` (`id`),
  CONSTRAINT `FK597AC2D21C0CA9F2` FOREIGN KEY (`store_id`) REFERENCES `shopping_store` (`id`)
) ENGINE=InnoDB DEFAULT CHARSET=utf8;

/*Data for the table `shopping_storegrade_log` */

LOCK TABLES `shopping_storegrade_log` WRITE;

UNLOCK TABLES;

/*Table structure for table `shopping_sysconfig` */

DROP TABLE IF EXISTS `shopping_sysconfig`;

CREATE TABLE `shopping_sysconfig` (
  `id` bigint(20) NOT NULL AUTO_INCREMENT,
  `addTime` datetime DEFAULT NULL,
  `deleteStatus` bit(1) NOT NULL,
  `address` varchar(255) DEFAULT NULL,
  `bigHeight` int(11) NOT NULL,
  `bigWidth` int(11) NOT NULL,
  `closeReason` longtext,
  `codeStat` longtext,
  `complaint_time` int(11) NOT NULL,
  `consumptionRatio` int(11) NOT NULL,
  `copyRight` varchar(255) DEFAULT NULL,
  `creditrule` longtext,
  `deposit` bit(1) NOT NULL,
  `description` varchar(255) DEFAULT NULL,
  `emailEnable` bit(1) NOT NULL,
  `emailHost` varchar(255) DEFAULT NULL,
  `emailPort` int(11) NOT NULL,
  `emailPws` varchar(255) DEFAULT NULL,
  `emailTest` varchar(255) DEFAULT NULL,
  `emailUser` varchar(255) DEFAULT NULL,
  `emailUserName` varchar(255) DEFAULT NULL,
  `everyIndentLimit` int(11) NOT NULL,
  `gold` bit(1) NOT NULL,
  `goldMarketValue` int(11) NOT NULL,
  `groupBuy` bit(1) NOT NULL,
  `hotSearch` varchar(255) DEFAULT NULL,
  `imageFilesize` int(11) NOT NULL,
  `imageSaveType` varchar(255) DEFAULT NULL,
  `imageSuffix` varchar(255) DEFAULT NULL,
  `indentComment` int(11) NOT NULL,
  `integral` bit(1) NOT NULL,
  `integralRate` int(11) NOT NULL,
  `integralStore` bit(1) NOT NULL,
  `keywords` varchar(255) DEFAULT NULL,
  `memberDayLogin` int(11) NOT NULL,
  `memberRegister` int(11) NOT NULL,
  `middleHeight` int(11) NOT NULL,
  `middleWidth` int(11) NOT NULL,
  `securityCodeConsult` bit(1) NOT NULL,
  `securityCodeLogin` bit(1) NOT NULL,
  `securityCodeRegister` bit(1) NOT NULL,
  `securityCodeType` varchar(255) DEFAULT NULL,
  `share_code` longtext,
  `smallHeight` int(11) NOT NULL,
  `smallWidth` int(11) NOT NULL,
  `smsEnbale` bit(1) NOT NULL,
  `smsPassword` varchar(255) DEFAULT NULL,
  `smsTest` varchar(255) DEFAULT NULL,
  `smsURL` varchar(255) DEFAULT NULL,
  `smsUserName` varchar(255) DEFAULT NULL,
  `store_allow` bit(1) NOT NULL,
  `store_payment` longtext,
  `sysLanguage` varchar(255) DEFAULT NULL,
  `templates` longtext,
  `title` varchar(255) DEFAULT NULL,
  `uploadFilePath` varchar(255) DEFAULT NULL,
  `user_creditrule` longtext,
  `visitorConsult` bit(1) NOT NULL,
  `voucher` bit(1) NOT NULL,
  `websiteName` varchar(255) DEFAULT NULL,
  `websiteState` bit(1) NOT NULL,
  `ztc_price` int(11) NOT NULL,
  `ztc_status` bit(1) NOT NULL,
  `goodsImage_id` bigint(20) DEFAULT NULL,
  `memberIcon_id` bigint(20) DEFAULT NULL,
  `storeImage_id` bigint(20) DEFAULT NULL,
  `websiteLogo_id` bigint(20) DEFAULT NULL,
  `domain_allow_count` int(11) DEFAULT '0',
  `second_domain_open` bit(1) DEFAULT b'0',
  `sys_domain` longtext,
  `qq_login` bit(1) DEFAULT b'0',
  `qq_login_id` varchar(255) DEFAULT NULL,
  `qq_login_key` varchar(255) DEFAULT NULL,
  `qq_domain_code` longtext,
  `sina_domain_code` longtext,
  `sina_login` bit(1) DEFAULT b'0',
  `sina_login_id` varchar(255) DEFAULT NULL,
  `sina_login_key` varchar(255) DEFAULT NULL,
  `imageWebServer` varchar(255) DEFAULT NULL,
  `lucene_update` datetime DEFAULT NULL,
  `alipay_fenrun` int(11) DEFAULT '0',
  `balance_fenrun` int(11) DEFAULT '0',
  `auto_order_confirm` int(11) DEFAULT '7',
  `auto_order_notice` int(11) DEFAULT '3',
  `bargain_maximum` int(11) DEFAULT '0',
  `bargain_rebate` decimal(3,2) DEFAULT NULL,
  `bargain_state` longtext,
  `bargain_status` int(11) DEFAULT '0',
  `bargain_title` varchar(255) DEFAULT NULL,
  `service_qq_list` longtext,
  `service_telphone_list` longtext,
  `sys_delivery_maximum` int(11) DEFAULT '0',
  `uc_bbs` bit(1) DEFAULT b'0',
  `kuaidi_id` longtext,
  `uc_api` varchar(255) DEFAULT NULL,
  `uc_appid` varchar(255) DEFAULT NULL,
  `uc_database` varchar(255) DEFAULT NULL,
  `uc_database_port` varchar(255) DEFAULT NULL,
  `uc_database_pws` varchar(255) DEFAULT NULL,
  `uc_database_url` varchar(255) DEFAULT NULL,
  `uc_database_username` varchar(255) DEFAULT NULL,
  `uc_ip` varchar(255) DEFAULT NULL,
  `uc_key` varchar(255) DEFAULT NULL,
  `uc_table_preffix` varchar(255) DEFAULT NULL,
  `currency_code` varchar(255) DEFAULT '¥',
  `bargain_validity` int(11) DEFAULT '3',
  `delivery_amount` int(11) DEFAULT '50',
  `delivery_status` int(11) DEFAULT '0',
  `delivery_title` varchar(255) DEFAULT NULL,
  `websiteCss` varchar(255) DEFAULT 'blue',
  `combin_amount` int(11) DEFAULT '50',
  `combin_count` int(11) DEFAULT '3',
  `ztc_goods_view` int(11) DEFAULT '0',
  `auto_order_evaluate` int(11) DEFAULT '7',
  `auto_order_return` int(11) DEFAULT '7',
  `weixin_store` bit(1) DEFAULT b'0',
  `weixin_amount` int(11) DEFAULT '50',
  `config_payment_type` int(11) DEFAULT '0',
  `weixin_account` varchar(255) DEFAULT NULL,
  `weixin_appId` varchar(255) DEFAULT NULL,
  `weixin_appSecret` varchar(255) DEFAULT NULL,
  `weixin_token` varchar(255) DEFAULT NULL,
  `weixin_welecome_content` longtext,
  `store_weixin_logo_id` bigint(20) DEFAULT NULL,
  `weixin_qr_img_id` bigint(20) DEFAULT NULL,
  `site_url` varchar(255) DEFAULT NULL,
  PRIMARY KEY (`id`),
  KEY `FKDA007E38D756261E` (`websiteLogo_id`),
  KEY `FKDA007E38BE67A14A` (`storeImage_id`),
  KEY `FKDA007E3811D81442` (`weixin_qr_img_id`),
  KEY `FKDA007E381CBC7DB1` (`memberIcon_id`),
  KEY `FKDA007E38C98DF95A` (`store_weixin_logo_id`),
  KEY `FKDA007E382984FABF` (`goodsImage_id`),
  CONSTRAINT `FKDA007E3811D81442` FOREIGN KEY (`weixin_qr_img_id`) REFERENCES `shopping_accessory` (`id`),
  CONSTRAINT `FKDA007E381CBC7DB1` FOREIGN KEY (`memberIcon_id`) REFERENCES `shopping_accessory` (`id`),
  CONSTRAINT `FKDA007E382984FABF` FOREIGN KEY (`goodsImage_id`) REFERENCES `shopping_accessory` (`id`),
  CONSTRAINT `FKDA007E38BE67A14A` FOREIGN KEY (`storeImage_id`) REFERENCES `shopping_accessory` (`id`),
  CONSTRAINT `FKDA007E38C98DF95A` FOREIGN KEY (`store_weixin_logo_id`) REFERENCES `shopping_accessory` (`id`),
  CONSTRAINT `FKDA007E38D756261E` FOREIGN KEY (`websiteLogo_id`) REFERENCES `shopping_accessory` (`id`)
) ENGINE=InnoDB AUTO_INCREMENT=2 DEFAULT CHARSET=utf8;

/*Data for the table `shopping_sysconfig` */

LOCK TABLES `shopping_sysconfig` WRITE;

insert  into `shopping_sysconfig`(`id`,`addTime`,`deleteStatus`,`address`,`bigHeight`,`bigWidth`,`closeReason`,`codeStat`,`complaint_time`,`consumptionRatio`,`copyRight`,`creditrule`,`deposit`,`description`,`emailEnable`,`emailHost`,`emailPort`,`emailPws`,`emailTest`,`emailUser`,`emailUserName`,`everyIndentLimit`,`gold`,`goldMarketValue`,`groupBuy`,`hotSearch`,`imageFilesize`,`imageSaveType`,`imageSuffix`,`indentComment`,`integral`,`integralRate`,`integralStore`,`keywords`,`memberDayLogin`,`memberRegister`,`middleHeight`,`middleWidth`,`securityCodeConsult`,`securityCodeLogin`,`securityCodeRegister`,`securityCodeType`,`share_code`,`smallHeight`,`smallWidth`,`smsEnbale`,`smsPassword`,`smsTest`,`smsURL`,`smsUserName`,`store_allow`,`store_payment`,`sysLanguage`,`templates`,`title`,`uploadFilePath`,`user_creditrule`,`visitorConsult`,`voucher`,`websiteName`,`websiteState`,`ztc_price`,`ztc_status`,`goodsImage_id`,`memberIcon_id`,`storeImage_id`,`websiteLogo_id`,`domain_allow_count`,`second_domain_open`,`sys_domain`,`qq_login`,`qq_login_id`,`qq_login_key`,`qq_domain_code`,`sina_domain_code`,`sina_login`,`sina_login_id`,`sina_login_key`,`imageWebServer`,`lucene_update`,`alipay_fenrun`,`balance_fenrun`,`auto_order_confirm`,`auto_order_notice`,`bargain_maximum`,`bargain_rebate`,`bargain_state`,`bargain_status`,`bargain_title`,`service_qq_list`,`service_telphone_list`,`sys_delivery_maximum`,`uc_bbs`,`kuaidi_id`,`uc_api`,`uc_appid`,`uc_database`,`uc_database_port`,`uc_database_pws`,`uc_database_url`,`uc_database_username`,`uc_ip`,`uc_key`,`uc_table_preffix`,`currency_code`,`bargain_validity`,`delivery_amount`,`delivery_status`,`delivery_title`,`websiteCss`,`combin_amount`,`combin_count`,`ztc_goods_view`,`auto_order_evaluate`,`auto_order_return`,`weixin_store`,`weixin_amount`,`config_payment_type`,`weixin_account`,`weixin_appId`,`weixin_appSecret`,`weixin_token`,`weixin_welecome_content`,`store_weixin_logo_id`,`weixin_qr_img_id`,`site_url`) values (1,'2016-03-08 19:56:41','\0','',1024,1024,'系统维护中...','',30,0,NULL,'{\"creditrule29\":1500,\"creditrule28\":1401,\"creditrule27\":1400,\"creditrule26\":1301,\"creditrule25\":1300,\"creditrule24\":1201,\"creditrule23\":1200,\"creditrule22\":1101,\"creditrule21\":1100,\"creditrule20\":1001,\"creditrule2\":101,\"creditrule1\":100,\"creditrule4\":201,\"creditrule3\":200,\"creditrule0\":1,\"creditrule19\":1000,\"creditrule18\":901,\"creditrule9\":500,\"creditrule7\":400,\"creditrule15\":800,\"creditrule8\":401,\"creditrule14\":701,\"creditrule5\":300,\"creditrule17\":900,\"creditrule6\":301,\"creditrule16\":801,\"creditrule11\":600,\"creditrule10\":501,\"creditrule13\":700,\"creditrule12\":601}','','shopping','\0','smtp.163.com',25,'yyk17101985','','yyk1017@163.com','yyk1017@163.com',0,'',10,'','iphone5s,男装,女装,毛呢外套,雪地靴,羽绒服,流行男鞋,潮棉衣,秋冬连衣裙,打底裤,时尚女包',1024,'sidYearMonthDayImg','gif|jpg|jpeg|bmp|png|tbi',0,'',0,'','shopping',0,0,300,300,'\0','','','normal','<div id=\"bdshare\" class=\"bdshare_t bds_tools get-codes-bdshare\">\r\n<a class=\"bds_tsina\"></a>\r\n<a class=\"bds_tqq\"></a>\r\n<span class=\"bds_more\">更多</span>\r\n<a class=\"shareCount\"></a>\r\n</div>\r\n<script type=\"text/javascript\" id=\"bdshare_js\" data=\"type=tools&uid=5015224\" ></script>\r\n<script type=\"text/javascript\" id=\"bdshell_js\"></script>\r\n<script type=\"text/javascript\">\r\ndocument.getElementById(\"bdshell_js\").src = \"http://bdimg.share.baidu.com/static/js/shell_v2.js?cdnversion=\" + Math.ceil(new Date()/3600000)\r\n</script>',160,160,'\0','123456','13641194411',NULL,'shopping_admin','','{\"alipay_wap\":true,\"balance\":true,\"payafter\":true,\"weixin\":true,\"alipay\":true,\"paypal\":true,\"outline\":true}','zh_cn','default\r\nblue\r\npink\r\ngreen\r\nblack\r\nviolet\r\nbeach\r\nchina\r\nclothes\r\nwood\r\nlovely\r\nembossed\r\ntea\r\nclassic_black\r\nredware\r\ncoloured_glaze\r\norange\r\nchocolate\r\nbamboo\r\nflax','shopping','upload','{\"creditrule29\":800,\"creditrule28\":751,\"creditrule27\":700,\"creditrule26\":651,\"creditrule25\":650,\"creditrule24\":601,\"creditrule23\":600,\"creditrule22\":551,\"creditrule21\":550,\"creditrule20\":501,\"creditrule2\":51,\"creditrule1\":50,\"creditrule4\":101,\"creditrule3\":100,\"creditrule0\":1,\"creditrule19\":500,\"creditrule18\":451,\"creditrule9\":250,\"creditrule7\":200,\"creditrule15\":400,\"creditrule8\":201,\"creditrule14\":351,\"creditrule5\":150,\"creditrule17\":450,\"creditrule6\":151,\"creditrule16\":401,\"creditrule11\":300,\"creditrule10\":251,\"creditrule13\":350,\"creditrule12\":301}','\0','\0','shopping','',30,'',1,2,3,NULL,3,'\0','bbs\r\nforum','','','','','<meta property=\"wb:webmaster\" content=\"3c0d2bedd819ab1c\" />','','1040103781','1269d747b443e5ce4b68fcf3e2707165',NULL,'2016-05-16 09:56:36',0,0,7,3,20,'8.00','',1,'天天特价','249313652\r\n249313652','024-25872040',0,'\0','4c68365adbe58d72','','','','','','','','','','','¥',3,30,1,'买就送','blue',60,5,0,7,7,'',50,1,'shopping_c2c微商城','jkdserdfger3dfgdfgvbd54dfgdf','34sdfsdfsdge34sdgsdgdshtgf657sdfgsd43sdfsdgsd','shopping_c2c','微信关注欢迎词\r\n          \r\n          \r\n          \r\n          ',NULL,426063,'');

UNLOCK TABLES;

/*Table structure for table `shopping_syslog` */

DROP TABLE IF EXISTS `shopping_syslog`;

CREATE TABLE `shopping_syslog` (
  `id` bigint(20) NOT NULL AUTO_INCREMENT,
  `addTime` datetime DEFAULT NULL,
  `deleteStatus` bit(1) NOT NULL,
  `content` longtext,
  `ip` varchar(255) DEFAULT NULL,
  `title` varchar(255) DEFAULT NULL,
  `type` int(11) NOT NULL,
  `user_id` bigint(20) DEFAULT NULL,
  PRIMARY KEY (`id`),
  KEY `FKEEA95FA8537B6C51` (`user_id`),
  KEY `FK2BED7C0E1E208F02` (`user_id`),
  CONSTRAINT `FK2BED7C0E1E208F02` FOREIGN KEY (`user_id`) REFERENCES `shopping_user` (`id`),
  CONSTRAINT `FKEEA95FA8537B6C51` FOREIGN KEY (`user_id`) REFERENCES `shopping_user` (`id`)
) ENGINE=InnoDB AUTO_INCREMENT=23 DEFAULT CHARSET=utf8;

/*Data for the table `shopping_syslog` */

LOCK TABLES `shopping_syslog` WRITE;

insert  into `shopping_syslog`(`id`,`addTime`,`deleteStatus`,`content`,`ip`,`title`,`type`,`user_id`) values (1,'2015-03-03 10:34:51','\0','于2015-03-03 10:34:51登录系统','192.168.1.128','用户登陆',0,1),(2,'2015-03-03 10:34:59','\0','于2015-03-03 10:34:59登录系统','192.168.1.128','用户登陆',0,1),(10,'2016-03-17 00:05:57','\0','null于2016-03-17 00:05:57退出系统','127.0.0.1','用户退出',0,32768),(11,'2016-03-31 15:52:27','\0','于2016-03-31 15:52:27退出系统','192.168.2.107','用户退出',0,1),(12,'2016-04-01 17:59:28','\0','于2016-04-01 17:59:28退出系统','127.0.0.1','用户退出',0,1),(13,'2016-04-04 13:13:51','\0','于2016-04-04 13:13:51退出系统','127.0.0.1','用户退出',0,1),(14,'2016-04-04 13:33:19','\0','null于2016-04-04 13:33:19退出系统','127.0.0.1','用户退出',0,32785),(15,'2016-04-04 20:57:04','\0','null于2016-04-04 20:57:04退出系统','192.168.2.109','用户退出',0,32769),(16,'2016-04-06 15:43:21','\0','null于2016-04-06 15:43:21退出系统','127.0.0.1','用户退出',0,32768),(17,'2016-04-07 13:28:17','\0','null于2016-04-07 13:28:17退出系统','127.0.0.1','用户退出',0,32769),(18,'2016-04-07 19:27:45','\0','null于2016-04-07 19:27:45退出系统','127.0.0.1','用户退出',0,32769),(19,'2016-04-07 20:40:25','\0','于2016-04-07 20:40:25退出系统','127.0.0.1','用户退出',0,1),(20,'2016-04-12 10:21:50','\0','于2016-04-12 10:21:50退出系统','127.0.0.1','用户退出',0,1),(21,'2016-05-16 14:45:34','\0','null于2016-05-16 14:45:34退出系统','127.0.0.1','用户退出',0,32768),(22,'2016-05-16 14:47:51','\0','null于2016-05-16 14:47:51退出系统','127.0.0.1','用户退出',0,32783);

UNLOCK TABLES;

/*Table structure for table `shopping_template` */

DROP TABLE IF EXISTS `shopping_template`;

CREATE TABLE `shopping_template` (
  `id` bigint(20) NOT NULL AUTO_INCREMENT,
  `addTime` datetime DEFAULT NULL,
  `deleteStatus` bit(1) NOT NULL,
  `content` longtext,
  `info` varchar(255) DEFAULT NULL,
  `mark` varchar(255) DEFAULT NULL,
  `open` bit(1) NOT NULL,
  `title` varchar(255) DEFAULT NULL,
  `type` varchar(255) DEFAULT NULL,
  PRIMARY KEY (`id`)
) ENGINE=InnoDB AUTO_INCREMENT=229416 DEFAULT CHARSET=utf8;

/*Data for the table `shopping_template` */

LOCK TABLES `shopping_template` WRITE;

insert  into `shopping_template`(`id`,`addTime`,`deleteStatus`,`content`,`info`,`mark`,`open`,`title`,`type`) values (229384,'2013-09-03 10:32:50','\0','$!user.userName,您好，您的店铺因违规被关闭！原因是:$!reason<br />','[给卖家]店铺被管理员关闭时的通知','msg_toseller_store_closed_notify','','店铺违规关闭','msg'),(229385,'2013-12-21 13:44:33','\0','尊敬的用户，您的店铺已被关闭，原因是：店铺已到期','[给卖家]店铺过期被自动关闭时的通知','msg_toseller_store_auto_closed_notify','','店铺过期被自动关闭时的通知','msg'),(229386,'2013-12-21 14:43:06','\0','<p>\r\n	$!user.userName,您好!\r\n</p>\r\n<p>\r\n	&nbsp;&nbsp; 您的商品$!{goods.goods_name}被管理员删除！原因是:$!reason\r\n</p>','[给卖家]商品被管理员删除时的通知','msg_toseller_goods_delete_by_admin_notify','','商品被管理员删除时的通知','msg'),(229387,'2013-12-21 14:45:53','\0','<p>\r\n	$!user.userName,您好！\r\n</p>\r\n<p>\r\n	&nbsp;&nbsp; 您的店铺$!{store.store_name}被申请通过！\r\n</p>\r\n<p>\r\n	&nbsp;&nbsp;&nbsp;&nbsp;&nbsp;&nbsp;&nbsp;&nbsp;&nbsp;&nbsp;&nbsp;&nbsp; $!{config.title}运营团队\r\n</p>','[给卖家]开店申请被通过时的通知','msg_toseller_store_update_allow_notify','','开店申请通过','msg'),(229388,'2013-12-21 14:59:19','\0','$!user.userName,您好！<br />\r\n<br />\r\n&nbsp;&nbsp; 您的店铺$!{store.store_name}被拒绝通过！<br />\r\n<br />\r\n&nbsp;&nbsp;&nbsp;&nbsp;&nbsp;&nbsp;&nbsp;&nbsp;&nbsp;&nbsp;&nbsp;&nbsp; $!{config.title}运营团队','[给卖家]开店申请被拒绝时的通知','msg_toseller_store_update_refuse_notify','','开店申请被拒绝','msg'),(229389,'2013-12-21 15:02:50','\0','<p>\r\n	$!{buyer.userName},您好！<br />\r\n<br />\r\n&nbsp;&nbsp;&nbsp; 您的订单$!{order.order_id}支付费用被卖家$!{seller.userName}调整为$!{order.totalPrice}！<br />\r\n<br />\r\n&nbsp;&nbsp;&nbsp;&nbsp;&nbsp;&nbsp;&nbsp;&nbsp;&nbsp;&nbsp;&nbsp;&nbsp;&nbsp;&nbsp;&nbsp;&nbsp;&nbsp;&nbsp;&nbsp;&nbsp;&nbsp;&nbsp;&nbsp;&nbsp;&nbsp;&nbsp;&nbsp;&nbsp;&nbsp; $!{config.title}运营团队\r\n</p>\r\n<p>\r\n	&nbsp;&nbsp;&nbsp;&nbsp;&nbsp;&nbsp;&nbsp;&nbsp;&nbsp;&nbsp;&nbsp;&nbsp;&nbsp;&nbsp;&nbsp;&nbsp;&nbsp;&nbsp;&nbsp;&nbsp;&nbsp;&nbsp;&nbsp;&nbsp;&nbsp;&nbsp;&nbsp;&nbsp;&nbsp; $!{send_time}\r\n</p>\r\n<p>\r\n	<br />\r\n</p>','[给买家]店铺调整了订单费用的邮件通知','email_tobuyer_order_update_fee_notify','','店铺调整了订单费用','email'),(229390,'2013-12-21 15:07:29','\0','$!{buyer.userName},您好！<br />\r\n<br />\r\n&nbsp;&nbsp;&nbsp; 您的订单$!{order.order_id}已经发货，物流信息为:$!{order.ship.shipping_name}，物流单号为:$!{order.shipCode},发货时间为:$!{order.shipTime}！<br />\r\n<br />\r\n<p>\r\n	&nbsp;&nbsp;&nbsp;&nbsp;&nbsp;&nbsp;&nbsp;&nbsp;&nbsp;&nbsp;&nbsp;&nbsp;&nbsp;&nbsp;&nbsp;&nbsp;&nbsp;&nbsp;&nbsp;&nbsp;&nbsp;&nbsp;&nbsp;&nbsp;&nbsp;&nbsp;&nbsp;&nbsp;&nbsp; $!{config.title}运营团队\r\n</p>\r\n<p>\r\n	&nbsp;&nbsp;&nbsp;&nbsp;&nbsp;&nbsp;&nbsp;&nbsp;&nbsp;&nbsp;&nbsp;&nbsp;&nbsp;&nbsp;&nbsp;&nbsp;&nbsp;&nbsp;&nbsp;&nbsp;&nbsp;&nbsp;&nbsp;&nbsp;&nbsp;&nbsp;&nbsp;&nbsp;&nbsp; $!{seller_time}\r\n</p>','[给买家]订单已发货的邮件通知','email_tobuyer_order_ship_notify','','订单已发货的邮件通知','email'),(229391,'2013-12-21 15:09:38','\0','$!{buyer.userName},您好！<br />\r\n<br />\r\n&nbsp;&nbsp;&nbsp; 您的订单$!{order.order_id}已经被取消！<br />\r\n<br />\r\n<p>\r\n	&nbsp;&nbsp;&nbsp;&nbsp;&nbsp;&nbsp;&nbsp;&nbsp;&nbsp;&nbsp;&nbsp;&nbsp;&nbsp;&nbsp;&nbsp;&nbsp;&nbsp;&nbsp;&nbsp;&nbsp;&nbsp;&nbsp;&nbsp;&nbsp;&nbsp;&nbsp;&nbsp;&nbsp;&nbsp; $!{config.title}运营团队\r\n</p>\r\n<p>\r\n	&nbsp;&nbsp;&nbsp;&nbsp;&nbsp;&nbsp;&nbsp;&nbsp;&nbsp;&nbsp;&nbsp;&nbsp;&nbsp;&nbsp;&nbsp;&nbsp;&nbsp;&nbsp;&nbsp;&nbsp;&nbsp;&nbsp;&nbsp;&nbsp;&nbsp;&nbsp;&nbsp;&nbsp;&nbsp;&nbsp; $!{send_time}\r\n</p>','[给买家]订单被取消的邮件通知','email_tobuyer_order_cancel_notify','','订单被取消的通知','email'),(229392,'2013-12-21 15:16:36','\0','$!{buyer.userName},您好！<br />\r\n<br />\r\n&nbsp;&nbsp;&nbsp; 您的订单$!{order.order_id}已经收到线下付款，我们会及时发货哦！<br />\r\n<br />\r\n<p>\r\n	&nbsp;&nbsp;&nbsp;&nbsp;&nbsp;&nbsp;&nbsp;&nbsp;&nbsp;&nbsp;&nbsp;&nbsp;&nbsp;&nbsp;&nbsp;&nbsp;&nbsp;&nbsp;&nbsp;&nbsp;&nbsp;&nbsp;&nbsp;&nbsp;&nbsp;&nbsp;&nbsp;&nbsp;&nbsp;&nbsp;&nbsp;&nbsp;&nbsp;&nbsp;&nbsp;&nbsp;&nbsp;&nbsp;&nbsp;&nbsp;&nbsp;&nbsp;&nbsp;&nbsp;&nbsp;&nbsp;&nbsp;&nbsp;&nbsp;&nbsp;&nbsp;&nbsp;&nbsp;&nbsp;&nbsp;&nbsp;&nbsp;&nbsp;&nbsp; $!{config.title}运营团队\r\n</p>\r\n<p>\r\n	&nbsp;&nbsp;&nbsp;&nbsp;&nbsp;&nbsp;&nbsp;&nbsp;&nbsp;&nbsp;&nbsp;&nbsp;&nbsp;&nbsp;&nbsp;&nbsp;&nbsp;&nbsp;&nbsp;&nbsp;&nbsp;&nbsp;&nbsp;&nbsp;&nbsp;&nbsp;&nbsp;&nbsp;&nbsp;&nbsp;&nbsp;&nbsp;&nbsp;&nbsp;&nbsp;&nbsp;&nbsp;&nbsp;&nbsp;&nbsp;&nbsp;&nbsp;&nbsp;&nbsp;&nbsp;&nbsp;&nbsp;&nbsp;&nbsp;&nbsp;&nbsp;&nbsp;&nbsp;&nbsp;&nbsp;&nbsp;&nbsp;&nbsp;&nbsp; $!{send_time}\r\n</p>','[给买家]店铺确认收到线下支付的邮件通知','email_tobuyer_order_outline_pay_ok_notify','','店铺确认收到线下支付','email'),(229393,'2013-12-21 15:21:13','\0','$!{buyer.userName},您好！<br />\r\n<br />\r\n&nbsp;&nbsp;&nbsp; 您的订单$!{order.order_id}已经提交成功，请及时付款哦！<br />\r\n<p>\r\n	&nbsp;&nbsp;&nbsp;&nbsp;&nbsp;&nbsp;&nbsp;&nbsp;&nbsp;&nbsp;&nbsp;&nbsp;&nbsp;&nbsp;&nbsp;&nbsp;&nbsp;&nbsp;&nbsp;&nbsp;&nbsp;&nbsp;&nbsp;&nbsp;&nbsp;&nbsp;&nbsp;&nbsp;&nbsp;&nbsp;&nbsp;&nbsp;&nbsp;&nbsp;&nbsp;&nbsp;&nbsp;&nbsp;&nbsp;&nbsp;&nbsp;&nbsp;&nbsp;&nbsp;&nbsp;&nbsp;&nbsp;&nbsp;&nbsp;&nbsp;&nbsp;&nbsp;&nbsp;&nbsp;&nbsp;&nbsp;&nbsp;&nbsp;&nbsp; $!{config.title}运营团队\r\n</p>\r\n<p>\r\n	&nbsp;&nbsp;&nbsp;&nbsp;&nbsp;&nbsp;&nbsp;&nbsp;&nbsp;&nbsp;&nbsp;&nbsp;&nbsp;&nbsp;&nbsp;&nbsp;&nbsp;&nbsp;&nbsp;&nbsp;&nbsp;&nbsp;&nbsp;&nbsp;&nbsp;&nbsp;&nbsp;&nbsp;&nbsp;&nbsp;&nbsp;&nbsp;&nbsp;&nbsp;&nbsp;&nbsp;&nbsp;&nbsp;&nbsp;&nbsp;&nbsp;&nbsp;&nbsp;&nbsp;&nbsp;&nbsp;&nbsp;&nbsp;&nbsp;&nbsp;&nbsp;&nbsp;&nbsp;&nbsp;&nbsp;&nbsp;&nbsp;&nbsp;&nbsp; $!{send_time}\r\n</p>','[给买家]订单提交成功的邮件通知','email_tobuyer_order_submit_ok_notify','','订单提交成功的邮件通知','email'),(229394,'2013-12-21 15:28:09','\0','$!{buyer.userName},您好！<br />\r\n<br />\r\n&nbsp;&nbsp;&nbsp; 您的对$!{goods.goods_name}的咨询，有了回复，详情见:$!{webPath}/goods_view_$!{goods.id}.htm<br />\r\n<br />\r\n&nbsp;&nbsp;&nbsp;&nbsp;&nbsp;&nbsp;&nbsp;&nbsp;&nbsp;&nbsp;&nbsp;&nbsp;&nbsp;&nbsp;&nbsp;&nbsp;&nbsp;&nbsp;&nbsp;&nbsp;&nbsp;&nbsp;&nbsp;&nbsp;&nbsp;&nbsp;&nbsp;&nbsp;&nbsp;&nbsp;&nbsp;&nbsp;&nbsp;&nbsp;&nbsp;&nbsp;&nbsp;&nbsp;&nbsp;&nbsp;&nbsp;&nbsp;&nbsp;&nbsp;&nbsp;&nbsp;&nbsp;&nbsp;&nbsp;&nbsp;&nbsp;&nbsp;&nbsp;&nbsp;&nbsp;&nbsp;&nbsp;&nbsp;&nbsp; $!{config.title}运营团队<br />\r\n<br />\r\n&nbsp;&nbsp;&nbsp;&nbsp;&nbsp;&nbsp;&nbsp;&nbsp;&nbsp;&nbsp;&nbsp;&nbsp;&nbsp;&nbsp;&nbsp;&nbsp;&nbsp;&nbsp;&nbsp;&nbsp;&nbsp;&nbsp;&nbsp;&nbsp;&nbsp;&nbsp;&nbsp;&nbsp;&nbsp;&nbsp;&nbsp;&nbsp;&nbsp;&nbsp;&nbsp;&nbsp;&nbsp;&nbsp;&nbsp;&nbsp;&nbsp;&nbsp;&nbsp;&nbsp;&nbsp;&nbsp;&nbsp;&nbsp;&nbsp;&nbsp;&nbsp;&nbsp;&nbsp;&nbsp;&nbsp;&nbsp;&nbsp;&nbsp;&nbsp; $!{send_time}','[给买家]商品咨询得到了回复的邮件通知','email_tobuyer_cousult_reply_notify','','商品咨询得到了回复','email'),(229395,'2013-12-21 16:11:06','\0','$!{seller.userName},您好！<br />\r\n&nbsp;&nbsp;&nbsp; $!{buyer.userName}取消了订单号为:$!{order.order_id}的订单！<br />\r\n<br />\r\n&nbsp;&nbsp;&nbsp;&nbsp;&nbsp;&nbsp;&nbsp;&nbsp;&nbsp;&nbsp;&nbsp;&nbsp;&nbsp;&nbsp;&nbsp;&nbsp;&nbsp;&nbsp;&nbsp;&nbsp;&nbsp;&nbsp;&nbsp;&nbsp;&nbsp;&nbsp;&nbsp;&nbsp;&nbsp;&nbsp;&nbsp;&nbsp;&nbsp;&nbsp;&nbsp;&nbsp;&nbsp;&nbsp;&nbsp;&nbsp;&nbsp;&nbsp;&nbsp;&nbsp;&nbsp;&nbsp;&nbsp;&nbsp;&nbsp;&nbsp;&nbsp;&nbsp;&nbsp;&nbsp;&nbsp;&nbsp;&nbsp;&nbsp;&nbsp; $!{config.title}运营团队<br />\r\n<br />\r\n&nbsp;&nbsp;&nbsp;&nbsp;&nbsp;&nbsp;&nbsp;&nbsp;&nbsp;&nbsp;&nbsp;&nbsp;&nbsp;&nbsp;&nbsp;&nbsp;&nbsp;&nbsp;&nbsp;&nbsp;&nbsp;&nbsp;&nbsp;&nbsp;&nbsp;&nbsp;&nbsp;&nbsp;&nbsp;&nbsp;&nbsp;&nbsp;&nbsp;&nbsp;&nbsp;&nbsp;&nbsp;&nbsp;&nbsp;&nbsp;&nbsp;&nbsp;&nbsp;&nbsp;&nbsp;&nbsp;&nbsp;&nbsp;&nbsp;&nbsp;&nbsp;&nbsp;&nbsp;&nbsp;&nbsp;&nbsp;&nbsp;&nbsp;&nbsp; $!{send_time}','[给卖家]买家取消了订单的邮件通知','email_toseller_order_cancel_notify','','买家取消了订单','email'),(229396,'2013-12-21 16:13:34','\0','$!{seller.userName},您好！<br />\r\n&nbsp;&nbsp;&nbsp; $!{buyer.userName}对订单号为:$!{order.order_id}的订单完成了线下付款，请及时审核！<br />\r\n<br />\r\n&nbsp;&nbsp;&nbsp;&nbsp;&nbsp;&nbsp;&nbsp;&nbsp;&nbsp;&nbsp;&nbsp;&nbsp;&nbsp;&nbsp;&nbsp;&nbsp;&nbsp;&nbsp;&nbsp;&nbsp;&nbsp;&nbsp;&nbsp;&nbsp;&nbsp;&nbsp;&nbsp;&nbsp;&nbsp;&nbsp;&nbsp;&nbsp;&nbsp;&nbsp;&nbsp;&nbsp;&nbsp;&nbsp;&nbsp;&nbsp;&nbsp;&nbsp;&nbsp;&nbsp;&nbsp;&nbsp;&nbsp;&nbsp;&nbsp;&nbsp;&nbsp;&nbsp;&nbsp;&nbsp;&nbsp;&nbsp;&nbsp;&nbsp;&nbsp; $!{config.title}运营团队<br />\r\n<br />\r\n&nbsp;&nbsp;&nbsp;&nbsp;&nbsp;&nbsp;&nbsp;&nbsp;&nbsp;&nbsp;&nbsp;&nbsp;&nbsp;&nbsp;&nbsp;&nbsp;&nbsp;&nbsp;&nbsp;&nbsp;&nbsp;&nbsp;&nbsp;&nbsp;&nbsp;&nbsp;&nbsp;&nbsp;&nbsp;&nbsp;&nbsp;&nbsp;&nbsp;&nbsp;&nbsp;&nbsp;&nbsp;&nbsp;&nbsp;&nbsp;&nbsp;&nbsp;&nbsp;&nbsp;&nbsp;&nbsp;&nbsp;&nbsp;&nbsp;&nbsp;&nbsp;&nbsp;&nbsp;&nbsp;&nbsp;&nbsp;&nbsp;&nbsp;&nbsp; $!{send_time}','[给卖家]买家已经完成线下付款的邮件通知','email_toseller_outline_pay_ok_notify','','买家已经完成线下付款','email'),(229397,'2013-12-21 16:16:51','\0','$!{seller.userName},您好！<br />\r\n&nbsp;&nbsp;&nbsp; $!{buyer.userName}已经确认订单号为:$!{order.order_id}的订单收货！<br />\r\n<br />\r\n&nbsp;&nbsp;&nbsp;&nbsp;&nbsp;&nbsp;&nbsp;&nbsp;&nbsp;&nbsp;&nbsp;&nbsp;&nbsp;&nbsp;&nbsp;&nbsp;&nbsp;&nbsp;&nbsp;&nbsp;&nbsp;&nbsp;&nbsp;&nbsp;&nbsp;&nbsp;&nbsp;&nbsp;&nbsp;&nbsp;&nbsp;&nbsp;&nbsp;&nbsp;&nbsp;&nbsp;&nbsp;&nbsp;&nbsp;&nbsp;&nbsp;&nbsp;&nbsp;&nbsp;&nbsp;&nbsp;&nbsp;&nbsp;&nbsp;&nbsp;&nbsp;&nbsp;&nbsp;&nbsp;&nbsp;&nbsp;&nbsp;&nbsp;&nbsp; $!{config.title}运营团队<br />\r\n<br />\r\n&nbsp;&nbsp;&nbsp;&nbsp;&nbsp;&nbsp;&nbsp;&nbsp;&nbsp;&nbsp;&nbsp;&nbsp;&nbsp;&nbsp;&nbsp;&nbsp;&nbsp;&nbsp;&nbsp;&nbsp;&nbsp;&nbsp;&nbsp;&nbsp;&nbsp;&nbsp;&nbsp;&nbsp;&nbsp;&nbsp;&nbsp;&nbsp;&nbsp;&nbsp;&nbsp;&nbsp;&nbsp;&nbsp;&nbsp;&nbsp;&nbsp;&nbsp;&nbsp;&nbsp;&nbsp;&nbsp;&nbsp;&nbsp;&nbsp;&nbsp;&nbsp;&nbsp;&nbsp;&nbsp;&nbsp;&nbsp;&nbsp;&nbsp;&nbsp; $!{send_time}','[给卖家]买家确认收货的邮件通知','email_toseller_order_receive_ok_notify','','买家确认收货','email'),(229398,'2013-12-21 16:18:42','\0','$!{seller.userName},您好！<br />\r\n&nbsp;&nbsp;&nbsp; $!{buyer.userName}已经对订单号为:$!{order.order_id}的订单完成评价！<br />\r\n<br />\r\n&nbsp;&nbsp;&nbsp;&nbsp;&nbsp;&nbsp;&nbsp;&nbsp;&nbsp;&nbsp;&nbsp;&nbsp;&nbsp;&nbsp;&nbsp;&nbsp;&nbsp;&nbsp;&nbsp;&nbsp;&nbsp;&nbsp;&nbsp;&nbsp;&nbsp;&nbsp;&nbsp;&nbsp;&nbsp;&nbsp;&nbsp;&nbsp;&nbsp;&nbsp;&nbsp;&nbsp;&nbsp;&nbsp;&nbsp;&nbsp;&nbsp;&nbsp;&nbsp;&nbsp;&nbsp;&nbsp;&nbsp;&nbsp;&nbsp;&nbsp;&nbsp;&nbsp;&nbsp;&nbsp;&nbsp;&nbsp;&nbsp;&nbsp;&nbsp; $!{config.title}运营团队<br />\r\n<br />\r\n&nbsp;&nbsp;&nbsp;&nbsp;&nbsp;&nbsp;&nbsp;&nbsp;&nbsp;&nbsp;&nbsp;&nbsp;&nbsp;&nbsp;&nbsp;&nbsp;&nbsp;&nbsp;&nbsp;&nbsp;&nbsp;&nbsp;&nbsp;&nbsp;&nbsp;&nbsp;&nbsp;&nbsp;&nbsp;&nbsp;&nbsp;&nbsp;&nbsp;&nbsp;&nbsp;&nbsp;&nbsp;&nbsp;&nbsp;&nbsp;&nbsp;&nbsp;&nbsp;&nbsp;&nbsp;&nbsp;&nbsp;&nbsp;&nbsp;&nbsp;&nbsp;&nbsp;&nbsp;&nbsp;&nbsp;&nbsp;&nbsp;&nbsp;&nbsp; $!{send_time}<br />','[给卖家]买家完成评价的邮件通知','email_toseller_evaluate_ok_notify','','买家完成评价的邮件通知','email'),(229399,'2013-12-21 16:29:06','\0','$!{buyer.userName}，您好，您的订单$!{order.order_id}费用调整为$!{order.totalPrice}。$!{config.title}$!{send_time}','[给买家]店铺调整了订单费用的短信通知','sms_tobuyer_order_fee_notify','','店铺调整了订单费用的短信','sms'),(229400,'2013-12-21 16:30:47','\0','$!{buyer.userName}，您好，您的订单$!{order.order_id}已经发货，详情请登录$!{webPath}买家后台查看。$!{config.title}$!{send_time}','[给买家]订单已发货的短信通知','sms_tobuyer_order_ship_notify','','订单已发货的短信','sms'),(229401,'2013-12-21 16:33:07','\0','$!{buyer.userName}，您好，您的订单$!{order.order_id}已经取消，详情请登录$!{webPath}买家后台查看。$!{config.title}$!{send_time}','[给买家]订单被取消的短信通知','sms_tobuyer_order_cancel_notify','','订单被取消的短信','sms'),(229402,'2013-12-21 16:33:59','\0','$!{buyer.userName}，您好，您的订单$!{order.order_id}已经收到线下付款，详情请登录$!{webPath}买家后台查看。$!{config.title}$!{send_time}','[给买家]卖家确认收到线下支付的短信通知','sms_tobuyer_order_outline_pay_ok_notify','','卖家确认收到线下支付的短信通知','sms'),(229403,'2013-12-21 16:36:31','\0','$!{buyer.userName}，您好，您的订单$!{order.order_id}已经提交成功，详情请登录“$!{config.title}”买家后台查看，$!{config.title}。$!{send_time}','[给买家]订单提交成功的短信通知','sms_tobuyer_order_submit_ok_notify','','订单提交成功的短信通知','sms'),(229404,'2013-12-21 16:38:34','\0','$!{seller.userName}，您好，$!{buyer.userName}取消了订单$!{order.order_id}，详情请登录$!{webPath}卖家后台查看。$!{config.title}$!{send_time}','[给卖家]买家取消了订单的短信通知','sms_toseller_order_cancel_notify','','买家取消了订单的短信通知','sms'),(229405,'2013-12-21 16:40:07','\0','$!{seller.userName}，您好，$!{buyer.userName}提交了订单$!{order.order_id}线下付款，详情请登录$!{webPath}卖家后台查看。$!{config.title}$!{send_time}','[给卖家]买家已经完成线下付款的短信通知','sms_toseller_outline_pay_ok_notify','','买家已经完成线下付款的短信通知','sms'),(229406,'2013-12-21 16:41:19','\0','$!{seller.userName}，您好，$!{buyer.userName}确认了订单$!{order.order_id}线下收货，详情请登录$!{webPath}卖家后台查看。$!{config.title}$!{send_time}','[给卖家]买家确认收货的短信通知','sms_toseller_order_receive_ok_notify','','买家确认收货的短信通知','sms'),(229407,'2014-03-25 16:35:25','\0','$!{user.userName}，您好！您在$!{config.title}用户名为$!{user.userName},于$!{send_time}绑定手机号$!{user.mobile},如有疑问，请及时与$!{config.title}联系！','[给买家]用户绑定手机号码的短信提示','sms_tobuyer_mobilebind_notify','','用户绑定手机号码的短信提示','sms'),(229408,'2014-03-25 16:53:13','\0','$!{user.userName}，您好！您于$!{send_time}密码修改成功！$!{config.title}','[给买家]用户密码修改成功的短信提示','sms_tobuyer_pws_modify_notify','','用户密码修改成功的短信提示','sms'),(229409,'2014-03-25 17:02:45','\0','$!{seller.userName}，您好，$!{buyer.userName}订单$!{order.order_id}使用预存款付款成功，请及时发货。$!{config.title}$!{send_time}','[给卖家]买家已经完成预存款付款的短信通知','sms_toseller_balance_pay_ok_notify','','买家已经完成预存款付款的短信通知','sms'),(229410,'2014-03-25 17:04:43','\0','$!{buyer.userName}，您好，您的订单$!{order.order_id}使用预存款向卖家$!{seller.store.store_name}付款成功，请等待卖家发货。$!{config.title}$!{send_time}','[给买家]买家完成预存款付款的短信通知','sms_tobuyer_balance_pay_ok_notify','','买家完成预存款付款的短信通知','sms'),(229411,'2014-03-25 17:06:43','\0','$!{seller.userName}，您好，$!{buyer.userName}订单$!{order.order_id}使用预存款付款成功，请及时发货。<br />\r\n<p>\r\n	<span></span>&nbsp;&nbsp;&nbsp;&nbsp;&nbsp;&nbsp;&nbsp;&nbsp;&nbsp;&nbsp;&nbsp;&nbsp;&nbsp;&nbsp;&nbsp;&nbsp;&nbsp;&nbsp;&nbsp;&nbsp;&nbsp;&nbsp;&nbsp;&nbsp;&nbsp;&nbsp;&nbsp;&nbsp;&nbsp;&nbsp;&nbsp;&nbsp;&nbsp;&nbsp;&nbsp;&nbsp;&nbsp;&nbsp;&nbsp;&nbsp;&nbsp;&nbsp;&nbsp;&nbsp;&nbsp;&nbsp;&nbsp;&nbsp;&nbsp;&nbsp;&nbsp;&nbsp;&nbsp;&nbsp;&nbsp;&nbsp;&nbsp;&nbsp;&nbsp;&nbsp;&nbsp;&nbsp;&nbsp;&nbsp;&nbsp;&nbsp;&nbsp;&nbsp;&nbsp;&nbsp;&nbsp;&nbsp;&nbsp;&nbsp;&nbsp;&nbsp;&nbsp;&nbsp;&nbsp;&nbsp;&nbsp;&nbsp;&nbsp;&nbsp;&nbsp;&nbsp;&nbsp;&nbsp;&nbsp;&nbsp;&nbsp;&nbsp;&nbsp;&nbsp;&nbsp;&nbsp;&nbsp;&nbsp;&nbsp;&nbsp;&nbsp;&nbsp;&nbsp;&nbsp;&nbsp;&nbsp;&nbsp;&nbsp;&nbsp;&nbsp;&nbsp;&nbsp;&nbsp;&nbsp;&nbsp;&nbsp;&nbsp;&nbsp;&nbsp;&nbsp;&nbsp;&nbsp;&nbsp;&nbsp;&nbsp; $!{config.title}\r\n</p>\r\n<p>\r\n	<span></span>&nbsp;&nbsp;&nbsp;&nbsp;&nbsp;&nbsp;&nbsp;&nbsp;&nbsp;&nbsp;&nbsp;&nbsp;&nbsp;&nbsp;&nbsp;&nbsp;&nbsp;&nbsp;&nbsp;&nbsp;&nbsp;&nbsp;&nbsp;&nbsp;&nbsp;&nbsp;&nbsp;&nbsp;&nbsp;&nbsp;&nbsp;&nbsp;&nbsp;&nbsp;&nbsp;&nbsp;&nbsp;&nbsp;&nbsp;&nbsp;&nbsp;&nbsp;&nbsp;&nbsp;&nbsp;&nbsp;&nbsp;&nbsp;&nbsp;&nbsp;&nbsp;&nbsp;&nbsp;&nbsp;&nbsp;&nbsp;&nbsp;&nbsp;&nbsp;&nbsp;&nbsp;&nbsp;&nbsp;&nbsp;&nbsp;&nbsp;&nbsp;&nbsp;&nbsp;&nbsp;&nbsp;&nbsp;&nbsp;&nbsp;&nbsp;&nbsp;&nbsp;&nbsp;&nbsp;&nbsp;&nbsp;&nbsp;&nbsp;&nbsp;&nbsp;&nbsp;&nbsp;&nbsp;&nbsp;&nbsp;&nbsp;&nbsp;&nbsp;&nbsp;&nbsp;&nbsp;&nbsp;&nbsp;&nbsp;&nbsp;&nbsp;&nbsp;&nbsp;&nbsp;&nbsp;&nbsp;&nbsp;&nbsp;&nbsp;&nbsp;&nbsp;&nbsp;&nbsp;&nbsp;&nbsp;&nbsp;&nbsp;&nbsp;&nbsp;&nbsp;&nbsp;&nbsp;&nbsp;&nbsp;&nbsp; $!{send_time}\r\n</p>','[给卖家]买家已经完成预存款付款的邮件通知','email_toseller_balance_pay_ok_notify','','买家已经完成预存款付款的邮件通知','email'),(229412,'2014-03-25 17:07:36','\0','<p>\r\n	$!{buyer.userName}，您好，您的订单$!{order.order_id}使用$!{order.payment.name}向卖家$!{seller.store.store_name}付款成功，请等待卖家发货。\r\n</p>\r\n<p align=\"right\">\r\n	$!{config.title}\r\n</p>\r\n<p align=\"right\">\r\n	$!{send_time}\r\n</p>','[给买家]买家完成在线付款的邮件通知','email_tobuyer_online_pay_ok_notify','','买家完成在线付款的邮件通知','email'),(229413,'2014-03-25 18:02:16','\0','$!{seller.userName}，您好，$!{buyer.userName}订单$!{order.order_id}使用$!{order.payment.name}付款成功，请及时发货。<br />\r\n<p>\r\n	<span></span>&nbsp;&nbsp;&nbsp;&nbsp;&nbsp;&nbsp;&nbsp;&nbsp;&nbsp;&nbsp;&nbsp;&nbsp;&nbsp;&nbsp;&nbsp;&nbsp;&nbsp;&nbsp;&nbsp;&nbsp;&nbsp;&nbsp;&nbsp;&nbsp;&nbsp;&nbsp;&nbsp;&nbsp;&nbsp;&nbsp;&nbsp;&nbsp;&nbsp;&nbsp;&nbsp;&nbsp;&nbsp;&nbsp;&nbsp;&nbsp;&nbsp;&nbsp;&nbsp;&nbsp;&nbsp;&nbsp;&nbsp;&nbsp;&nbsp;&nbsp;&nbsp;&nbsp;&nbsp;&nbsp;&nbsp;&nbsp;&nbsp;&nbsp;&nbsp;&nbsp;&nbsp;&nbsp;&nbsp;&nbsp;&nbsp;&nbsp;&nbsp;&nbsp;&nbsp;&nbsp;&nbsp;&nbsp;&nbsp;&nbsp;&nbsp;&nbsp;&nbsp;&nbsp;&nbsp;&nbsp;&nbsp;&nbsp;&nbsp;&nbsp;&nbsp;&nbsp;&nbsp;&nbsp;&nbsp;&nbsp;&nbsp;&nbsp;&nbsp;&nbsp;&nbsp;&nbsp;&nbsp;&nbsp;&nbsp;&nbsp;&nbsp;&nbsp;&nbsp;&nbsp;&nbsp;&nbsp;&nbsp;&nbsp;&nbsp;&nbsp;&nbsp;&nbsp;&nbsp;&nbsp;&nbsp;&nbsp;&nbsp;&nbsp;&nbsp;&nbsp;&nbsp;&nbsp;&nbsp;&nbsp;&nbsp; $!{config.title}\r\n</p>\r\n<p>\r\n	<span></span>&nbsp;&nbsp;&nbsp;&nbsp;&nbsp;&nbsp;&nbsp;&nbsp;&nbsp;&nbsp;&nbsp;&nbsp;&nbsp;&nbsp;&nbsp;&nbsp;&nbsp;&nbsp;&nbsp;&nbsp;&nbsp;&nbsp;&nbsp;&nbsp;&nbsp;&nbsp;&nbsp;&nbsp;&nbsp;&nbsp;&nbsp;&nbsp;&nbsp;&nbsp;&nbsp;&nbsp;&nbsp;&nbsp;&nbsp;&nbsp;&nbsp;&nbsp;&nbsp;&nbsp;&nbsp;&nbsp;&nbsp;&nbsp;&nbsp;&nbsp;&nbsp;&nbsp;&nbsp;&nbsp;&nbsp;&nbsp;&nbsp;&nbsp;&nbsp;&nbsp;&nbsp;&nbsp;&nbsp;&nbsp;&nbsp;&nbsp;&nbsp;&nbsp;&nbsp;&nbsp;&nbsp;&nbsp;&nbsp;&nbsp;&nbsp;&nbsp;&nbsp;&nbsp;&nbsp;&nbsp;&nbsp;&nbsp;&nbsp;&nbsp;&nbsp;&nbsp;&nbsp;&nbsp;&nbsp;&nbsp;&nbsp;&nbsp;&nbsp;&nbsp;&nbsp;&nbsp;&nbsp;&nbsp;&nbsp;&nbsp;&nbsp;&nbsp;&nbsp;&nbsp;&nbsp;&nbsp;&nbsp;&nbsp;&nbsp;&nbsp;&nbsp;&nbsp;&nbsp;&nbsp;&nbsp;&nbsp;&nbsp;&nbsp;&nbsp;&nbsp;&nbsp;&nbsp;&nbsp;&nbsp;&nbsp; $!{send_time}\r\n</p>','[给卖家]买家已经完成在线付款的邮件通知','email_toseller_online_pay_ok_notify','','买家已经完成在线付款的邮件通知','email'),(229414,'2014-03-25 18:03:03','\0','$!{buyer.userName}，您好，您的订单$!{order.order_id}使用$!{order.payment.name}向卖家$!{seller.store.store_name}付款成功，请等待卖家发货。$!{config.title}$!{send_time}','[给买家]买家完成在线付款的短信通知','sms_tobuyer_online_pay_ok_notify','','买家完成在线付款的短信通知','sms'),(229415,'2014-03-25 18:03:58','\0','$!{seller.userName}，您好，$!{buyer.userName}订单$!{order.order_id}使用$!{order.payment.name}付款成功，请及时发货。$!{config.title} $!{send_time}','[给卖家]买家已经完成在线付款的短信通知','sms_toseller_online_pay_ok_notify','','买家已经完成在线付款的短信通知','sms');

UNLOCK TABLES;

/*Table structure for table `shopping_trans_area` */

DROP TABLE IF EXISTS `shopping_trans_area`;

CREATE TABLE `shopping_trans_area` (
  `id` bigint(20) NOT NULL AUTO_INCREMENT,
  `addTime` datetime DEFAULT NULL,
  `deleteStatus` bit(1) NOT NULL,
  `areaName` varchar(255) DEFAULT NULL,
  `level` int(11) NOT NULL,
  `sequence` int(11) NOT NULL,
  `parent_id` bigint(20) DEFAULT NULL,
  PRIMARY KEY (`id`),
  UNIQUE KEY `id` (`id`),
  KEY `FK4A86F2FBB19097FD` (`parent_id`),
  CONSTRAINT `FK4A86F2FBB19097FD` FOREIGN KEY (`parent_id`) REFERENCES `shopping_trans_area` (`id`)
) ENGINE=InnoDB AUTO_INCREMENT=466 DEFAULT CHARSET=utf8;

/*Data for the table `shopping_trans_area` */

LOCK TABLES `shopping_trans_area` WRITE;

insert  into `shopping_trans_area`(`id`,`addTime`,`deleteStatus`,`areaName`,`level`,`sequence`,`parent_id`) values (1,'2014-09-02 12:03:41','\0','华东',0,1,NULL),(2,'2014-09-02 12:03:41','\0','华北',0,2,NULL),(3,'2014-09-02 12:03:41','\0','华中',0,3,NULL),(4,'2014-09-02 12:03:42','\0','华南',0,4,NULL),(5,'2014-09-02 12:03:42','\0','东北',0,5,NULL),(6,'2014-09-02 12:03:42','\0','西北',0,6,NULL),(7,'2014-09-02 12:03:42','\0','西南',0,7,NULL),(8,'2014-09-02 12:03:42','\0','港澳台',0,8,NULL),(9,'2014-09-02 12:03:42','\0','海外',0,9,NULL),(11,'2014-09-02 12:04:28','\0','上海',1,1,1),(12,'2014-09-02 12:04:28','\0','江苏',1,2,1),(13,'2014-09-02 12:04:28','\0','浙江',1,3,1),(14,'2014-09-02 12:04:28','\0','安徽',1,4,1),(15,'2014-09-02 12:04:28','\0','江西',1,5,1),(16,'2014-09-02 12:04:50','\0','上海市',2,1,11),(17,'2014-09-02 12:06:50','\0','南京市',2,1,12),(18,'2014-09-02 12:06:50','\0','淮安市',2,2,12),(19,'2014-09-02 12:06:50','\0','盐城市',2,3,12),(20,'2014-09-02 12:06:50','\0','徐州市',2,4,12),(21,'2014-09-02 12:06:50','\0','无锡市',2,5,12),(22,'2014-09-02 12:06:50','\0','连云港市',2,6,12),(23,'2014-09-02 12:06:50','\0','宿迁市',2,7,12),(24,'2014-09-02 12:06:50','\0','南通市',2,8,12),(25,'2014-09-02 12:06:50','\0','镇江市',2,9,12),(26,'2014-09-02 12:06:50','\0','泰州市',2,10,12),(27,'2014-09-02 12:06:50','\0','常州市',2,11,12),(28,'2014-09-02 12:06:50','\0','苏州市',2,12,12),(29,'2014-09-02 12:06:50','\0','扬州',2,13,12),(30,'2014-09-02 12:22:28','\0','舟山市',2,1,13),(31,'2014-09-02 12:22:29','\0','衢州市',2,2,13),(32,'2014-09-02 12:22:29','\0','杭州市',2,3,13),(33,'2014-09-02 12:22:29','\0','绍兴市',2,4,13),(34,'2014-09-02 12:22:29','\0','金华市',2,5,13),(35,'2014-09-02 12:22:29','\0','宁波市',2,6,13),(36,'2014-09-02 12:22:29','\0','温州市',2,7,13),(37,'2014-09-02 12:22:29','\0','湖州市',2,8,13),(38,'2014-09-02 12:22:29','\0','嘉兴市',2,9,13),(39,'2014-09-02 12:22:29','\0','丽水市',2,10,13),(40,'2014-09-02 12:22:29','\0','台州市',2,11,13),(41,'2014-09-02 12:25:37','\0','滁州',2,1,14),(42,'2014-09-02 12:25:37','\0','芜湖',2,2,14),(43,'2014-09-02 12:25:37','\0','蚌埠市',2,3,14),(44,'2014-09-02 12:25:37','\0','淮北市',2,4,14),(45,'2014-09-02 12:25:37','\0','铜陵市',2,5,14),(46,'2014-09-02 12:25:37','\0','马鞍山市',2,6,14),(47,'2014-09-02 12:25:37','\0','淮南市',2,7,14),(48,'2014-09-02 12:25:37','\0','黄山市',2,8,14),(49,'2014-09-02 12:25:37','\0','合肥市',2,9,14),(50,'2014-09-02 12:25:37','\0','宣城市',2,10,14),(51,'2014-09-02 12:25:37','\0','亳州市',2,11,14),(52,'2014-09-02 12:25:37','\0','池州市',2,12,14),(53,'2014-09-02 12:25:37','\0','安庆',2,13,14),(54,'2014-09-02 12:25:37','\0','宿州',2,14,14),(55,'2014-09-02 12:25:38','\0','六安市',2,15,14),(56,'2014-09-02 12:25:38','\0','阜阳市',2,16,14),(57,'2014-09-05 13:42:05','\0','鹰潭市',2,0,15),(58,'2014-09-05 13:42:05','\0','九江市',2,0,15),(59,'2014-09-05 13:42:05','\0','上饶市',2,0,15),(60,'2014-09-05 13:42:05','\0','新余市',2,0,15),(61,'2014-09-05 13:42:05','\0','宜春市',2,0,15),(62,'2014-09-05 13:42:05','\0','吉安市',2,0,15),(63,'2014-09-05 13:42:05','\0','南昌市',2,0,15),(64,'2014-09-05 13:42:05','\0','赣州市',2,0,15),(65,'2014-09-05 13:42:05','\0','抚州市',2,0,15),(66,'2014-09-05 13:42:05','\0','萍乡市',2,0,15),(67,'2014-09-05 13:42:05','\0','景德镇市',2,0,15),(68,'2014-09-05 13:59:29','\0','北京',1,1,2),(69,'2014-09-05 13:59:29','\0','天津',1,2,2),(70,'2014-09-05 13:59:29','\0','山西',1,3,2),(71,'2014-09-05 13:59:29','\0','山东',1,4,2),(72,'2014-09-05 13:59:29','\0','河北',1,5,2),(73,'2014-09-05 13:59:29','\0','内蒙古',1,6,2),(74,'2014-09-05 13:59:54','\0','北京',2,1,68),(75,'2014-09-05 14:00:08','\0','天津市',2,1,69),(76,'2014-09-05 16:44:45','\0','临汾市',2,1,70),(77,'2014-09-05 16:44:45','\0','大同市',2,2,70),(78,'2014-09-05 16:44:45','\0','太原市',2,3,70),(79,'2014-09-05 16:44:45','\0','忻州市',2,4,70),(80,'2014-09-05 16:44:45','\0','运城市',2,5,70),(81,'2014-09-05 16:44:45','\0','晋中市',2,6,70),(82,'2014-09-05 16:44:45','\0','吕梁市',2,7,70),(83,'2014-09-05 16:44:45','\0','阳泉市',2,8,70),(84,'2014-09-05 16:44:45','\0','长治市',2,9,70),(85,'2014-09-05 16:44:45','\0','晋城市',2,10,70),(86,'2014-09-05 16:44:45','\0','朔州市',2,11,70),(88,'2014-09-05 16:47:34','\0','临沂',2,1,71),(89,'2014-09-05 16:47:34','\0','淄博',2,2,71),(90,'2014-09-05 16:47:34','\0','潍坊市',2,3,71),(91,'2014-09-05 16:47:34','\0','青岛',2,4,71),(92,'2014-09-05 16:47:34','\0','枣庄市',2,5,71),(93,'2014-09-05 16:47:34','\0','济宁市',2,6,71),(94,'2014-09-05 16:47:34','\0','烟台',2,7,71),(95,'2014-09-05 16:47:34','\0','东营',2,8,71),(96,'2014-09-05 16:47:34','\0','泰安市',2,9,71),(97,'2014-09-05 16:47:34','\0','威海市',2,10,71),(98,'2014-09-05 16:47:34','\0','济南市',2,11,71),(99,'2014-09-05 16:47:34','\0','莱芜市',2,12,71),(100,'2014-09-05 16:47:35','\0','菏泽市',2,13,71),(101,'2014-09-05 16:47:35','\0','滨州市',2,14,71),(102,'2014-09-05 16:47:35','\0','聊城市',2,15,71),(103,'2014-09-05 16:47:35','\0','德州市',2,16,71),(104,'2014-09-05 16:47:35','\0','日照市',2,17,71),(105,'2014-09-05 16:50:58','\0','廊坊市',2,1,72),(106,'2014-09-05 16:50:58','\0','衡水市',2,2,72),(107,'2014-09-05 16:50:58','\0','邯郸市',2,3,72),(108,'2014-09-05 16:50:58','\0','张家口市',2,4,72),(109,'2014-09-05 16:50:58','\0','承德市',2,5,72),(110,'2014-09-05 16:50:58','\0','唐山市',2,6,72),(111,'2014-09-05 16:50:58','\0','邢台市',2,7,72),(112,'2014-09-05 16:50:58','\0','保定市',2,8,72),(113,'2014-09-05 16:50:58','\0','沧州市',2,9,72),(114,'2014-09-05 16:50:58','\0','石家庄市',2,10,72),(115,'2014-09-05 16:50:58','\0','秦皇岛市',2,11,72),(116,'2014-09-05 16:55:35','\0','包头市',2,1,73),(117,'2014-09-05 16:55:35','\0','呼和浩特市',2,2,73),(118,'2014-09-05 16:55:35','\0','乌海市',2,3,73),(119,'2014-09-05 16:55:35','\0','赤峰市',2,4,73),(120,'2014-09-05 16:55:35','\0','巴彦淖尔市',2,5,73),(121,'2014-09-05 16:55:35','\0','呼伦贝尔市',2,6,73),(122,'2014-09-05 16:55:35','\0','通辽市',2,7,73),(123,'2014-09-05 16:55:35','\0','鄂尔多斯市',2,8,73),(124,'2014-09-05 16:55:35','\0','锡林郭勒盟',2,9,73),(125,'2014-09-05 16:55:35','\0','兴安盟',2,10,73),(126,'2014-09-05 16:55:36','\0','阿拉善盟',2,11,73),(127,'2014-09-05 16:55:36','\0','乌兰察布',2,12,73),(128,'2014-09-05 16:59:58','\0','湖南',1,1,3),(129,'2014-09-05 16:59:58','\0','湖北',1,2,3),(130,'2014-09-05 16:59:58','\0','河南',1,3,3),(131,'2014-09-05 17:09:11','\0','湘西',2,1,128),(132,'2014-09-05 17:09:12','\0','永州市',2,2,128),(133,'2014-09-05 17:09:12','\0','长沙市',2,3,128),(134,'2014-09-05 17:09:12','\0','益阳市',2,4,128),(135,'2014-09-05 17:09:12','\0','邵阳市',2,5,128),(136,'2014-09-05 17:09:12','\0','张家界市',2,6,128),(137,'2014-09-05 17:09:12','\0','岳阳市',2,7,128),(138,'2014-09-05 17:09:12','\0','娄底市',2,8,128),(139,'2014-09-05 17:09:12','\0','常德市',2,9,128),(140,'2014-09-05 17:09:12','\0','怀化市',2,10,128),(141,'2014-09-05 17:09:12','\0','郴州市',2,11,128),(142,'2014-09-05 17:09:12','\0','株洲市',2,12,128),(143,'2014-09-05 17:09:12','\0','衡阳',2,13,128),(144,'2014-09-05 17:09:12','\0','湘潭市',2,14,128),(145,'2014-09-05 17:19:27','\0','鄂州',2,1,129),(146,'2014-09-05 17:19:27','\0','恩施市',2,2,129),(147,'2014-09-05 17:19:27','\0','黄冈市',2,3,129),(148,'2014-09-05 17:19:27','\0','咸宁市',2,4,129),(149,'2014-09-05 17:19:27','\0','荆州市',2,5,129),(150,'2014-09-05 17:19:27','\0','十堰市',2,6,129),(151,'2014-09-05 17:19:27','\0','随州市',2,7,129),(152,'2014-09-05 17:19:27','\0','神农架林区',2,8,129),(153,'2014-09-05 17:19:27','\0','荆门市',2,9,129),(154,'2014-09-05 17:19:27','\0','武汉市',2,10,129),(155,'2014-09-05 17:19:27','\0','宜昌市',2,11,129),(156,'2014-09-05 17:19:27','\0','天门市',2,12,129),(157,'2014-09-05 17:19:27','\0','潜江',2,13,129),(158,'2014-09-05 17:19:27','\0','仙桃',2,14,129),(159,'2014-09-05 17:19:27','\0','孝感',2,15,129),(160,'2014-09-05 17:19:27','\0','黄石',2,16,129),(161,'2014-09-05 17:19:27','\0','襄阳市',2,17,129),(162,'2014-09-05 17:59:20','\0','濮阳',2,1,130),(163,'2014-09-05 17:59:20','\0','郑州市',2,2,130),(164,'2014-09-05 17:59:20','\0','安阳市',2,3,130),(165,'2014-09-05 17:59:20','\0','信阳市',2,4,130),(166,'2014-09-05 17:59:20','\0','开封市',2,5,130),(167,'2014-09-05 17:59:20','\0','洛阳市',2,6,130),(168,'2014-09-05 17:59:20','\0','南阳市',2,7,130),(169,'2014-09-05 17:59:20','\0','驻马店市',2,8,130),(170,'2014-09-05 17:59:20','\0','平顶山市',2,9,130),(171,'2014-09-05 17:59:20','\0','商丘市',2,10,130),(172,'2014-09-05 17:59:20','\0','周口市',2,11,130),(173,'2014-09-05 17:59:20','\0','三门峡市',2,12,130),(174,'2014-09-05 17:59:20','\0','漯河',2,13,130),(175,'2014-09-05 17:59:20','\0','许昌',2,14,130),(176,'2014-09-05 17:59:20','\0','新乡',2,15,130),(177,'2014-09-05 17:59:20','\0','济源',2,16,130),(178,'2014-09-05 17:59:20','\0','鹤壁',2,17,130),(179,'2014-09-05 17:59:20','\0','焦作市',2,18,130),(180,'2014-09-05 18:00:21','\0','广东',1,1,4),(181,'2014-09-05 18:00:21','\0','广西',1,2,4),(182,'2014-09-05 18:00:21','\0','福建',1,3,4),(183,'2014-09-05 18:00:21','\0','海南',1,4,4),(184,'2014-09-05 18:04:53','\0','汕尾',2,1,180),(185,'2014-09-05 18:04:53','\0','河源市',2,2,180),(186,'2014-09-05 18:04:53','\0','潮州市',2,3,180),(187,'2014-09-05 18:04:53','\0','云浮市',2,4,180),(188,'2014-09-05 18:04:53','\0','梅州市',2,5,180),(189,'2014-09-05 18:04:53','\0','深圳市',2,6,180),(190,'2014-09-05 18:04:53','\0','汕头市',2,7,180),(191,'2014-09-05 18:04:53','\0','茂名市',2,8,180),(192,'2014-09-05 18:04:53','\0','东莞市',2,9,180),(193,'2014-09-05 18:04:53','\0','广州市',2,10,180),(194,'2014-09-05 18:04:53','\0','佛山市',2,11,180),(195,'2014-09-05 18:04:53','\0','珠海市',2,12,180),(196,'2014-09-05 18:04:53','\0','湛江',2,13,180),(197,'2014-09-05 18:04:53','\0','清远',2,14,180),(198,'2014-09-05 18:04:53','\0','韶关',2,15,180),(199,'2014-09-05 18:04:53','\0','中山',2,16,180),(200,'2014-09-05 18:04:53','\0','肇庆',2,17,180),(201,'2014-09-05 18:04:53','\0','江门',2,18,180),(202,'2014-09-05 18:04:53','\0','揭阳',2,19,180),(203,'2014-09-05 18:04:53','\0','阳江',2,20,180),(204,'2014-09-05 18:04:53','\0','惠州市',2,21,180),(205,'2014-09-05 18:06:37','\0','贺州',2,1,181),(206,'2014-09-05 18:06:37','\0','贵港市',2,2,181),(207,'2014-09-05 18:06:37','\0','防城港市',2,3,181),(208,'2014-09-05 18:06:37','\0','钦州市',2,4,181),(209,'2014-09-05 18:06:37','\0','桂林市',2,5,181),(210,'2014-09-05 18:06:37','\0','来宾市',2,6,181),(211,'2014-09-05 18:06:37','\0','河池市',2,7,181),(212,'2014-09-05 18:06:37','\0','柳州市',2,8,181),(213,'2014-09-05 18:06:37','\0','梧州市',2,9,181),(214,'2014-09-05 18:06:37','\0','崇左市',2,10,181),(215,'2014-09-05 18:06:37','\0','玉林市',2,11,181),(216,'2014-09-05 18:06:37','\0','百色市',2,12,181),(217,'2014-09-05 18:06:37','\0','北海',2,13,181),(218,'2014-09-05 18:06:37','\0','南宁市',2,14,181),(219,'2014-09-05 18:07:50','\0','莆田市',2,1,182),(220,'2014-09-05 18:07:50','\0','厦门市',2,2,182),(221,'2014-09-05 18:07:50','\0','南平市',2,3,182),(222,'2014-09-05 18:07:50','\0','漳州市',2,4,182),(223,'2014-09-05 18:07:50','\0','龙岩市',2,5,182),(224,'2014-09-05 18:07:50','\0','宁德市',2,6,182),(225,'2014-09-05 18:07:50','\0','福州市',2,7,182),(226,'2014-09-05 18:07:50','\0','三明市',2,8,182),(227,'2014-09-05 18:07:50','\0','泉州市',2,9,182),(241,'2014-09-05 18:10:33','\0','三亚市',2,1,183),(247,'2014-09-05 18:10:33','\0','海口市',2,2,183),(249,'2014-09-05 18:11:02','\0','辽宁',1,1,5),(250,'2014-09-05 18:11:02','\0','吉林',1,2,5),(251,'2014-09-05 18:11:02','\0','黑龙江',1,3,5),(252,'2014-09-05 18:12:30','\0','鞍山',2,1,249),(253,'2014-09-05 18:12:30','\0','大连市',2,2,249),(254,'2014-09-05 18:12:30','\0','沈阳市',2,3,249),(255,'2014-09-05 18:12:30','\0','阜新市',2,4,249),(256,'2014-09-05 18:12:30','\0','营口市',2,5,249),(257,'2014-09-05 18:12:30','\0','抚顺市',2,6,249),(258,'2014-09-05 18:12:30','\0','本溪市',2,7,249),(259,'2014-09-05 18:12:30','\0','朝阳市',2,8,249),(260,'2014-09-05 18:12:30','\0','辽阳市',2,9,249),(261,'2014-09-05 18:12:30','\0','葫芦岛市',2,10,249),(262,'2014-09-05 18:12:30','\0','铁岭市',2,11,249),(263,'2014-09-05 18:12:30','\0','盘锦市',2,12,249),(264,'2014-09-05 18:12:30','\0','锦州',2,13,249),(265,'2014-09-05 18:12:30','\0','丹东市',2,14,249),(266,'2014-09-05 18:13:39','\0','延边朝鲜族自治州',2,1,250),(267,'2014-09-05 18:13:39','\0','吉林市',2,2,250),(268,'2014-09-05 18:13:39','\0','四平市',2,3,250),(269,'2014-09-05 18:13:39','\0','白城市',2,4,250),(270,'2014-09-05 18:13:39','\0','辽源市',2,5,250),(271,'2014-09-05 18:13:39','\0','通化市',2,6,250),(272,'2014-09-05 18:13:39','\0','松原市',2,7,250),(273,'2014-09-05 18:13:39','\0','白山市',2,8,250),(274,'2014-09-05 18:13:40','\0','长春市',2,9,250),(275,'2014-09-05 18:14:56','\0','大兴安岭地区',2,1,251),(276,'2014-09-05 18:14:57','\0','黑河市',2,2,251),(277,'2014-09-05 18:14:57','\0','大庆市',2,3,251),(278,'2014-09-05 18:14:57','\0','伊春市',2,4,251),(279,'2014-09-05 18:14:57','\0','绥化市',2,5,251),(280,'2014-09-05 18:14:57','\0','鸡西市',2,6,251),(281,'2014-09-05 18:14:57','\0','齐齐哈尔市',2,7,251),(282,'2014-09-05 18:14:57','\0','佳木斯市',2,8,251),(283,'2014-09-05 18:14:57','\0','牡丹江市',2,9,251),(284,'2014-09-05 18:14:57','\0','哈尔滨市',2,10,251),(285,'2014-09-05 18:14:57','\0','鹤岗市',2,11,251),(286,'2014-09-05 18:14:57','\0','双鸭山市',2,12,251),(287,'2014-09-05 18:14:57','\0','七台河市',2,13,251),(288,'2014-09-05 18:20:07','\0','陕西',1,1,6),(289,'2014-09-05 18:20:07','\0','新疆',1,2,6),(290,'2014-09-05 18:20:07','\0','甘肃',1,3,6),(291,'2014-09-05 18:20:07','\0','宁夏',1,4,6),(292,'2014-09-05 18:20:07','\0','青海',1,5,6),(293,'2014-09-05 18:21:21','\0','榆林市',2,1,288),(294,'2014-09-05 18:21:21','\0','安康市',2,2,288),(295,'2014-09-05 18:21:21','\0','汉中市',2,3,288),(296,'2014-09-05 18:21:21','\0','延安市',2,4,288),(297,'2014-09-05 18:21:21','\0','商洛市',2,5,288),(298,'2014-09-05 18:21:21','\0','渭南市',2,6,288),(299,'2014-09-05 18:21:21','\0','咸阳市',2,7,288),(300,'2014-09-05 18:21:21','\0','宝鸡市',2,8,288),(301,'2014-09-05 18:21:21','\0','西安市',2,9,288),(302,'2014-09-05 18:21:21','\0','铜川市',2,10,288),(310,'2014-09-05 18:23:39','\0','昌吉回族自治州',2,8,289),(311,'2014-09-05 18:23:39','\0','伊犁哈萨克自治州',2,9,289),(312,'2014-09-05 18:23:39','\0','博尔塔拉蒙古自治州',2,10,289),(313,'2014-09-05 18:23:39','\0','克孜勒苏柯尔克孜自治州',2,11,289),(314,'2014-09-05 18:23:39','\0','喀什地区',2,12,289),(315,'2014-09-05 18:23:39','\0','塔城地区',2,13,289),(316,'2014-09-05 18:23:39','\0','克拉玛依市',2,14,289),(317,'2014-09-05 18:23:39','\0','阿勒泰地区',2,15,289),(318,'2014-09-05 18:23:39','\0','和田地区',2,16,289),(319,'2014-09-05 18:23:39','\0','巴音郭楞蒙古自治州',2,17,289),(320,'2014-09-05 18:23:39','\0','乌鲁木齐市',2,18,289),(321,'2014-09-05 18:25:54','\0','庆阳市',2,1,290),(322,'2014-09-05 18:25:54','\0','陇南市',2,2,290),(323,'2014-09-05 18:25:54','\0','金昌市',2,3,290),(324,'2014-09-05 18:25:54','\0','定西市',2,4,290),(325,'2014-09-05 18:25:54','\0','甘南藏族自治州',2,5,290),(326,'2014-09-05 18:25:54','\0','临夏回族自治州',2,6,290),(327,'2014-09-05 18:25:54','\0','嘉峪关市',2,7,290),(329,'2014-09-05 18:25:54','\0','酒泉市',2,9,290),(330,'2014-09-05 18:25:54','\0','平凉市',2,10,290),(331,'2014-09-05 18:25:54','\0','天水市',2,11,290),(332,'2014-09-05 18:25:54','\0','白银市',2,12,290),(333,'2014-09-05 18:25:54','\0','武威市',2,13,290),(334,'2014-09-05 18:25:54','\0','张掖市',2,14,290),(335,'2014-09-05 18:26:29','\0','固原市',2,1,291),(336,'2014-09-05 18:26:29','\0','中卫市',2,2,291),(337,'2014-09-05 18:26:29','\0','吴忠市',2,3,291),(338,'2014-09-05 18:26:29','\0','石嘴山市',2,4,291),(339,'2014-09-05 18:26:29','\0','银川市',2,5,291),(340,'2014-09-05 18:27:27','\0','黄南藏族自治州',2,1,292),(341,'2014-09-05 18:27:27','\0','西宁市',2,2,292),(342,'2014-09-05 18:27:27','\0','海西蒙古族藏族自治州',2,3,292),(343,'2014-09-05 18:27:27','\0','果洛藏族自治州',2,4,292),(344,'2014-09-05 18:27:27','\0','海东地区',2,5,292),(345,'2014-09-05 18:27:27','\0','海南藏族自治州',2,6,292),(346,'2014-09-05 18:27:27','\0','玉树藏族自治州',2,7,292),(347,'2014-09-05 18:27:27','\0','海北藏族自治州',2,8,292),(348,'2014-09-05 18:28:10','\0','重庆',1,1,7),(349,'2014-09-05 18:28:10','\0','云南',1,2,7),(350,'2014-09-05 18:28:10','\0','贵州',1,3,7),(351,'2014-09-05 18:28:10','\0','西藏',1,4,7),(352,'2014-09-05 18:28:10','\0','四川',1,5,7),(353,'2014-09-05 18:28:26','\0','重庆市',2,1,348),(354,'2014-09-05 18:30:22','\0','昆明市',2,1,349),(355,'2014-09-05 18:30:22','\0','曲靖市',2,2,349),(356,'2014-09-05 18:30:22','\0','玉溪市',2,3,349),(357,'2014-09-05 18:30:22','\0','保山市',2,4,349),(358,'2014-09-05 18:30:22','\0','昭通市',2,5,349),(359,'2014-09-05 18:30:23','\0','楚雄彝族自治州',2,6,349),(360,'2014-09-05 18:30:23','\0','红河哈尼族彝族自治州',2,7,349),(361,'2014-09-05 18:30:23','\0','文山壮族苗族自治州',2,8,349),(362,'2014-09-05 18:30:23','\0','西双版纳傣族自治州',2,9,349),(363,'2014-09-05 18:30:23','\0','大理白族自治州',2,10,349),(364,'2014-09-05 18:30:23','\0','怒江傈僳族自治州',2,11,349),(365,'2014-09-05 18:30:23','\0','德宏傣族景颇族自治州',2,12,349),(366,'2014-09-05 18:30:23','\0','丽江市',2,13,349),(367,'2014-09-05 18:30:23','\0','迪庆藏族自治州',2,14,349),(368,'2014-09-05 18:30:23','\0','普洱市',2,15,349),(369,'2014-09-05 18:30:23','\0','临沧市',2,16,349),(370,'2014-09-05 18:31:16','\0','黔南布依族苗族自治州',2,1,350),(371,'2014-09-05 18:31:16','\0','黔东南苗族侗族自治州',2,2,350),(372,'2014-09-05 18:31:16','\0','毕节地区',2,3,350),(373,'2014-09-05 18:31:16','\0','黔西南布依族苗族自治州',2,4,350),(374,'2014-09-05 18:31:16','\0','铜仁地区',2,5,350),(375,'2014-09-05 18:31:16','\0','安顺市',2,6,350),(376,'2014-09-05 18:31:16','\0','六盘水市',2,7,350),(377,'2014-09-05 18:31:16','\0','遵义市',2,8,350),(378,'2014-09-05 18:31:16','\0','贵阳市',2,9,350),(379,'2014-09-05 18:32:22','\0','拉萨市',2,1,351),(380,'2014-09-05 18:32:22','\0','山南地区',2,2,351),(381,'2014-09-05 18:32:22','\0','昌都地区',2,3,351),(382,'2014-09-05 18:32:22','\0','日喀则地区',2,4,351),(383,'2014-09-05 18:32:22','\0','林芝地区',2,5,351),(384,'2014-09-05 18:32:22','\0','那曲地区',2,6,351),(385,'2014-09-05 18:32:22','\0','阿里地区',2,7,351),(386,'2014-09-05 18:35:14','\0','成都市',2,1,352),(387,'2014-09-05 18:35:14','\0','自贡市',2,2,352),(388,'2014-09-05 18:35:14','\0','攀枝花市',2,3,352),(389,'2014-09-05 18:35:15','\0','内江市',2,4,352),(390,'2014-09-05 18:35:15','\0','遂宁市',2,5,352),(391,'2014-09-05 18:35:15','\0','广元市',2,6,352),(392,'2014-09-05 18:35:15','\0','德阳市',2,7,352),(393,'2014-09-05 18:35:15','\0','绵阳市',2,8,352),(394,'2014-09-05 18:35:15','\0','泸州市',2,9,352),(395,'2014-09-05 18:35:15','\0','阿坝藏族羌族自治州',2,10,352),(396,'2014-09-05 18:35:15','\0','资阳市',2,11,352),(397,'2014-09-05 18:35:15','\0','甘孜藏族自治州',2,12,352),(398,'2014-09-05 18:35:15','\0','广元',2,13,352),(399,'2014-09-05 18:35:15','\0','凉山彝族自治州',2,14,352),(400,'2014-09-05 18:35:15','\0','内江市',2,15,352),(401,'2014-09-05 18:35:15','\0','遂宁',2,16,352),(402,'2014-09-05 18:35:15','\0','泸州',2,17,352),(403,'2014-09-05 18:35:15','\0','阿坝',2,18,352),(404,'2014-09-05 18:35:15','\0','凉山',2,19,352),(405,'2014-09-05 18:35:15','\0','德阳',2,20,352),(406,'2014-09-05 18:35:15','\0','南充市',2,21,352),(435,'2014-09-05 18:40:05','\0','海外',1,1,9),(436,'2014-09-06 09:52:06','\0','海外',2,1,435),(437,'2016-03-31 15:48:45','\0','省直辖县级行政区划',2,3,183),(438,'2016-03-31 15:50:04','\0','市辖区',3,0,247),(439,'2016-03-31 15:50:04','\0','秀英区',3,0,247),(440,'2016-03-31 15:50:04','\0','龙华区',3,0,247),(441,'2016-03-31 15:50:04','\0','琼山区',3,0,247),(442,'2016-03-31 15:50:04','\0','美兰区',3,0,247),(443,'2016-03-31 15:55:06','\0','中沙群岛的岛礁及其海域',3,0,437),(444,'2016-03-31 16:24:33','\0','陵水黎族自治县',3,0,437),(445,'2016-03-31 16:24:33','\0','昌江黎族自治县',3,0,437),(446,'2016-03-31 16:24:33','\0','白沙黎族自治县',3,0,437),(447,'2016-03-31 16:24:33','\0','临高县',3,0,437),(448,'2016-03-31 16:24:33','\0','澄迈县',3,0,437),(449,'2016-03-31 16:24:33','\0','屯昌县',3,0,437),(450,'2016-03-31 16:24:33','\0','定安县',3,0,437),(451,'2016-03-31 16:24:33','\0','东方市',3,0,437),(452,'2016-03-31 16:24:33','\0','西沙群岛',3,0,437),(453,'2016-03-31 16:24:33','\0','琼中黎族苗族自治县',3,0,437),(454,'2016-03-31 16:24:33','\0','保亭黎族苗族自治县',3,0,437),(455,'2016-03-31 16:24:33','\0','定安县',3,0,437),(456,'2016-03-31 16:24:33','\0','东方市',3,0,437),(457,'2016-03-31 16:24:33','\0','万宁市',3,0,437),(458,'2016-03-31 16:24:33','\0','文昌市',3,0,437),(459,'2016-03-31 16:24:33','\0','儋州市',3,0,437),(460,'2016-03-31 16:24:33','\0','琼海市',3,0,437),(461,'2016-03-31 16:24:33','\0','五指山市',3,0,437),(462,'2016-03-31 16:42:35','\0','自治区直辖县级行政区划',2,0,289),(463,'2016-03-31 16:44:25','\0','吐鲁番地区',2,0,289),(464,'2016-03-31 16:45:46','\0','阿克苏地区',2,9,289),(465,'2016-03-31 16:52:30','\0','兰州市',2,0,290);

UNLOCK TABLES;

/*Table structure for table `shopping_transport` */

DROP TABLE IF EXISTS `shopping_transport`;

CREATE TABLE `shopping_transport` (
  `id` bigint(20) NOT NULL AUTO_INCREMENT,
  `addTime` datetime DEFAULT NULL,
  `deleteStatus` bit(1) NOT NULL,
  `trans_ems` bit(1) NOT NULL,
  `trans_ems_info` longtext,
  `trans_express` bit(1) NOT NULL,
  `trans_express_info` longtext,
  `trans_mail` bit(1) NOT NULL,
  `trans_mail_info` longtext,
  `trans_name` varchar(255) DEFAULT NULL,
  `store_id` bigint(20) DEFAULT NULL,
  `trans_time` int(11) DEFAULT '0',
  `trans_type` int(11) DEFAULT '0',
  PRIMARY KEY (`id`),
  UNIQUE KEY `id` (`id`),
  KEY `FK58C67F38920D7683` (`store_id`),
  KEY `FKF1EB41121C0CA9F2` (`store_id`),
  CONSTRAINT `FK58C67F38920D7683` FOREIGN KEY (`store_id`) REFERENCES `shopping_store` (`id`),
  CONSTRAINT `FKF1EB41121C0CA9F2` FOREIGN KEY (`store_id`) REFERENCES `shopping_store` (`id`)
) ENGINE=InnoDB AUTO_INCREMENT=5 DEFAULT CHARSET=utf8;

/*Data for the table `shopping_transport` */

LOCK TABLES `shopping_transport` WRITE;

insert  into `shopping_transport`(`id`,`addTime`,`deleteStatus`,`trans_ems`,`trans_ems_info`,`trans_express`,`trans_express_info`,`trans_mail`,`trans_mail_info`,`trans_name`,`store_id`,`trans_time`,`trans_type`) values (1,'2014-09-16 12:02:24','\0','','[{\"city_id\":\"-1\",\"city_name\":\"全国\",\"trans_add_fee\":20.0,\"trans_fee\":20.0,\"trans_add_weight\":1,\"trans_weight\":1}, {\"city_id\":\"347,346,345,344,343,342,341,340,\",\"city_name\":\"海北、玉树、海南藏族、海东、果洛、海西、西宁、黄南、\",\"trans_add_fee\":22.0,\"trans_fee\":22.0,\"trans_add_weight\":1,\"trans_weight\":1}]','','[{\"city_id\":\"-1\",\"city_name\":\"全国\",\"trans_add_fee\":15.0,\"trans_fee\":15.0,\"trans_add_weight\":1,\"trans_weight\":1}, {\"city_id\":\"74,16,\",\"city_name\":\"北京、上海、\",\"trans_add_fee\":3.0,\"trans_fee\":14.0,\"trans_add_weight\":1,\"trans_weight\":1}, {\"city_id\":\"29,28,27,26,25,24,23,22,21,20,19,18,17,\",\"city_name\":\"扬州、苏州、常州、泰州、镇江、南通、宿迁、连云港、无锡、徐州、盐城、淮安、南京、\",\"trans_add_fee\":2.0,\"trans_fee\":13.0,\"trans_add_weight\":1,\"trans_weight\":1}]','','[{\"city_id\":\"-1\",\"city_name\":\"全国\",\"trans_add_fee\":10.0,\"trans_fee\":10.0,\"trans_add_weight\":1,\"trans_weight\":1}, {\"city_id\":\"29,28,27,26,25,24,23,22,21,20,19,18,17,\",\"city_name\":\"扬州、苏州、常州、泰州、镇江、南通、宿迁、连云港、无锡、徐州、盐城、淮安、南京、\",\"trans_add_fee\":11.0,\"trans_fee\":11.0,\"trans_add_weight\":1,\"trans_weight\":1}, {\"city_id\":\"40,39,38,37,36,35,34,33,32,31,30,\",\"city_name\":\"台州、丽水、嘉兴、湖州、温州、宁波、金华、绍兴、杭州、衢州、舟山、\",\"trans_add_fee\":12.0,\"trans_fee\":12.0,\"trans_add_weight\":1,\"trans_weight\":1}, {\"city_id\":\"56,55,54,53,52,51,50,49,48,47,46,45,44,43,42,41,\",\"city_name\":\"阜阳、六安、宿州、安庆、池州、亳州、宣城、合肥、黄山、淮南、马鞍山、铜陵、淮北、蚌埠、芜湖、滁州、\",\"trans_add_fee\":10.0,\"trans_fee\":10.0,\"trans_add_weight\":1,\"trans_weight\":1}]','顺丰模板',32768,12,0),(2,'2014-09-24 16:44:08','\0','','[{\"city_id\":\"-1\",\"city_name\":\"全国\",\"trans_add_fee\":5.0,\"trans_fee\":20.0,\"trans_add_weight\":1,\"trans_weight\":1}, {\"city_id\":\"67,66,65,64,63,62,61,60,59,58,57,56,55,54,53,52,51,50,49,48,47,46,45,44,43,42,41,40,39,38,37,36,35,34,33,32,31,30,29,28,27,26,25,24,23,22,21,20,19,18,17,16,\",\"city_name\":\"景德镇、萍乡、抚州、赣州、南昌、吉安、宜春、新余、上饶、九江、鹰潭、阜阳、六安、宿州、安庆、池州、亳州、宣城、合肥、黄山、淮南、马鞍山、铜陵、淮北、蚌埠、芜湖、滁州、台州、丽水、嘉兴、湖州、温州、宁波、金华、绍兴、杭州、衢州、舟山、扬州、苏州、常州、泰州、镇江、南通、宿迁、连云港、无锡、徐州、盐城、淮安、南京、上海、\",\"trans_add_fee\":4.0,\"trans_fee\":20.0,\"trans_add_weight\":1,\"trans_weight\":1}, {\"city_id\":\"287,286,285,284,283,282,281,280,279,278,277,276,275,274,273,272,271,270,269,268,267,266,265,264,263,262,261,260,259,258,257,256,255,254,253,252,\",\"city_name\":\"七台河、双鸭山、鹤岗、哈尔滨、牡丹江、佳木斯、齐齐哈尔、鸡西、绥化、伊春、大庆、黑河、大兴安岭、长春、白山、松原、通化、辽源、白城、四平、吉林、延边朝鲜族、丹东、锦州、盘锦、铁岭、葫芦岛、辽阳、朝阳、本溪、抚顺、营口、阜新、沈阳、大连、鞍山、\",\"trans_add_fee\":3.0,\"trans_fee\":20.0,\"trans_add_weight\":1,\"trans_weight\":1}]','','[{\"city_id\":\"-1\",\"city_name\":\"全国\",\"trans_add_fee\":2.0,\"trans_fee\":12.0,\"trans_add_weight\":1,\"trans_weight\":1}, {\"city_id\":\"353,74,16,\",\"city_name\":\"重庆、北京、上海、\",\"trans_add_fee\":3.0,\"trans_fee\":13.0,\"trans_add_weight\":1,\"trans_weight\":1}, {\"city_id\":\"274,273,272,271,270,269,268,267,266,265,264,263,262,261,260,259,258,257,256,255,254,253,252,\",\"city_name\":\"长春、白山、松原、通化、辽源、白城、四平、吉林、延边朝鲜族、丹东、锦州、盘锦、铁岭、葫芦岛、辽阳、朝阳、本溪、抚顺、营口、阜新、沈阳、大连、鞍山、\",\"trans_add_fee\":4.0,\"trans_fee\":14.0,\"trans_add_weight\":1,\"trans_weight\":1}]','','[{\"city_id\":\"-1\",\"city_name\":\"全国\",\"trans_add_fee\":2.0,\"trans_fee\":10.0,\"trans_add_weight\":1,\"trans_weight\":1}, {\"city_id\":\"74,16,\",\"city_name\":\"北京、上海、\",\"trans_add_fee\":3.0,\"trans_fee\":10.0,\"trans_add_weight\":1,\"trans_weight\":1}, {\"city_id\":\"265,264,263,262,261,260,259,258,257,256,255,254,253,252,\",\"city_name\":\"丹东、锦州、盘锦、铁岭、葫芦岛、辽阳、朝阳、本溪、抚顺、营口、阜新、沈阳、大连、鞍山、\",\"trans_add_fee\":3.0,\"trans_fee\":10.0,\"trans_add_weight\":1,\"trans_weight\":1}]','顺丰物流',1,24,0),(3,'2014-09-18 13:50:46','\0','','[{\"city_id\":\"-1\",\"city_name\":\"全国\",\"trans_add_fee\":20.0,\"trans_fee\":20.0,\"trans_add_weight\":1,\"trans_weight\":1}, {\"city_id\":\"347,346,345,344,343,342,341,340,\",\"city_name\":\"海北、玉树、海南藏族、海东、果洛、海西、西宁、黄南、\",\"trans_add_fee\":22.0,\"trans_fee\":22.0,\"trans_add_weight\":1,\"trans_weight\":1}]','','[{\"city_id\":\"-1\",\"city_name\":\"全国\",\"trans_add_fee\":15.0,\"trans_fee\":15.0,\"trans_add_weight\":1,\"trans_weight\":1}, {\"city_id\":\"74,16,\",\"city_name\":\"北京、上海、\",\"trans_add_fee\":3.0,\"trans_fee\":14.0,\"trans_add_weight\":1,\"trans_weight\":1}, {\"city_id\":\"29,28,27,26,25,24,23,22,21,20,19,18,17,\",\"city_name\":\"扬州、苏州、常州、泰州、镇江、南通、宿迁、连云港、无锡、徐州、盐城、淮安、南京、\",\"trans_add_fee\":2.0,\"trans_fee\":13.0,\"trans_add_weight\":1,\"trans_weight\":1}]','','[{\"city_id\":\"-1\",\"city_name\":\"全国\",\"trans_add_fee\":10.0,\"trans_fee\":10.0,\"trans_add_weight\":1,\"trans_weight\":1}, {\"city_id\":\"29,28,27,26,25,24,23,22,21,20,19,18,17,\",\"city_name\":\"扬州、苏州、常州、泰州、镇江、南通、宿迁、连云港、无锡、徐州、盐城、淮安、南京、\",\"trans_add_fee\":11.0,\"trans_fee\":11.0,\"trans_add_weight\":1,\"trans_weight\":1}, {\"city_id\":\"40,39,38,37,36,35,34,33,32,31,30,\",\"city_name\":\"台州、丽水、嘉兴、湖州、温州、宁波、金华、绍兴、杭州、衢州、舟山、\",\"trans_add_fee\":12.0,\"trans_fee\":12.0,\"trans_add_weight\":1,\"trans_weight\":1}, {\"city_id\":\"56,55,54,53,52,51,50,49,48,47,46,45,44,43,42,41,\",\"city_name\":\"阜阳、六安、宿州、安庆、池州、亳州、宣城、合肥、黄山、淮南、马鞍山、铜陵、淮北、蚌埠、芜湖、滁州、\",\"trans_add_fee\":10.0,\"trans_fee\":10.0,\"trans_add_weight\":1,\"trans_weight\":1}]','顺丰模板1',32768,24,0),(4,'2014-09-25 13:49:37','\0','','[{\"city_id\":\"-1\",\"city_name\":\"全国\",\"trans_add_fee\":5.0,\"trans_fee\":20.0,\"trans_add_weight\":1,\"trans_weight\":1}]','','[{\"city_id\":\"-1\",\"city_name\":\"全国\",\"trans_add_fee\":2.0,\"trans_fee\":15.0,\"trans_add_weight\":1,\"trans_weight\":1}, {\"city_id\":\"127,126,125,124,123,122,121,120,119,118,117,116,115,114,113,112,111,110,109,108,107,106,105,104,103,102,101,100,99,98,97,96,95,94,93,92,91,90,89,88,86,85,84,83,82,81,80,79,78,77,76,75,74,67,66,65,64,63,62,61,60,59,58,57,56,55,54,53,52,51,50,49,48,47,46,45,44,43,42,41,40,39,38,37,36,35,34,33,32,31,30,29,28,27,26,25,24,23,22,21,20,19,18,17,16,\",\"city_name\":\"乌兰察布、阿拉善、兴安、锡林郭勒、鄂尔多斯、通辽、呼伦贝尔、巴彦淖尔、赤峰、乌海、呼和浩特、包头、秦皇岛、石家庄、沧州、保定、邢台、唐山、承德、张家口、邯郸、衡水、廊坊、日照、德州、聊城、滨州、菏泽、莱芜、济南、威海、泰安、东营、烟台、济宁、枣庄、青岛、潍坊、淄博、临沂、朔州、晋城、长治、阳泉、吕梁、晋中、运城、忻州、太原、大同、临汾、天津、北京、景德镇、萍乡、抚州、赣州、南昌、吉安、宜春、新余、上饶、九江、鹰潭、阜阳、六安、宿州、安庆、池州、亳州、宣城、合肥、黄山、淮南、马鞍山、铜陵、淮北、蚌埠、芜湖、滁州、台州、丽水、嘉兴、湖州、温州、宁波、金华、绍兴、杭州、衢州、舟山、扬州、苏州、常州、泰州、镇江、南通、宿迁、连云港、无锡、徐州、盐城、淮安、南京、上海、\",\"trans_add_fee\":3.0,\"trans_fee\":15.0,\"trans_add_weight\":1,\"trans_weight\":1}, {\"city_id\":\"287,286,285,284,283,282,281,280,279,278,277,276,275,274,273,272,271,270,269,268,267,266,265,264,263,262,261,260,259,258,257,256,255,254,253,252,179,178,177,176,175,174,173,172,171,170,169,168,167,166,165,164,163,162,161,160,159,158,157,156,155,154,153,152,151,150,149,148,147,146,145,144,143,142,141,140,139,138,137,136,135,134,133,132,131,\",\"city_name\":\"七台河、双鸭山、鹤岗、哈尔滨、牡丹江、佳木斯、齐齐哈尔、鸡西、绥化、伊春、大庆、黑河、大兴安岭、长春、白山、松原、通化、辽源、白城、四平、吉林、延边朝鲜族、丹东、锦州、盘锦、铁岭、葫芦岛、辽阳、朝阳、本溪、抚顺、营口、阜新、沈阳、大连、鞍山、焦作、鹤壁、济源、新乡、许昌、漯河、三门峡、周口、商丘、平顶山、驻马店、南阳、洛阳、开封、信阳、安阳、郑州、濮阳、襄阳、黄石、孝感、仙桃、潜江、天门、宜昌、武汉、荆门、神农架、随州、十堰、荆州、咸宁、黄冈、恩施、鄂州、湘潭、衡阳、株洲、郴州、怀化、常德、娄底、岳阳、张家界、邵阳、益阳、长沙、永州、湘西、\",\"trans_add_fee\":4.0,\"trans_fee\":16.0,\"trans_add_weight\":1,\"trans_weight\":1}]','','[{\"city_id\":\"-1\",\"city_name\":\"全国\",\"trans_add_fee\":2.0,\"trans_fee\":10.0,\"trans_add_weight\":1,\"trans_weight\":1}, {\"city_id\":\"74,56,55,54,53,52,51,50,49,48,47,46,45,44,43,42,41,40,39,38,37,36,35,34,33,32,31,30,29,28,27,26,25,24,23,22,21,20,19,18,17,16,\",\"city_name\":\"北京、阜阳、六安、宿州、安庆、池州、亳州、宣城、合肥、黄山、淮南、马鞍山、铜陵、淮北、蚌埠、芜湖、滁州、台州、丽水、嘉兴、湖州、温州、宁波、金华、绍兴、杭州、衢州、舟山、扬州、苏州、常州、泰州、镇江、南通、宿迁、连云港、无锡、徐州、盐城、淮安、南京、上海、\",\"trans_add_fee\":2.0,\"trans_fee\":10.0,\"trans_add_weight\":1,\"trans_weight\":1}, {\"city_id\":\"265,264,263,262,261,260,259,258,257,256,255,254,253,252,104,103,102,101,100,99,98,97,96,95,94,93,92,91,90,89,88,86,85,84,83,82,81,80,79,78,77,76,75,\",\"city_name\":\"丹东、锦州、盘锦、铁岭、葫芦岛、辽阳、朝阳、本溪、抚顺、营口、阜新、沈阳、大连、鞍山、日照、德州、聊城、滨州、菏泽、莱芜、济南、威海、泰安、东营、烟台、济宁、枣庄、青岛、潍坊、淄博、临沂、朔州、晋城、长治、阳泉、吕梁、晋中、运城、忻州、太原、大同、临汾、天津、\",\"trans_add_fee\":3.0,\"trans_fee\":12.0,\"trans_add_weight\":1,\"trans_weight\":1}]','顺丰按重量物流',32769,0,1);

UNLOCK TABLES;

/*Table structure for table `shopping_user` */

DROP TABLE IF EXISTS `shopping_user`;

CREATE TABLE `shopping_user` (
  `id` bigint(20) NOT NULL AUTO_INCREMENT,
  `addTime` datetime DEFAULT NULL,
  `deleteStatus` bit(1) NOT NULL,
  `MSN` varchar(255) DEFAULT NULL,
  `QQ` varchar(255) DEFAULT NULL,
  `WW` varchar(255) DEFAULT NULL,
  `address` varchar(255) DEFAULT NULL,
  `availableBalance` decimal(12,2) DEFAULT NULL,
  `birthday` datetime DEFAULT NULL,
  `email` varchar(255) DEFAULT NULL,
  `freezeBlance` decimal(12,2) DEFAULT NULL,
  `gold` int(11) NOT NULL,
  `integral` int(11) NOT NULL,
  `lastLoginDate` datetime DEFAULT NULL,
  `lastLoginIp` varchar(255) DEFAULT NULL,
  `loginCount` int(11) NOT NULL,
  `loginDate` datetime DEFAULT NULL,
  `loginIp` varchar(255) DEFAULT NULL,
  `mobile` varchar(255) DEFAULT NULL,
  `password` varchar(255) DEFAULT NULL,
  `report` int(11) NOT NULL,
  `sex` int(11) NOT NULL,
  `status` int(11) NOT NULL,
  `telephone` varchar(255) DEFAULT NULL,
  `trueName` varchar(255) DEFAULT NULL,
  `userName` varchar(255) DEFAULT NULL,
  `userRole` varchar(255) DEFAULT NULL,
  `user_credit` int(11) NOT NULL,
  `photo_id` bigint(20) DEFAULT NULL,
  `store_id` bigint(20) DEFAULT NULL,
  `qq_openid` varchar(255) DEFAULT NULL,
  `sina_openid` varchar(255) DEFAULT NULL,
  `store_quick_menu` longtext,
  `parent_id` bigint(20) DEFAULT NULL,
  `years` int(11) DEFAULT '0',
  `area_id` bigint(20) DEFAULT NULL,
  PRIMARY KEY (`id`),
  KEY `FK9DC05442FA5E3FC2` (`area_id`),
  KEY `FK9DC05442A24C51C3` (`parent_id`),
  KEY `FK9DC054421C0CA9F2` (`store_id`),
  KEY `FK9DC054422D77C132` (`photo_id`),
  CONSTRAINT `FK9DC054421C0CA9F2` FOREIGN KEY (`store_id`) REFERENCES `shopping_store` (`id`),
  CONSTRAINT `FK9DC054422D77C132` FOREIGN KEY (`photo_id`) REFERENCES `shopping_accessory` (`id`),
  CONSTRAINT `FK9DC05442A24C51C3` FOREIGN KEY (`parent_id`) REFERENCES `shopping_user` (`id`),
  CONSTRAINT `FK9DC05442FA5E3FC2` FOREIGN KEY (`area_id`) REFERENCES `shopping_area` (`id`)
) ENGINE=InnoDB AUTO_INCREMENT=32793 DEFAULT CHARSET=utf8;

/*Data for the table `shopping_user` */

LOCK TABLES `shopping_user` WRITE;

insert  into `shopping_user`(`id`,`addTime`,`deleteStatus`,`MSN`,`QQ`,`WW`,`address`,`availableBalance`,`birthday`,`email`,`freezeBlance`,`gold`,`integral`,`lastLoginDate`,`lastLoginIp`,`loginCount`,`loginDate`,`loginIp`,`mobile`,`password`,`report`,`sex`,`status`,`telephone`,`trueName`,`userName`,`userRole`,`user_credit`,`photo_id`,`store_id`,`qq_openid`,`sina_openid`,`store_quick_menu`,`parent_id`,`years`,`area_id`) values (1,NULL,'\0','','','',NULL,'9620.00',NULL,NULL,'-30400.00',10000,0,'2016-04-12 10:12:10','127.0.0.1',872,'2019-11-18 00:10:00','0:0:0:0:0:0:0:1',NULL,'e10adc3949ba59abbe56e057f20f883e',0,1,0,NULL,'','admin','ADMIN',0,NULL,32768,'','1651674012','[{\"menu_url\":\"http://localhost/seller/add_goods_first.htm\",\"menu_name\":\"????\"}, {\"menu_url\":\"http://localhost/seller/order.htm\",\"menu_name\":\"????\"}]',NULL,0,4522489),(32768,'2013-12-24 12:52:13','\0',NULL,NULL,NULL,NULL,'30780.00',NULL,'admin@shopping.com',NULL,2580,0,'2016-05-16 14:43:40','127.0.0.1',498,'2016-05-16 14:47:57','127.0.0.1',NULL,'e10adc3949ba59abbe56e057f20f883e',0,0,0,NULL,NULL,'shopping','BUYER_SELLER',0,NULL,1,'9A6383AD4B58E8B1ACF65DC68E0B3B68',NULL,'[{\"menu_url\":\"http://demo.shopping.com/seller/store_set.htm\",\"menu_name\":\"????\"}, {\"menu_url\":\"http://demo.shopping.com/seller/refund.htm\",\"menu_name\":\"????\"}, {\"menu_url\":\"http://demo.shopping.com/seller/gold_record.htm\",\"menu_name\":\"????\"}, {\"menu_url\":\"http://demo.shopping.com/seller/advert_list.htm\",\"menu_name\":\"????\"}]',NULL,0,NULL),(32769,'2014-09-25 11:20:35','\0',NULL,NULL,NULL,NULL,NULL,NULL,'hdtx@shopping.com',NULL,0,0,'2016-04-07 19:27:12','127.0.0.1',20,'2016-06-02 15:59:16','127.0.0.1',NULL,'e10adc3949ba59abbe56e057f20f883e',0,0,0,NULL,NULL,'hdtx','BUYER_SELLER',0,NULL,32769,NULL,NULL,'[{\"menu_url\":\"http://localhost/seller/order.htm\",\"menu_name\":\"订单管理\"}, {\"menu_url\":\"http://localhost/seller/payment.htm\",\"menu_name\":\"支付方式\"}]',NULL,0,NULL),(32770,'2014-10-29 14:13:42','\0',NULL,NULL,NULL,NULL,NULL,NULL,'8888888@163.com',NULL,0,0,NULL,NULL,2,'2014-10-29 14:53:01','0:0:0:0:0:0:0:1',NULL,'e10adc3949ba59abbe56e057f20f883e',0,0,0,NULL,NULL,'erikchang','BUYER',0,NULL,NULL,NULL,NULL,NULL,NULL,0,NULL),(32771,'2014-12-02 13:51:41','\0',NULL,NULL,NULL,NULL,NULL,NULL,'123@qq.com',NULL,0,0,NULL,NULL,1,'2014-12-02 13:51:42','119.119.88.212',NULL,'4297f44b13955235245b2497399d7a93',0,0,0,NULL,NULL,'test3','BUYER',0,NULL,NULL,NULL,NULL,NULL,NULL,0,NULL),(32772,'2014-12-02 15:06:16','\0',NULL,NULL,NULL,NULL,NULL,NULL,'123456@qq.com',NULL,0,0,NULL,NULL,2,'2014-12-02 18:05:20','119.119.88.212',NULL,'e10adc3949ba59abbe56e057f20f883e',0,0,0,NULL,NULL,'123456','BUYER',0,NULL,NULL,NULL,NULL,NULL,NULL,0,NULL),(32773,'2014-12-05 09:41:05','\0',NULL,NULL,NULL,NULL,NULL,NULL,'test1234@163.com',NULL,0,0,'2014-12-05 10:07:11','0:0:0:0:0:0:0:1',2,'2014-12-05 10:07:11','0:0:0:0:0:0:0:1',NULL,'e10adc3949ba59abbe56e057f20f883e',0,0,0,NULL,NULL,'test1234','BUYER',0,NULL,NULL,NULL,NULL,NULL,NULL,0,NULL),(32774,'2014-12-05 10:07:59','\0',NULL,NULL,NULL,NULL,NULL,NULL,'admin111@shopping.com',NULL,0,0,'2014-12-05 10:07:59','0:0:0:0:0:0:0:1',1,'2014-12-05 10:07:59','0:0:0:0:0:0:0:1',NULL,'e10adc3949ba59abbe56e057f20f883e',0,0,0,NULL,NULL,'admin111','BUYER',0,NULL,NULL,NULL,NULL,NULL,NULL,0,NULL),(32775,'2014-12-05 10:48:21','\0',NULL,NULL,NULL,NULL,NULL,NULL,NULL,NULL,0,0,'2015-03-02 10:15:36','27.191.147.242',47,'2016-03-31 15:52:40','192.168.2.107',NULL,'e10adc3949ba59abbe56e057f20f883e',0,0,0,NULL,NULL,'shopping_admin','ADMIN',0,NULL,NULL,NULL,NULL,NULL,NULL,0,NULL),(32776,'2015-02-28 13:38:42','\0',NULL,NULL,NULL,NULL,NULL,NULL,'13581621114@139.com',NULL,0,0,NULL,NULL,1,'2015-02-28 13:38:43','61.148.243.110',NULL,'d2f358bf22dc09b9e754db4d2fe0ad7c',0,0,0,NULL,NULL,'huhui0025','BUYER',0,NULL,NULL,NULL,NULL,NULL,NULL,0,NULL),(32777,'2015-02-28 13:54:01','\0',NULL,NULL,NULL,NULL,NULL,NULL,'111111111@qq.com',NULL,0,0,'2016-03-16 23:23:33','0:0:0:0:0:0:0:1',34,'2016-03-18 13:14:15','0:0:0:0:0:0:0:1',NULL,'e10adc3949ba59abbe56e057f20f883e',0,0,0,NULL,NULL,'test','BUYER',0,NULL,NULL,NULL,NULL,NULL,NULL,0,NULL),(32778,'2015-02-28 15:56:33','\0',NULL,NULL,NULL,NULL,NULL,NULL,'222222@139.com',NULL,0,0,NULL,NULL,2,'2015-03-03 09:37:07','114.254.35.76',NULL,'5f54364302d802473715da3e60f2d206',0,0,0,NULL,NULL,'liying','BUYER_SELLER',0,426106,32771,NULL,NULL,NULL,NULL,0,NULL),(32779,'2015-02-28 16:35:51','\0',NULL,NULL,NULL,NULL,NULL,NULL,'testabc@qq.com',NULL,0,0,NULL,NULL,1,'2015-02-28 16:35:51','117.81.146.111',NULL,'96e79218965eb72c92a549dd5a330112',0,0,0,NULL,NULL,'testabc','BUYER',0,NULL,NULL,NULL,NULL,NULL,NULL,0,NULL),(32780,'2015-02-28 21:21:44','\0',NULL,NULL,NULL,NULL,NULL,NULL,'test@qq.com',NULL,0,0,NULL,NULL,1,'2015-02-28 21:21:44','223.73.85.5',NULL,'e10adc3949ba59abbe56e057f20f883e',0,0,0,NULL,NULL,'marco','BUYER',0,NULL,NULL,NULL,NULL,NULL,NULL,0,NULL),(32781,'2015-03-01 00:04:28','\0',NULL,NULL,NULL,NULL,NULL,NULL,'3333333@qq.com',NULL,0,0,'2015-03-02 19:16:16','125.69.192.219',6,'2015-03-02 19:16:16','125.69.192.219',NULL,'895f69f67e3d4cc615e0697b2988a435',0,0,0,NULL,NULL,'qq4464421','BUYER_SELLER',0,NULL,32772,NULL,NULL,NULL,NULL,0,NULL),(32782,'2015-03-01 15:51:36','\0',NULL,NULL,NULL,NULL,NULL,NULL,'444444@qq.com',NULL,0,0,NULL,NULL,1,'2015-03-01 15:51:37','61.133.7.135',NULL,'98c9df11d119e4d11d32af405f42c78e',0,0,0,NULL,NULL,'qq2608977731','BUYER_SELLER',0,NULL,32773,NULL,NULL,NULL,NULL,0,NULL),(32783,'2015-03-01 16:13:53','\0',NULL,NULL,NULL,NULL,NULL,NULL,'55555@qq.com',NULL,0,0,'2016-05-16 14:47:18','127.0.0.1',3,'2016-05-16 14:47:18','127.0.0.1',NULL,'e10adc3949ba59abbe56e057f20f883e',0,0,0,NULL,NULL,'zhangsan','BUYER',0,NULL,NULL,NULL,NULL,NULL,NULL,0,NULL),(32784,'2016-03-14 13:23:30','\0',NULL,NULL,NULL,NULL,NULL,NULL,NULL,NULL,0,0,NULL,NULL,1,'2016-03-14 13:23:30','0:0:0:0:0:0:0:1',NULL,'e10adc3949ba59abbe56e057f20f883e',0,0,0,NULL,NULL,'shop','BUYER',0,NULL,NULL,NULL,NULL,NULL,NULL,0,NULL),(32785,'2016-03-15 14:49:47','\0',NULL,NULL,NULL,NULL,NULL,NULL,NULL,NULL,0,0,'2016-04-04 13:14:00','127.0.0.1',2,'2016-04-04 13:14:00','127.0.0.1',NULL,'e10adc3949ba59abbe56e057f20f883e',0,0,0,NULL,NULL,'abcabc','BUYER',0,NULL,NULL,NULL,NULL,NULL,NULL,0,NULL),(32786,'2016-03-15 17:39:59','\0',NULL,NULL,NULL,NULL,NULL,NULL,'132@123.com',NULL,0,0,NULL,NULL,1,'2016-03-15 17:39:59','127.0.0.1',NULL,'e10adc3949ba59abbe56e057f20f883e',0,0,0,NULL,NULL,'haiyan','BUYER_SELLER',0,NULL,32774,NULL,NULL,NULL,NULL,0,NULL),(32787,'2016-04-01 17:59:47','\0',NULL,NULL,NULL,NULL,NULL,NULL,'123@testseller.com',NULL,0,0,NULL,NULL,1,'2016-04-01 17:59:47','127.0.0.1',NULL,'e10adc3949ba59abbe56e057f20f883e',0,0,0,NULL,NULL,'yuke','BUYER_SELLER',0,NULL,32775,NULL,NULL,NULL,NULL,0,NULL),(32788,'2016-04-05 11:51:50','\0',NULL,NULL,NULL,NULL,NULL,NULL,NULL,NULL,0,0,NULL,NULL,1,'2016-04-05 11:52:10','127.0.0.1',NULL,'e10adc3949ba59abbe56e057f20f883e',0,0,0,NULL,NULL,'newuser','BUYER',0,NULL,NULL,NULL,NULL,NULL,NULL,0,NULL),(32789,'2016-04-05 11:57:32','\0',NULL,NULL,NULL,NULL,NULL,NULL,NULL,NULL,0,0,NULL,NULL,1,'2016-04-05 11:58:00','127.0.0.1',NULL,'e10adc3949ba59abbe56e057f20f883e',0,0,0,NULL,NULL,'shopuser','BUYER',0,NULL,NULL,NULL,NULL,NULL,NULL,0,NULL),(32790,'2016-04-05 12:21:19','\0',NULL,NULL,NULL,NULL,NULL,NULL,NULL,NULL,0,0,NULL,NULL,0,NULL,NULL,NULL,'e10adc3949ba59abbe56e057f20f883e',0,0,0,NULL,NULL,'myuser','BUYER',0,NULL,NULL,NULL,NULL,NULL,NULL,0,NULL),(32791,'2016-04-05 12:21:57','\0',NULL,NULL,NULL,NULL,NULL,NULL,NULL,NULL,0,0,NULL,NULL,1,'2016-04-05 12:21:57','127.0.0.1',NULL,'e10adc3949ba59abbe56e057f20f883e',0,0,0,NULL,NULL,'myshop','BUYER',0,NULL,NULL,NULL,NULL,NULL,NULL,0,NULL),(32792,'2016-05-16 14:44:42','\0',NULL,'',NULL,NULL,NULL,NULL,NULL,NULL,0,0,NULL,NULL,0,NULL,NULL,'','e10adc3949ba59abbe56e057f20f883e',0,1,0,'','张三','zhansan','BUYER_SELLER',0,NULL,NULL,NULL,NULL,NULL,32768,0,NULL);

UNLOCK TABLES;

/*Table structure for table `shopping_user_attention` */

DROP TABLE IF EXISTS `shopping_user_attention`;

CREATE TABLE `shopping_user_attention` (
  `id` bigint(20) NOT NULL AUTO_INCREMENT,
  `addTime` datetime DEFAULT NULL,
  `deleteStatus` bit(1) NOT NULL,
  `fromUser_id` bigint(20) DEFAULT NULL,
  `toUser_id` bigint(20) DEFAULT NULL,
  PRIMARY KEY (`id`),
  UNIQUE KEY `id` (`id`),
  KEY `FK6D85856157C55027` (`toUser_id`),
  KEY `FK6D858561BE806418` (`fromUser_id`),
  CONSTRAINT `FK6D85856157C55027` FOREIGN KEY (`toUser_id`) REFERENCES `shopping_user` (`id`),
  CONSTRAINT `FK6D858561BE806418` FOREIGN KEY (`fromUser_id`) REFERENCES `shopping_user` (`id`)
) ENGINE=InnoDB AUTO_INCREMENT=4 DEFAULT CHARSET=utf8;

/*Data for the table `shopping_user_attention` */

LOCK TABLES `shopping_user_attention` WRITE;

insert  into `shopping_user_attention`(`id`,`addTime`,`deleteStatus`,`fromUser_id`,`toUser_id`) values (2,'2014-09-09 17:48:23','\0',1,32768),(3,'2014-09-23 19:45:56','\0',32768,1);

UNLOCK TABLES;

/*Table structure for table `shopping_user_friend` */

DROP TABLE IF EXISTS `shopping_user_friend`;

CREATE TABLE `shopping_user_friend` (
  `id` bigint(20) NOT NULL AUTO_INCREMENT,
  `addTime` datetime DEFAULT NULL,
  `deleteStatus` bit(1) NOT NULL,
  `fromUser_id` bigint(20) DEFAULT NULL,
  `toUser_id` bigint(20) DEFAULT NULL,
  PRIMARY KEY (`id`),
  UNIQUE KEY `id` (`id`),
  KEY `FK880111E18D202D76` (`toUser_id`),
  KEY `FK880111E1F3DB4167` (`fromUser_id`),
  KEY `FK6AFCC53B57C55027` (`toUser_id`),
  KEY `FK6AFCC53BBE806418` (`fromUser_id`),
  CONSTRAINT `FK6AFCC53B57C55027` FOREIGN KEY (`toUser_id`) REFERENCES `shopping_user` (`id`),
  CONSTRAINT `FK6AFCC53BBE806418` FOREIGN KEY (`fromUser_id`) REFERENCES `shopping_user` (`id`),
  CONSTRAINT `FK880111E18D202D76` FOREIGN KEY (`toUser_id`) REFERENCES `shopping_user` (`id`),
  CONSTRAINT `FK880111E1F3DB4167` FOREIGN KEY (`fromUser_id`) REFERENCES `shopping_user` (`id`)
) ENGINE=InnoDB AUTO_INCREMENT=2 DEFAULT CHARSET=utf8;

/*Data for the table `shopping_user_friend` */

LOCK TABLES `shopping_user_friend` WRITE;

insert  into `shopping_user_friend`(`id`,`addTime`,`deleteStatus`,`fromUser_id`,`toUser_id`) values (1,'2014-09-03 16:33:50','\0',1,32768);

UNLOCK TABLES;

/*Table structure for table `shopping_user_role` */

DROP TABLE IF EXISTS `shopping_user_role`;

CREATE TABLE `shopping_user_role` (
  `user_id` bigint(20) NOT NULL,
  `role_id` bigint(20) NOT NULL,
  PRIMARY KEY (`user_id`,`role_id`),
  KEY `FKC7643E5378F5CB22` (`role_id`),
  KEY `FKC7643E531E208F02` (`user_id`),
  CONSTRAINT `FKC7643E531E208F02` FOREIGN KEY (`user_id`) REFERENCES `shopping_user` (`id`),
  CONSTRAINT `FKC7643E5378F5CB22` FOREIGN KEY (`role_id`) REFERENCES `shopping_role` (`id`)
) ENGINE=InnoDB DEFAULT CHARSET=utf8;

/*Data for the table `shopping_user_role` */

LOCK TABLES `shopping_user_role` WRITE;

insert  into `shopping_user_role`(`user_id`,`role_id`) values (1,1),(1,2),(1,3),(1,4),(1,5),(1,6),(1,7),(1,8),(1,9),(1,10),(1,11),(1,12),(1,13),(1,14),(1,15),(1,16),(1,17),(1,18),(1,19),(1,20),(1,21),(1,22),(1,23),(1,24),(1,25),(1,26),(1,27),(1,28),(1,29),(1,30),(1,31),(1,32),(1,33),(1,34),(1,35),(1,36),(1,37),(1,38),(1,39),(1,40),(1,41),(1,42),(1,43),(1,44),(1,45),(1,46),(1,47),(1,48),(1,49),(1,50),(1,51),(1,52),(1,53),(1,54),(1,55),(1,56),(1,57),(1,58),(1,59),(1,60),(1,61),(1,62),(1,63),(1,64),(1,65),(1,66),(1,67),(32768,68),(32769,68),(32778,68),(32781,68),(32782,68),(32786,68),(32787,68),(32792,68),(32768,69),(32769,69),(32778,69),(32781,69),(32782,69),(32786,69),(32787,69),(32792,69),(32768,70),(32769,70),(32778,70),(32781,70),(32782,70),(32786,70),(32787,70),(32792,70),(32768,71),(32769,71),(32778,71),(32781,71),(32782,71),(32786,71),(32787,71),(32792,71),(32768,72),(32769,72),(32778,72),(32781,72),(32782,72),(32786,72),(32787,72),(32792,72),(32768,73),(32769,73),(32778,73),(32781,73),(32782,73),(32786,73),(32787,73),(32792,73),(32768,74),(32769,74),(32778,74),(32781,74),(32782,74),(32786,74),(32787,74),(32792,74),(32768,75),(32769,75),(32778,75),(32781,75),(32782,75),(32786,75),(32787,75),(32792,75),(32768,76),(32769,76),(32778,76),(32781,76),(32782,76),(32786,76),(32787,76),(32792,76),(32768,77),(32769,77),(32778,77),(32781,77),(32782,77),(32786,77),(32787,77),(32792,77),(32768,78),(32769,78),(32778,78),(32781,78),(32782,78),(32786,78),(32787,78),(32768,79),(32769,79),(32778,79),(32781,79),(32782,79),(32786,79),(32787,79),(32768,80),(32769,80),(32778,80),(32781,80),(32782,80),(32786,80),(32787,80),(32768,81),(32769,81),(32778,81),(32781,81),(32782,81),(32786,81),(32787,81),(1,82),(32768,82),(32769,82),(32770,82),(32771,82),(32772,82),(32773,82),(32774,82),(32776,82),(32777,82),(32778,82),(32779,82),(32780,82),(32781,82),(32782,82),(32783,82),(32784,82),(32785,82),(32786,82),(32787,82),(32788,82),(32789,82),(32790,82),(32791,82),(32792,82),(32768,83),(32769,83),(32778,83),(32781,83),(32782,83),(32786,83),(32787,83),(32768,84),(32769,84),(32778,84),(32781,84),(32782,84),(32786,84),(32787,84),(32768,85),(32769,85),(32778,85),(32781,85),(32782,85),(32786,85),(32787,85),(32768,86),(32769,86),(32778,86),(32781,86),(32782,86),(32786,86),(32787,86),(32768,87),(32769,87),(32778,87),(32781,87),(32782,87),(32786,87),(32787,87),(32768,88),(32769,88),(32778,88),(32781,88),(32782,88),(32786,88),(32787,88),(32792,88),(32768,89),(32769,89),(32778,89),(32781,89),(32782,89),(32786,89),(32787,89),(32792,89),(32768,90),(32769,90),(32778,90),(32781,90),(32782,90),(32786,90),(32787,90),(32792,90),(32768,91),(32769,91),(32778,91),(32781,91),(32782,91),(32786,91),(32787,91),(32792,91),(32768,92),(32769,92),(32778,92),(32781,92),(32782,92),(32786,92),(32787,92),(32768,93),(32769,93),(32778,93),(32781,93),(32782,93),(32786,93),(32787,93),(32768,94),(32769,94),(32778,94),(32781,94),(32782,94),(32786,94),(32787,94),(32768,95),(32769,95),(32778,95),(32781,95),(32782,95),(32786,95),(32787,95),(32768,96),(32769,96),(32778,96),(32781,96),(32782,96),(32786,96),(32787,96),(32768,97),(32769,97),(32778,97),(32781,97),(32782,97),(32786,97),(32787,97),(32768,98),(32769,98),(32778,98),(32781,98),(32782,98),(32786,98),(32787,98),(32768,99),(32769,99),(32778,99),(32781,99),(32782,99),(32786,99),(32787,99),(1,100),(32768,100),(32769,100),(32770,100),(32771,100),(32772,100),(32773,100),(32774,100),(32776,100),(32777,100),(32778,100),(32779,100),(32780,100),(32781,100),(32782,100),(32783,100),(32784,100),(32785,100),(32786,100),(32787,100),(32788,100),(32789,100),(32790,100),(32791,100),(32792,100),(32768,101),(32769,101),(32778,101),(32781,101),(32782,101),(32786,101),(32787,101),(32768,102),(32769,102),(32778,102),(32781,102),(32782,102),(32786,102),(32787,102),(32792,102),(32768,103),(32769,103),(32778,103),(32781,103),(32782,103),(32786,103),(32787,103),(32768,104),(32769,104),(32778,104),(32781,104),(32782,104),(32786,104),(32787,104),(1,105),(32768,105),(32769,105),(32770,105),(32771,105),(32772,105),(32773,105),(32774,105),(32776,105),(32777,105),(32778,105),(32779,105),(32780,105),(32781,105),(32782,105),(32783,105),(32784,105),(32785,105),(32786,105),(32787,105),(32788,105),(32789,105),(32790,105),(32791,105),(32792,105),(1,106),(32768,106),(32769,106),(32770,106),(32771,106),(32772,106),(32773,106),(32774,106),(32776,106),(32777,106),(32778,106),(32779,106),(32780,106),(32781,106),(32782,106),(32783,106),(32784,106),(32785,106),(32786,106),(32787,106),(32788,106),(32789,106),(32790,106),(32791,106),(32792,106),(1,107),(32768,107),(32769,107),(32770,107),(32771,107),(32772,107),(32773,107),(32774,107),(32776,107),(32777,107),(32778,107),(32779,107),(32780,107),(32781,107),(32782,107),(32783,107),(32784,107),(32785,107),(32786,107),(32787,107),(32788,107),(32789,107),(32790,107),(32791,107),(32792,107),(1,108),(32768,108),(32769,108),(32770,108),(32771,108),(32772,108),(32773,108),(32774,108),(32776,108),(32777,108),(32778,108),(32779,108),(32780,108),(32781,108),(32782,108),(32783,108),(32784,108),(32785,108),(32786,108),(32787,108),(32788,108),(32789,108),(32790,108),(32791,108),(32792,108),(1,109),(32768,109),(32769,109),(32770,109),(32771,109),(32772,109),(32773,109),(32774,109),(32776,109),(32777,109),(32778,109),(32779,109),(32780,109),(32781,109),(32782,109),(32783,109),(32784,109),(32785,109),(32786,109),(32787,109),(32788,109),(32789,109),(32790,109),(32791,109),(32792,109);

UNLOCK TABLES;

/*Table structure for table `shopping_userconfig` */

DROP TABLE IF EXISTS `shopping_userconfig`;

CREATE TABLE `shopping_userconfig` (
  `id` bigint(20) NOT NULL AUTO_INCREMENT,
  `addTime` datetime DEFAULT NULL,
  `deleteStatus` bit(1) NOT NULL,
  `user_id` bigint(20) DEFAULT NULL,
  PRIMARY KEY (`id`),
  UNIQUE KEY `id` (`id`),
  KEY `FKA058A49E537B6C51` (`user_id`),
  KEY `FK2BCC1E041E208F02` (`user_id`),
  CONSTRAINT `FK2BCC1E041E208F02` FOREIGN KEY (`user_id`) REFERENCES `shopping_user` (`id`),
  CONSTRAINT `FKA058A49E537B6C51` FOREIGN KEY (`user_id`) REFERENCES `shopping_user` (`id`)
) ENGINE=InnoDB DEFAULT CHARSET=utf8;

/*Data for the table `shopping_userconfig` */

LOCK TABLES `shopping_userconfig` WRITE;

UNLOCK TABLES;

/*Table structure for table `shopping_usergoodsclass` */

DROP TABLE IF EXISTS `shopping_usergoodsclass`;

CREATE TABLE `shopping_usergoodsclass` (
  `id` bigint(20) NOT NULL AUTO_INCREMENT,
  `addTime` datetime DEFAULT NULL,
  `deleteStatus` bit(1) NOT NULL,
  `className` varchar(255) DEFAULT NULL,
  `display` bit(1) NOT NULL,
  `level` int(11) NOT NULL,
  `sequence` int(11) NOT NULL,
  `parent_id` bigint(20) DEFAULT NULL,
  `user_id` bigint(20) DEFAULT NULL,
  PRIMARY KEY (`id`),
  KEY `FKA45E4B3E537B6C51` (`user_id`),
  KEY `FKA45E4B3E153E874` (`parent_id`),
  KEY `FKED0AA1A41E208F02` (`user_id`),
  KEY `FKED0AA1A4D39621E5` (`parent_id`),
  CONSTRAINT `FKA45E4B3E153E874` FOREIGN KEY (`parent_id`) REFERENCES `shopping_usergoodsclass` (`id`),
  CONSTRAINT `FKA45E4B3E537B6C51` FOREIGN KEY (`user_id`) REFERENCES `shopping_user` (`id`),
  CONSTRAINT `FKED0AA1A41E208F02` FOREIGN KEY (`user_id`) REFERENCES `shopping_user` (`id`),
  CONSTRAINT `FKED0AA1A4D39621E5` FOREIGN KEY (`parent_id`) REFERENCES `shopping_usergoodsclass` (`id`)
) ENGINE=InnoDB AUTO_INCREMENT=32777 DEFAULT CHARSET=utf8;

/*Data for the table `shopping_usergoodsclass` */

LOCK TABLES `shopping_usergoodsclass` WRITE;

insert  into `shopping_usergoodsclass`(`id`,`addTime`,`deleteStatus`,`className`,`display`,`level`,`sequence`,`parent_id`,`user_id`) values (1,'2013-12-24 12:58:33','\0','男女服装','',0,0,NULL,32768),(2,'2013-12-24 13:00:17','\0','男装','',0,1,1,32768),(3,'2013-12-24 13:00:28','\0','女装','',0,1,1,32768),(4,'2013-12-24 13:00:53','\0','内衣','',0,2,1,32768),(5,'2013-12-24 13:00:59','\0','童装','',0,0,1,32768),(6,'2013-12-24 13:01:48','\0','鞋包配饰','',0,1,NULL,32768),(7,'2013-12-24 13:02:13','\0','男鞋','',0,0,6,32768),(8,'2013-12-24 13:02:18','\0','女鞋','',0,0,6,32768),(9,'2013-12-24 13:02:49','\0','数码家电','',0,2,NULL,32768),(10,'2013-12-24 13:03:00','\0','笔记本','',0,0,9,32768),(11,'2013-12-24 13:03:12','\0','手机','',0,0,9,32768),(12,'2013-12-24 13:05:30','\0','个人护理','',0,0,9,32768),(13,'2013-12-24 13:05:49','\0','户外运动','',0,3,NULL,32768),(14,'2013-12-24 13:05:59','\0','户外服饰','',0,0,13,32768),(15,'2013-12-24 13:06:09','\0','户外装备','',0,0,13,32768),(16,'2013-12-24 13:06:25','\0','体育健身','',0,0,13,32768),(32768,'2013-12-24 16:01:45','\0','饰品','',0,0,6,32768),(32769,'2013-12-24 16:15:29','\0','箱包','',0,0,6,32768),(32770,'2014-09-25 11:27:30','\0','手机充值卡','',0,0,NULL,32769),(32771,'2014-09-25 11:27:45','\0','移动充值卡','',0,0,32770,32769),(32772,'2014-09-25 11:27:58','\0','联通充值卡','',0,0,32770,32769),(32773,'2014-09-25 11:28:09','\0','电信充值卡','',0,0,32770,32769),(32774,'2014-09-25 11:28:25','\0','手机电源','',0,1,NULL,32769),(32775,'2014-09-25 11:28:55','\0','移动充电宝','',0,0,32774,32769),(32776,'2014-09-25 11:29:12','\0','手机锂电池','\0',0,0,32774,32769);

UNLOCK TABLES;

/*Table structure for table `shopping_visit` */

DROP TABLE IF EXISTS `shopping_visit`;

CREATE TABLE `shopping_visit` (
  `id` bigint(20) NOT NULL AUTO_INCREMENT,
  `addTime` datetime DEFAULT NULL,
  `deleteStatus` bit(1) NOT NULL,
  `visitTime` datetime DEFAULT NULL,
  `homepage_id` bigint(20) DEFAULT NULL,
  `user_id` bigint(20) DEFAULT NULL,
  PRIMARY KEY (`id`),
  UNIQUE KEY `id` (`id`),
  KEY `FK1891039451589842` (`homepage_id`),
  KEY `FK189103941E208F02` (`user_id`),
  CONSTRAINT `FK189103941E208F02` FOREIGN KEY (`user_id`) REFERENCES `shopping_user` (`id`),
  CONSTRAINT `FK1891039451589842` FOREIGN KEY (`homepage_id`) REFERENCES `shopping_homepage` (`id`)
) ENGINE=InnoDB AUTO_INCREMENT=9 DEFAULT CHARSET=utf8;

/*Data for the table `shopping_visit` */

LOCK TABLES `shopping_visit` WRITE;

insert  into `shopping_visit`(`id`,`addTime`,`deleteStatus`,`visitTime`,`homepage_id`,`user_id`) values (2,'2014-08-27 09:56:34','\0',NULL,4,1),(3,'2014-08-27 09:58:15','\0',NULL,5,1),(5,'2014-08-27 09:59:12','\0',NULL,6,1),(6,'2014-09-07 10:23:48','\0',NULL,7,32768),(7,'2014-10-28 18:02:38','\0',NULL,7,1),(8,'2014-10-29 14:54:16','\0',NULL,1,32768);

UNLOCK TABLES;

/*Table structure for table `shopping_vlog` */

DROP TABLE IF EXISTS `shopping_vlog`;

CREATE TABLE `shopping_vlog` (
  `id` bigint(20) NOT NULL AUTO_INCREMENT,
  `addTime` datetime DEFAULT NULL,
  `deleteStatus` bit(1) NOT NULL,
  `begin_time` datetime DEFAULT NULL,
  `end_time` datetime DEFAULT NULL,
  `gold` int(11) NOT NULL,
  `store_id` bigint(20) DEFAULT NULL,
  PRIMARY KEY (`id`),
  UNIQUE KEY `id` (`id`),
  KEY `FK7D74B19F920D7683` (`store_id`),
  CONSTRAINT `FK7D74B19F920D7683` FOREIGN KEY (`store_id`) REFERENCES `shopping_store` (`id`)
) ENGINE=InnoDB AUTO_INCREMENT=5 DEFAULT CHARSET=utf8;

/*Data for the table `shopping_vlog` */

LOCK TABLES `shopping_vlog` WRITE;

insert  into `shopping_vlog`(`id`,`addTime`,`deleteStatus`,`begin_time`,`end_time`,`gold`,`store_id`) values (1,'2014-11-12 15:51:53','\0','2014-11-12 15:51:53','2014-12-12 10:51:35',50,1),(2,'2014-11-12 16:19:45','\0','2014-11-12 16:19:45','2015-01-12 00:00:00',50,1),(3,'2015-02-28 19:28:15','\0','2015-02-28 19:28:15','2015-02-12 00:00:00',50,1),(4,'2015-03-01 12:36:02','\0','2015-03-01 12:36:02','2015-07-12 00:00:00',250,1);

UNLOCK TABLES;

/*Table structure for table `shopping_vmenu` */

DROP TABLE IF EXISTS `shopping_vmenu`;

CREATE TABLE `shopping_vmenu` (
  `id` bigint(20) NOT NULL AUTO_INCREMENT,
  `addTime` datetime DEFAULT NULL,
  `deleteStatus` bit(1) NOT NULL,
  `menu_key` varchar(255) DEFAULT NULL,
  `menu_name` varchar(255) DEFAULT NULL,
  `menu_type` varchar(255) DEFAULT NULL,
  `menu_url` varchar(255) DEFAULT NULL,
  `parent_id` bigint(20) DEFAULT NULL,
  `store_id` bigint(20) DEFAULT NULL,
  `menu_sequence` int(11) DEFAULT '0',
  `menu_key_content` longtext,
  `menu_cat` varchar(255) DEFAULT 'user',
  PRIMARY KEY (`id`),
  UNIQUE KEY `id` (`id`),
  KEY `FK3121D264AA91F874` (`parent_id`),
  KEY `FK3121D264920D7683` (`store_id`),
  CONSTRAINT `FK3121D264920D7683` FOREIGN KEY (`store_id`) REFERENCES `shopping_store` (`id`),
  CONSTRAINT `FK3121D264AA91F874` FOREIGN KEY (`parent_id`) REFERENCES `shopping_vmenu` (`id`)
) ENGINE=InnoDB AUTO_INCREMENT=15 DEFAULT CHARSET=utf8;

/*Data for the table `shopping_vmenu` */

LOCK TABLES `shopping_vmenu` WRITE;

insert  into `shopping_vmenu`(`id`,`addTime`,`deleteStatus`,`menu_key`,`menu_name`,`menu_type`,`menu_url`,`parent_id`,`store_id`,`menu_sequence`,`menu_key_content`,`menu_cat`) values (2,NULL,'\0','','推荐精品','view','#',NULL,1,1,NULL,'user'),(7,NULL,'\0','','双十一推荐','view','#',2,1,0,NULL,'user'),(8,NULL,'\0','','羽绒系列','view','#',2,1,0,NULL,'user'),(10,NULL,'\0','','商城首页','view','http://demo.shopping.com/weixin/index.htm?store_id=1',NULL,1,0,'','user'),(11,NULL,'\0','','商城首页','view','http://localhost/weixin/platform/index.htm',NULL,NULL,0,'','admin'),(12,NULL,'\0','','推荐新品','view','http://localhost/weixin/platform/index.htm',NULL,NULL,1,'','admin'),(13,NULL,'\0','','热卖商品','view','http://localhost/weixin/platform/index.htm',NULL,NULL,3,'','admin'),(14,NULL,'\0','ABOUT','关于我们','click','',NULL,1,3,'欢迎来到shopping微信商城，shopping多用户商城系统是shopping公司旗下的一款Java 多商户商城系统，内置多用户微信商城',NULL);

UNLOCK TABLES;

/*Table structure for table `shopping_vmessage` */

DROP TABLE IF EXISTS `shopping_vmessage`;

CREATE TABLE `shopping_vmessage` (
  `id` bigint(20) NOT NULL AUTO_INCREMENT,
  `addTime` datetime DEFAULT NULL,
  `deleteStatus` bit(1) NOT NULL,
  `content` longtext,
  `store_id` bigint(20) DEFAULT NULL,
  `FromUserName` varchar(255) DEFAULT NULL,
  `MsgType` varchar(255) DEFAULT NULL,
  `json_map` varchar(255) DEFAULT NULL,
  `reply` longtext,
  `status` int(11) DEFAULT '0',
  PRIMARY KEY (`id`),
  UNIQUE KEY `id` (`id`),
  KEY `FK8F2968E2920D7683` (`store_id`),
  CONSTRAINT `FK8F2968E2920D7683` FOREIGN KEY (`store_id`) REFERENCES `shopping_store` (`id`)
) ENGINE=InnoDB AUTO_INCREMENT=6 DEFAULT CHARSET=utf8;

/*Data for the table `shopping_vmessage` */

LOCK TABLES `shopping_vmessage` WRITE;

insert  into `shopping_vmessage`(`id`,`addTime`,`deleteStatus`,`content`,`store_id`,`FromUserName`,`MsgType`,`json_map`,`reply`,`status`) values (1,'2015-02-28 15:28:32','\0','商城',1,'oUpcuuAujM9urqOwXtq-bfllu8TM',NULL,'{\"MsgId\":\"5985348363844656969\",\"FromUserName\":\"oUpcuuAujM9urqOwXtq-bfllu8TM\",\"EventKey\":\"\",\"Event\":\"\",\"CreateTime\":\"1393572512\",\"Content\":\"商城\",\"ToUserName\":\"gh_bdc2187cfd3d\",\"MsgType\":\"text\"}',NULL,0),(2,'2015-03-01 12:35:38','\0','',1,NULL,NULL,'{}',NULL,0),(3,'2015-03-01 18:34:37','\0','0',1,'oUpcuuHHm9bd4IXXPypzCKcAVKOg',NULL,'{\"MsgId\":\"5985767398033927371\",\"FromUserName\":\"oUpcuuHHm9bd4IXXPypzCKcAVKOg\",\"EventKey\":\"\",\"Event\":\"\",\"CreateTime\":\"1393670076\",\"Content\":\"0\",\"ToUserName\":\"gh_bdc2187cfd3d\",\"MsgType\":\"text\"}',NULL,0),(4,'2015-03-01 18:34:51','\0','1',1,'oUpcuuHHm9bd4IXXPypzCKcAVKOg',NULL,'{\"MsgId\":\"5985767458163469517\",\"FromUserName\":\"oUpcuuHHm9bd4IXXPypzCKcAVKOg\",\"EventKey\":\"\",\"Event\":\"\",\"CreateTime\":\"1393670090\",\"Content\":\"1\",\"ToUserName\":\"gh_bdc2187cfd3d\",\"MsgType\":\"text\"}',NULL,0),(5,'2015-03-02 21:36:13','\0','',1,NULL,NULL,'{}',NULL,0);

UNLOCK TABLES;

/*Table structure for table `shopping_watermark` */

DROP TABLE IF EXISTS `shopping_watermark`;

CREATE TABLE `shopping_watermark` (
  `id` bigint(20) NOT NULL AUTO_INCREMENT,
  `addTime` datetime DEFAULT NULL,
  `deleteStatus` bit(1) NOT NULL,
  `wm_image_alpha` float NOT NULL,
  `wm_image_open` bit(1) NOT NULL,
  `wm_image_pos` int(11) NOT NULL,
  `wm_text` varchar(255) DEFAULT NULL,
  `wm_text_color` varchar(255) DEFAULT NULL,
  `wm_text_font` varchar(255) DEFAULT NULL,
  `wm_text_font_size` int(11) NOT NULL,
  `wm_text_open` bit(1) NOT NULL,
  `wm_text_pos` int(11) NOT NULL,
  `store_id` bigint(20) DEFAULT NULL,
  `wm_image_id` bigint(20) DEFAULT NULL,
  PRIMARY KEY (`id`),
  KEY `FKA66FB24D85288CB2` (`wm_image_id`),
  KEY `FKA66FB24D1C0CA9F2` (`store_id`),
  CONSTRAINT `FKA66FB24D1C0CA9F2` FOREIGN KEY (`store_id`) REFERENCES `shopping_store` (`id`),
  CONSTRAINT `FKA66FB24D85288CB2` FOREIGN KEY (`wm_image_id`) REFERENCES `shopping_accessory` (`id`)
) ENGINE=InnoDB DEFAULT CHARSET=utf8;

/*Data for the table `shopping_watermark` */

LOCK TABLES `shopping_watermark` WRITE;

UNLOCK TABLES;

/*Table structure for table `shopping_ztc_gold_log` */

DROP TABLE IF EXISTS `shopping_ztc_gold_log`;

CREATE TABLE `shopping_ztc_gold_log` (
  `id` bigint(20) NOT NULL AUTO_INCREMENT,
  `addTime` datetime DEFAULT NULL,
  `deleteStatus` bit(1) NOT NULL,
  `zgl_content` varchar(255) DEFAULT NULL,
  `zgl_gold` int(11) NOT NULL,
  `zgl_type` int(11) NOT NULL,
  `zgl_goods_id` bigint(20) DEFAULT NULL,
  PRIMARY KEY (`id`),
  KEY `FK5A722B8C50A38BC3` (`zgl_goods_id`),
  KEY `FKD6ECE372DAA2BF32` (`zgl_goods_id`),
  CONSTRAINT `FK5A722B8C50A38BC3` FOREIGN KEY (`zgl_goods_id`) REFERENCES `shopping_goods` (`id`),
  CONSTRAINT `FKD6ECE372DAA2BF32` FOREIGN KEY (`zgl_goods_id`) REFERENCES `shopping_goods` (`id`)
) ENGINE=InnoDB AUTO_INCREMENT=23 DEFAULT CHARSET=utf8;

/*Data for the table `shopping_ztc_gold_log` */

LOCK TABLES `shopping_ztc_gold_log` WRITE;

insert  into `shopping_ztc_gold_log`(`id`,`addTime`,`deleteStatus`,`zgl_content`,`zgl_gold`,`zgl_type`,`zgl_goods_id`) values (1,'2014-10-28 12:18:38','\0','开通直通车，消耗金币',3000,1,98442),(2,'2014-10-28 12:18:43','\0','开通直通车，消耗金币',3000,1,98450),(3,'2014-10-29 12:38:50','\0','直通车消耗金币',300,1,98442),(4,'2014-10-29 12:38:51','\0','直通车消耗金币',300,1,98450),(5,'2015-03-01 00:00:01','\0','直通车消耗金币',300,1,98442),(6,'2015-03-01 00:00:01','\0','直通车消耗金币',300,1,98450),(7,'2015-03-02 00:00:01','\0','直通车消耗金币',300,1,98442),(8,'2015-03-02 00:00:01','\0','直通车消耗金币',300,1,98450),(9,'2015-03-03 00:00:01','\0','直通车消耗金币',300,1,98442),(10,'2015-03-03 00:00:01','\0','直通车消耗金币',300,1,98450),(11,'2016-03-09 00:00:01','\0','直通车消耗金币',300,1,98442),(12,'2016-03-09 00:00:01','\0','直通车消耗金币',300,1,98442),(13,'2016-03-09 00:00:01','\0','直通车消耗金币',300,1,98450),(14,'2016-03-09 00:00:01','\0','直通车消耗金币',300,1,98450),(15,'2016-03-11 00:00:01','\0','直通车消耗金币',300,1,98442),(16,'2016-03-11 00:00:01','\0','直通车消耗金币',300,1,98450),(17,'2016-04-02 00:00:01','\0','直通车消耗金币',300,1,98442),(18,'2016-04-02 00:00:01','\0','直通车消耗金币',300,1,98450),(19,'2016-04-05 00:00:01','\0','直通车消耗金币',300,1,98442),(20,'2016-04-05 00:00:01','\0','直通车消耗金币',300,1,98450),(21,'2016-05-16 00:00:01','\0','直通车消耗金币',300,1,98442),(22,'2016-05-16 00:00:01','\0','直通车消耗金币',300,1,98450);

UNLOCK TABLES;

/*!40101 SET SQL_MODE=@OLD_SQL_MODE */;
/*!40014 SET FOREIGN_KEY_CHECKS=@OLD_FOREIGN_KEY_CHECKS */;
/*!40014 SET UNIQUE_CHECKS=@OLD_UNIQUE_CHECKS */;
/*!40111 SET SQL_NOTES=@OLD_SQL_NOTES */;
